sample_id,channel,bucket,review_reason,event_count,source_file,segment_start,segment_end,png_path,npz_path
loc_0001037,ns,empty,active_empty_model_error_source,0,/home/s_grudinin/code/university/vlf_analyzing/raw_vlf_data/raw_data/Broadband_Data_2026.03.25_16.49.00.bin,34.000000,36.000000,ns/empty/loc_0001037.png,samples/loc_0001037.npz
loc_0001027,ns,empty,active_empty_model_error_source,0,/home/s_grudinin/code/university/vlf_analyzing/raw_vlf_data/raw_data/Broadband_Data_2026.03.25_16.49.00.bin,14.000000,16.000000,ns/empty/loc_0001027.png,samples/loc_0001027.npz
loc_0001022,ns,empty,active_empty_model_error_source,0,/home/s_grudinin/code/university/vlf_analyzing/raw_vlf_data/raw_data/Broadband_Data_2026.03.25_16.49.00.bin,4.000000,6.000000,ns/empty/loc_0001022.png,samples/loc_0001022.npz
loc_0001021,ns,empty,active_empty_model_error_source,0,/home/s_grudinin/code/university/vlf_analyzing/raw_vlf_data/raw_data/Broadband_Data_2026.03.25_16.49.00.bin,2.000000,4.000000,ns/empty/loc_0001021.png,samples/loc_0001021.npz
loc_0001020,ns,empty,active_empty_model_error_source,0,/home/s_grudinin/code/university/vlf_analyzing/raw_vlf_data/raw_data/Broadband_Data_2026.03.25_16.49.00.bin,0.000000,2.000000,ns/empty/loc_0001020.png,samples/loc_0001020.npz
loc_0000381,ns,empty,active_empty_model_error_source,0,/home/s_grudinin/code/university/vlf_analyzing/raw_vlf_data/raw_data/Broadband_Data_2026.03.25_16.38.00.bin,42.000000,44.000000,ns/empty/loc_0000381.png,samples/loc_0000381.npz
loc_0000379,ns,empty,active_empty_model_error_source,0,/home/s_grudinin/code/university/vlf_analyzing/raw_vlf_data/raw_data/Broadband_Data_2026.03.25_16.38.00.bin,38.000000,40.000000,ns/empty/loc_0000379.png,samples/loc_0000379.npz
loc_0000378,ns,empty,active_empty_model_error_source,0,/home/s_grudinin/code/university/vlf_analyzing/raw_vlf_data/raw_data/Broadband_Data_2026.03.25_16.38.00.bin,36.000000,38.000000,ns/empty/loc_0000378.png,samples/loc_0000378.npz
loc_0000377,ns,empty,active_empty_model_error_source,0,/home/s_grudinin/code/university/vlf_analyzing/raw_vlf_data/raw_data/Broadband_Data_2026.03.25_16.38.00.bin,34.000000,36.000000,ns/empty/loc_0000377.png,samples/loc_0000377.npz
loc_0000369,ns,empty,active_empty_model_error_source,0,/home/s_grudinin/code/university/vlf_analyzing/raw_vlf_data/raw_data/Broadband_Data_2026.03.25_16.38.00.bin,18.000000,20.000000,ns/empty/loc_0000369.png,samples/loc_0000369.npz
loc_0000368,ns,empty,active_empty_model_error_source,0,/home/s_grudinin/code/university/vlf_analyzing/raw_vlf_data/raw_data/Broadband_Data_2026.03.25_16.38.00.bin,16.000000,18.000000,ns/empty/loc_0000368.png,samples/loc_0000368.npz
loc_0000367,ns,empty,active_empty_model_error_source,0,/home/s_grudinin/code/university/vlf_analyzing/raw_vlf_data/raw_data/Broadband_Data_2026.03.25_16.38.00.bin,14.000000,16.000000,ns/empty/loc_0000367.png,samples/loc_0000367.npz
loc_0003929,ns,empty,active_empty_model_error_source,0,/home/s_grudinin/code/university/vlf_analyzing/raw_vlf_data/raw_data/Broadband_Data_2026.03.25_17.37.00.bin,58.000000,60.000000,ns/empty/loc_0003929.png,samples/loc_0003929.npz
loc_0003926,ns,empty,active_empty_model_error_source,0,/home/s_grudinin/code/university/vlf_analyzing/raw_vlf_data/raw_data/Broadband_Data_2026.03.25_17.37.00.bin,52.000000,54.000000,ns/empty/loc_0003926.png,samples/loc_0003926.npz
loc_0003916,ns,empty,active_empty_model_error_source,0,/home/s_grudinin/code/university/vlf_analyzing/raw_vlf_data/raw_data/Broadband_Data_2026.03.25_17.37.00.bin,32.000000,34.000000,ns/empty/loc_0003916.png,samples/loc_0003916.npz
loc_0003901,ns,empty,active_empty_model_error_source,0,/home/s_grudinin/code/university/vlf_analyzing/raw_vlf_data/raw_data/Broadband_Data_2026.03.25_17.37.00.bin,2.000000,4.000000,ns/empty/loc_0003901.png,samples/loc_0003901.npz
loc_0003564,ns,empty,active_empty_model_error_source,0,/home/s_grudinin/code/university/vlf_analyzing/raw_vlf_data/raw_data/Broadband_Data_2026.03.25_17.31.00.bin,48.000000,50.000000,ns/empty/loc_0003564.png,samples/loc_0003564.npz
loc_0003562,ns,empty,active_empty_model_error_source,0,/home/s_grudinin/code/university/vlf_analyzing/raw_vlf_data/raw_data/Broadband_Data_2026.03.25_17.31.00.bin,44.000000,46.000000,ns/empty/loc_0003562.png,samples/loc_0003562.npz
loc_0003561,ns,empty,active_empty_model_error_source,0,/home/s_grudinin/code/university/vlf_analyzing/raw_vlf_data/raw_data/Broadband_Data_2026.03.25_17.31.00.bin,42.000000,44.000000,ns/empty/loc_0003561.png,samples/loc_0003561.npz
loc_0003560,ns,empty,active_empty_model_error_source,0,/home/s_grudinin/code/university/vlf_analyzing/raw_vlf_data/raw_data/Broadband_Data_2026.03.25_17.31.00.bin,40.000000,42.000000,ns/empty/loc_0003560.png,samples/loc_0003560.npz
loc_0003546,ns,empty,active_empty_model_error_source,0,/home/s_grudinin/code/university/vlf_analyzing/raw_vlf_data/raw_data/Broadband_Data_2026.03.25_17.31.00.bin,12.000000,14.000000,ns/empty/loc_0003546.png,samples/loc_0003546.npz
loc_0003543,ns,empty,active_empty_model_error_source,0,/home/s_grudinin/code/university/vlf_analyzing/raw_vlf_data/raw_data/Broadband_Data_2026.03.25_17.31.00.bin,6.000000,8.000000,ns/empty/loc_0003543.png,samples/loc_0003543.npz
loc_0003541,ns,empty,active_empty_model_error_source,0,/home/s_grudinin/code/university/vlf_analyzing/raw_vlf_data/raw_data/Broadband_Data_2026.03.25_17.31.00.bin,2.000000,4.000000,ns/empty/loc_0003541.png,samples/loc_0003541.npz
loc_0001529,ns,empty,active_empty_model_error_source,0,/home/s_grudinin/code/university/vlf_analyzing/raw_vlf_data/raw_data/Broadband_Data_2026.03.25_16.57.00.bin,58.000000,60.000000,ns/empty/loc_0001529.png,samples/loc_0001529.npz
loc_0001523,ns,empty,active_empty_model_error_source,0,/home/s_grudinin/code/university/vlf_analyzing/raw_vlf_data/raw_data/Broadband_Data_2026.03.25_16.57.00.bin,46.000000,48.000000,ns/empty/loc_0001523.png,samples/loc_0001523.npz
loc_0001522,ns,empty,active_empty_model_error_source,0,/home/s_grudinin/code/university/vlf_analyzing/raw_vlf_data/raw_data/Broadband_Data_2026.03.25_16.57.00.bin,44.000000,46.000000,ns/empty/loc_0001522.png,samples/loc_0001522.npz
loc_0001519,ns,empty,active_empty_model_error_source,0,/home/s_grudinin/code/university/vlf_analyzing/raw_vlf_data/raw_data/Broadband_Data_2026.03.25_16.57.00.bin,38.000000,40.000000,ns/empty/loc_0001519.png,samples/loc_0001519.npz
loc_0001513,ns,empty,active_empty_model_error_source,0,/home/s_grudinin/code/university/vlf_analyzing/raw_vlf_data/raw_data/Broadband_Data_2026.03.25_16.57.00.bin,26.000000,28.000000,ns/empty/loc_0001513.png,samples/loc_0001513.npz
loc_0001509,ns,empty,active_empty_model_error_source,0,/home/s_grudinin/code/university/vlf_analyzing/raw_vlf_data/raw_data/Broadband_Data_2026.03.25_16.57.00.bin,18.000000,20.000000,ns/empty/loc_0001509.png,samples/loc_0001509.npz
loc_0001505,ns,empty,active_empty_model_error_source,0,/home/s_grudinin/code/university/vlf_analyzing/raw_vlf_data/raw_data/Broadband_Data_2026.03.25_16.57.00.bin,10.000000,12.000000,ns/empty/loc_0001505.png,samples/loc_0001505.npz
loc_0001500,ns,empty,active_empty_model_error_source,0,/home/s_grudinin/code/university/vlf_analyzing/raw_vlf_data/raw_data/Broadband_Data_2026.03.25_16.57.00.bin,0.000000,2.000000,ns/empty/loc_0001500.png,samples/loc_0001500.npz
loc_0002186,ns,empty,active_empty_model_error_source,0,/home/s_grudinin/code/university/vlf_analyzing/raw_vlf_data/raw_data/Broadband_Data_2026.03.25_17.08.00.bin,52.000000,54.000000,ns/empty/loc_0002186.png,samples/loc_0002186.npz
loc_0002183,ns,empty,active_empty_model_error_source,0,/home/s_grudinin/code/university/vlf_analyzing/raw_vlf_data/raw_data/Broadband_Data_2026.03.25_17.08.00.bin,46.000000,48.000000,ns/empty/loc_0002183.png,samples/loc_0002183.npz
loc_0002175,ns,empty,active_empty_model_error_source,0,/home/s_grudinin/code/university/vlf_analyzing/raw_vlf_data/raw_data/Broadband_Data_2026.03.25_17.08.00.bin,30.000000,32.000000,ns/empty/loc_0002175.png,samples/loc_0002175.npz
loc_0002171,ns,empty,active_empty_model_error_source,0,/home/s_grudinin/code/university/vlf_analyzing/raw_vlf_data/raw_data/Broadband_Data_2026.03.25_17.08.00.bin,22.000000,24.000000,ns/empty/loc_0002171.png,samples/loc_0002171.npz
loc_0001036,ns,single,active_single_model_error_source,1,/home/s_grudinin/code/university/vlf_analyzing/raw_vlf_data/raw_data/Broadband_Data_2026.03.25_16.49.00.bin,32.000000,34.000000,ns/single/loc_0001036.png,samples/loc_0001036.npz
loc_0001035,ns,single,active_single_model_error_source,1,/home/s_grudinin/code/university/vlf_analyzing/raw_vlf_data/raw_data/Broadband_Data_2026.03.25_16.49.00.bin,30.000000,32.000000,ns/single/loc_0001035.png,samples/loc_0001035.npz
loc_0001033,ns,single,active_single_model_error_source,1,/home/s_grudinin/code/university/vlf_analyzing/raw_vlf_data/raw_data/Broadband_Data_2026.03.25_16.49.00.bin,26.000000,28.000000,ns/single/loc_0001033.png,samples/loc_0001033.npz
loc_0001028,ns,single,active_single_model_error_source,1,/home/s_grudinin/code/university/vlf_analyzing/raw_vlf_data/raw_data/Broadband_Data_2026.03.25_16.49.00.bin,16.000000,18.000000,ns/single/loc_0001028.png,samples/loc_0001028.npz
loc_0001024,ns,single,active_single_model_error_source,1,/home/s_grudinin/code/university/vlf_analyzing/raw_vlf_data/raw_data/Broadband_Data_2026.03.25_16.49.00.bin,8.000000,10.000000,ns/single/loc_0001024.png,samples/loc_0001024.npz
loc_0000387,ns,single,active_single_model_error_source,1,/home/s_grudinin/code/university/vlf_analyzing/raw_vlf_data/raw_data/Broadband_Data_2026.03.25_16.38.00.bin,54.000000,56.000000,ns/single/loc_0000387.png,samples/loc_0000387.npz
loc_0000386,ns,single,active_single_model_error_source,1,/home/s_grudinin/code/university/vlf_analyzing/raw_vlf_data/raw_data/Broadband_Data_2026.03.25_16.38.00.bin,52.000000,54.000000,ns/single/loc_0000386.png,samples/loc_0000386.npz
loc_0000385,ns,single,active_single_model_error_source,1,/home/s_grudinin/code/university/vlf_analyzing/raw_vlf_data/raw_data/Broadband_Data_2026.03.25_16.38.00.bin,50.000000,52.000000,ns/single/loc_0000385.png,samples/loc_0000385.npz
loc_0000382,ns,single,active_single_model_error_source,1,/home/s_grudinin/code/university/vlf_analyzing/raw_vlf_data/raw_data/Broadband_Data_2026.03.25_16.38.00.bin,44.000000,46.000000,ns/single/loc_0000382.png,samples/loc_0000382.npz
loc_0000371,ns,single,active_single_model_error_source,1,/home/s_grudinin/code/university/vlf_analyzing/raw_vlf_data/raw_data/Broadband_Data_2026.03.25_16.38.00.bin,22.000000,24.000000,ns/single/loc_0000371.png,samples/loc_0000371.npz
loc_0000364,ns,single,active_single_model_error_source,1,/home/s_grudinin/code/university/vlf_analyzing/raw_vlf_data/raw_data/Broadband_Data_2026.03.25_16.38.00.bin,8.000000,10.000000,ns/single/loc_0000364.png,samples/loc_0000364.npz
loc_0000362,ns,single,active_single_model_error_source,1,/home/s_grudinin/code/university/vlf_analyzing/raw_vlf_data/raw_data/Broadband_Data_2026.03.25_16.38.00.bin,4.000000,6.000000,ns/single/loc_0000362.png,samples/loc_0000362.npz
loc_0000361,ns,single,active_single_model_error_source,1,/home/s_grudinin/code/university/vlf_analyzing/raw_vlf_data/raw_data/Broadband_Data_2026.03.25_16.38.00.bin,2.000000,4.000000,ns/single/loc_0000361.png,samples/loc_0000361.npz
loc_0003920,ns,single,active_single_model_error_source,1,/home/s_grudinin/code/university/vlf_analyzing/raw_vlf_data/raw_data/Broadband_Data_2026.03.25_17.37.00.bin,40.000000,42.000000,ns/single/loc_0003920.png,samples/loc_0003920.npz
loc_0003913,ns,single,active_single_model_error_source,1,/home/s_grudinin/code/university/vlf_analyzing/raw_vlf_data/raw_data/Broadband_Data_2026.03.25_17.37.00.bin,26.000000,28.000000,ns/single/loc_0003913.png,samples/loc_0003913.npz
loc_0003900,ns,single,active_single_model_error_source,1,/home/s_grudinin/code/university/vlf_analyzing/raw_vlf_data/raw_data/Broadband_Data_2026.03.25_17.37.00.bin,0.000000,2.000000,ns/single/loc_0003900.png,samples/loc_0003900.npz
loc_0003568,ns,single,active_single_model_error_source,1,/home/s_grudinin/code/university/vlf_analyzing/raw_vlf_data/raw_data/Broadband_Data_2026.03.25_17.31.00.bin,56.000000,58.000000,ns/single/loc_0003568.png,samples/loc_0003568.npz
loc_0003565,ns,single,active_single_model_error_source,1,/home/s_grudinin/code/university/vlf_analyzing/raw_vlf_data/raw_data/Broadband_Data_2026.03.25_17.31.00.bin,50.000000,52.000000,ns/single/loc_0003565.png,samples/loc_0003565.npz
loc_0003558,ns,single,active_single_model_error_source,1,/home/s_grudinin/code/university/vlf_analyzing/raw_vlf_data/raw_data/Broadband_Data_2026.03.25_17.31.00.bin,36.000000,38.000000,ns/single/loc_0003558.png,samples/loc_0003558.npz
loc_0003556,ns,single,active_single_model_error_source,1,/home/s_grudinin/code/university/vlf_analyzing/raw_vlf_data/raw_data/Broadband_Data_2026.03.25_17.31.00.bin,32.000000,34.000000,ns/single/loc_0003556.png,samples/loc_0003556.npz
loc_0003555,ns,single,active_single_model_error_source,1,/home/s_grudinin/code/university/vlf_analyzing/raw_vlf_data/raw_data/Broadband_Data_2026.03.25_17.31.00.bin,30.000000,32.000000,ns/single/loc_0003555.png,samples/loc_0003555.npz
loc_0003550,ns,single,active_single_model_error_source,1,/home/s_grudinin/code/university/vlf_analyzing/raw_vlf_data/raw_data/Broadband_Data_2026.03.25_17.31.00.bin,20.000000,22.000000,ns/single/loc_0003550.png,samples/loc_0003550.npz
loc_0003545,ns,single,active_single_model_error_source,1,/home/s_grudinin/code/university/vlf_analyzing/raw_vlf_data/raw_data/Broadband_Data_2026.03.25_17.31.00.bin,10.000000,12.000000,ns/single/loc_0003545.png,samples/loc_0003545.npz
loc_0003544,ns,single,active_single_model_error_source,1,/home/s_grudinin/code/university/vlf_analyzing/raw_vlf_data/raw_data/Broadband_Data_2026.03.25_17.31.00.bin,8.000000,10.000000,ns/single/loc_0003544.png,samples/loc_0003544.npz
loc_0001521,ns,single,active_single_model_error_source,1,/home/s_grudinin/code/university/vlf_analyzing/raw_vlf_data/raw_data/Broadband_Data_2026.03.25_16.57.00.bin,42.000000,44.000000,ns/single/loc_0001521.png,samples/loc_0001521.npz
loc_0001518,ns,single,active_single_model_error_source,1,/home/s_grudinin/code/university/vlf_analyzing/raw_vlf_data/raw_data/Broadband_Data_2026.03.25_16.57.00.bin,36.000000,38.000000,ns/single/loc_0001518.png,samples/loc_0001518.npz
loc_0001516,ns,single,active_single_model_error_source,1,/home/s_grudinin/code/university/vlf_analyzing/raw_vlf_data/raw_data/Broadband_Data_2026.03.25_16.57.00.bin,32.000000,34.000000,ns/single/loc_0001516.png,samples/loc_0001516.npz
loc_0001512,ns,single,active_single_model_error_source,1,/home/s_grudinin/code/university/vlf_analyzing/raw_vlf_data/raw_data/Broadband_Data_2026.03.25_16.57.00.bin,24.000000,26.000000,ns/single/loc_0001512.png,samples/loc_0001512.npz
loc_0001508,ns,single,active_single_model_error_source,1,/home/s_grudinin/code/university/vlf_analyzing/raw_vlf_data/raw_data/Broadband_Data_2026.03.25_16.57.00.bin,16.000000,18.000000,ns/single/loc_0001508.png,samples/loc_0001508.npz
loc_0001504,ns,single,active_single_model_error_source,1,/home/s_grudinin/code/university/vlf_analyzing/raw_vlf_data/raw_data/Broadband_Data_2026.03.25_16.57.00.bin,8.000000,10.000000,ns/single/loc_0001504.png,samples/loc_0001504.npz
loc_0002187,ns,single,active_single_model_error_source,1,/home/s_grudinin/code/university/vlf_analyzing/raw_vlf_data/raw_data/Broadband_Data_2026.03.25_17.08.00.bin,54.000000,56.000000,ns/single/loc_0002187.png,samples/loc_0002187.npz
loc_0002185,ns,single,active_single_model_error_source,1,/home/s_grudinin/code/university/vlf_analyzing/raw_vlf_data/raw_data/Broadband_Data_2026.03.25_17.08.00.bin,50.000000,52.000000,ns/single/loc_0002185.png,samples/loc_0002185.npz
loc_0002179,ns,single,active_single_model_error_source,1,/home/s_grudinin/code/university/vlf_analyzing/raw_vlf_data/raw_data/Broadband_Data_2026.03.25_17.08.00.bin,38.000000,40.000000,ns/single/loc_0002179.png,samples/loc_0002179.npz
loc_0002172,ns,single,active_single_model_error_source,1,/home/s_grudinin/code/university/vlf_analyzing/raw_vlf_data/raw_data/Broadband_Data_2026.03.25_17.08.00.bin,24.000000,26.000000,ns/single/loc_0002172.png,samples/loc_0002172.npz
loc_0000310,ns,single,active_single_model_error_source,1,/home/s_grudinin/code/university/vlf_analyzing/raw_vlf_data/raw_data/Broadband_Data_2026.03.25_16.37.00.bin,20.000000,22.000000,ns/single/loc_0000310.png,samples/loc_0000310.npz
loc_0000309,ns,single,active_single_model_error_source,1,/home/s_grudinin/code/university/vlf_analyzing/raw_vlf_data/raw_data/Broadband_Data_2026.03.25_16.37.00.bin,18.000000,20.000000,ns/single/loc_0000309.png,samples/loc_0000309.npz
loc_0000306,ns,single,active_single_model_error_source,1,/home/s_grudinin/code/university/vlf_analyzing/raw_vlf_data/raw_data/Broadband_Data_2026.03.25_16.37.00.bin,12.000000,14.000000,ns/single/loc_0000306.png,samples/loc_0000306.npz
loc_0000303,ns,single,active_single_model_error_source,1,/home/s_grudinin/code/university/vlf_analyzing/raw_vlf_data/raw_data/Broadband_Data_2026.03.25_16.37.00.bin,6.000000,8.000000,ns/single/loc_0000303.png,samples/loc_0000303.npz
loc_0000302,ns,single,active_single_model_error_source,1,/home/s_grudinin/code/university/vlf_analyzing/raw_vlf_data/raw_data/Broadband_Data_2026.03.25_16.37.00.bin,4.000000,6.000000,ns/single/loc_0000302.png,samples/loc_0000302.npz
loc_0000301,ns,single,active_single_model_error_source,1,/home/s_grudinin/code/university/vlf_analyzing/raw_vlf_data/raw_data/Broadband_Data_2026.03.25_16.37.00.bin,2.000000,4.000000,ns/single/loc_0000301.png,samples/loc_0000301.npz
loc_0002609,ns,single,active_single_model_error_source,1,/home/s_grudinin/code/university/vlf_analyzing/raw_vlf_data/raw_data/Broadband_Data_2026.03.25_17.15.00.bin,58.000000,60.000000,ns/single/loc_0002609.png,samples/loc_0002609.npz
loc_0002606,ns,single,active_single_model_error_source,1,/home/s_grudinin/code/university/vlf_analyzing/raw_vlf_data/raw_data/Broadband_Data_2026.03.25_17.15.00.bin,52.000000,54.000000,ns/single/loc_0002606.png,samples/loc_0002606.npz
loc_0002604,ns,single,active_single_model_error_source,1,/home/s_grudinin/code/university/vlf_analyzing/raw_vlf_data/raw_data/Broadband_Data_2026.03.25_17.15.00.bin,48.000000,50.000000,ns/single/loc_0002604.png,samples/loc_0002604.npz
loc_0002596,ns,single,active_single_model_error_source,1,/home/s_grudinin/code/university/vlf_analyzing/raw_vlf_data/raw_data/Broadband_Data_2026.03.25_17.15.00.bin,32.000000,34.000000,ns/single/loc_0002596.png,samples/loc_0002596.npz
loc_0002591,ns,single,active_single_model_error_source,1,/home/s_grudinin/code/university/vlf_analyzing/raw_vlf_data/raw_data/Broadband_Data_2026.03.25_17.15.00.bin,22.000000,24.000000,ns/single/loc_0002591.png,samples/loc_0002591.npz
loc_0001048,ns,few,active_few_model_error_source,2,/home/s_grudinin/code/university/vlf_analyzing/raw_vlf_data/raw_data/Broadband_Data_2026.03.25_16.49.00.bin,56.000000,58.000000,ns/few/loc_0001048.png,samples/loc_0001048.npz
loc_0001045,ns,few,active_few_model_error_source,3,/home/s_grudinin/code/university/vlf_analyzing/raw_vlf_data/raw_data/Broadband_Data_2026.03.25_16.49.00.bin,50.000000,52.000000,ns/few/loc_0001045.png,samples/loc_0001045.npz
loc_0001043,ns,few,active_few_model_error_source,3,/home/s_grudinin/code/university/vlf_analyzing/raw_vlf_data/raw_data/Broadband_Data_2026.03.25_16.49.00.bin,46.000000,48.000000,ns/few/loc_0001043.png,samples/loc_0001043.npz
loc_0001041,ns,few,active_few_model_error_source,3,/home/s_grudinin/code/university/vlf_analyzing/raw_vlf_data/raw_data/Broadband_Data_2026.03.25_16.49.00.bin,42.000000,44.000000,ns/few/loc_0001041.png,samples/loc_0001041.npz
loc_0001039,ns,few,active_few_model_error_source,2,/home/s_grudinin/code/university/vlf_analyzing/raw_vlf_data/raw_data/Broadband_Data_2026.03.25_16.49.00.bin,38.000000,40.000000,ns/few/loc_0001039.png,samples/loc_0001039.npz
loc_0001038,ns,few,active_few_model_error_source,2,/home/s_grudinin/code/university/vlf_analyzing/raw_vlf_data/raw_data/Broadband_Data_2026.03.25_16.49.00.bin,36.000000,38.000000,ns/few/loc_0001038.png,samples/loc_0001038.npz
loc_0001029,ns,few,active_few_model_error_source,3,/home/s_grudinin/code/university/vlf_analyzing/raw_vlf_data/raw_data/Broadband_Data_2026.03.25_16.49.00.bin,18.000000,20.000000,ns/few/loc_0001029.png,samples/loc_0001029.npz
loc_0001026,ns,few,active_few_model_error_source,3,/home/s_grudinin/code/university/vlf_analyzing/raw_vlf_data/raw_data/Broadband_Data_2026.03.25_16.49.00.bin,12.000000,14.000000,ns/few/loc_0001026.png,samples/loc_0001026.npz
loc_0001025,ns,few,active_few_model_error_source,3,/home/s_grudinin/code/university/vlf_analyzing/raw_vlf_data/raw_data/Broadband_Data_2026.03.25_16.49.00.bin,10.000000,12.000000,ns/few/loc_0001025.png,samples/loc_0001025.npz
loc_0000389,ns,few,active_few_model_error_source,3,/home/s_grudinin/code/university/vlf_analyzing/raw_vlf_data/raw_data/Broadband_Data_2026.03.25_16.38.00.bin,58.000000,60.000000,ns/few/loc_0000389.png,samples/loc_0000389.npz
loc_0000388,ns,few,active_few_model_error_source,2,/home/s_grudinin/code/university/vlf_analyzing/raw_vlf_data/raw_data/Broadband_Data_2026.03.25_16.38.00.bin,56.000000,58.000000,ns/few/loc_0000388.png,samples/loc_0000388.npz
loc_0000384,ns,few,active_few_model_error_source,2,/home/s_grudinin/code/university/vlf_analyzing/raw_vlf_data/raw_data/Broadband_Data_2026.03.25_16.38.00.bin,48.000000,50.000000,ns/few/loc_0000384.png,samples/loc_0000384.npz
loc_0000383,ns,few,active_few_model_error_source,3,/home/s_grudinin/code/university/vlf_analyzing/raw_vlf_data/raw_data/Broadband_Data_2026.03.25_16.38.00.bin,46.000000,48.000000,ns/few/loc_0000383.png,samples/loc_0000383.npz
loc_0000380,ns,few,active_few_model_error_source,3,/home/s_grudinin/code/university/vlf_analyzing/raw_vlf_data/raw_data/Broadband_Data_2026.03.25_16.38.00.bin,40.000000,42.000000,ns/few/loc_0000380.png,samples/loc_0000380.npz
loc_0000375,ns,few,active_few_model_error_source,2,/home/s_grudinin/code/university/vlf_analyzing/raw_vlf_data/raw_data/Broadband_Data_2026.03.25_16.38.00.bin,30.000000,32.000000,ns/few/loc_0000375.png,samples/loc_0000375.npz
loc_0000370,ns,few,active_few_model_error_source,2,/home/s_grudinin/code/university/vlf_analyzing/raw_vlf_data/raw_data/Broadband_Data_2026.03.25_16.38.00.bin,20.000000,22.000000,ns/few/loc_0000370.png,samples/loc_0000370.npz
loc_0000365,ns,few,active_few_model_error_source,3,/home/s_grudinin/code/university/vlf_analyzing/raw_vlf_data/raw_data/Broadband_Data_2026.03.25_16.38.00.bin,10.000000,12.000000,ns/few/loc_0000365.png,samples/loc_0000365.npz
loc_0000360,ns,few,active_few_model_error_source,2,/home/s_grudinin/code/university/vlf_analyzing/raw_vlf_data/raw_data/Broadband_Data_2026.03.25_16.38.00.bin,0.000000,2.000000,ns/few/loc_0000360.png,samples/loc_0000360.npz
loc_0003928,ns,few,active_few_model_error_source,2,/home/s_grudinin/code/university/vlf_analyzing/raw_vlf_data/raw_data/Broadband_Data_2026.03.25_17.37.00.bin,56.000000,58.000000,ns/few/loc_0003928.png,samples/loc_0003928.npz
loc_0003925,ns,few,active_few_model_error_source,2,/home/s_grudinin/code/university/vlf_analyzing/raw_vlf_data/raw_data/Broadband_Data_2026.03.25_17.37.00.bin,50.000000,52.000000,ns/few/loc_0003925.png,samples/loc_0003925.npz
loc_0003922,ns,few,active_few_model_error_source,2,/home/s_grudinin/code/university/vlf_analyzing/raw_vlf_data/raw_data/Broadband_Data_2026.03.25_17.37.00.bin,44.000000,46.000000,ns/few/loc_0003922.png,samples/loc_0003922.npz
loc_0003921,ns,few,active_few_model_error_source,3,/home/s_grudinin/code/university/vlf_analyzing/raw_vlf_data/raw_data/Broadband_Data_2026.03.25_17.37.00.bin,42.000000,44.000000,ns/few/loc_0003921.png,samples/loc_0003921.npz
loc_0003915,ns,few,active_few_model_error_source,2,/home/s_grudinin/code/university/vlf_analyzing/raw_vlf_data/raw_data/Broadband_Data_2026.03.25_17.37.00.bin,30.000000,32.000000,ns/few/loc_0003915.png,samples/loc_0003915.npz
loc_0003914,ns,few,active_few_model_error_source,3,/home/s_grudinin/code/university/vlf_analyzing/raw_vlf_data/raw_data/Broadband_Data_2026.03.25_17.37.00.bin,28.000000,30.000000,ns/few/loc_0003914.png,samples/loc_0003914.npz
loc_0003912,ns,few,active_few_model_error_source,2,/home/s_grudinin/code/university/vlf_analyzing/raw_vlf_data/raw_data/Broadband_Data_2026.03.25_17.37.00.bin,24.000000,26.000000,ns/few/loc_0003912.png,samples/loc_0003912.npz
loc_0003911,ns,few,active_few_model_error_source,3,/home/s_grudinin/code/university/vlf_analyzing/raw_vlf_data/raw_data/Broadband_Data_2026.03.25_17.37.00.bin,22.000000,24.000000,ns/few/loc_0003911.png,samples/loc_0003911.npz
loc_0003910,ns,few,active_few_model_error_source,3,/home/s_grudinin/code/university/vlf_analyzing/raw_vlf_data/raw_data/Broadband_Data_2026.03.25_17.37.00.bin,20.000000,22.000000,ns/few/loc_0003910.png,samples/loc_0003910.npz
loc_0003909,ns,few,active_few_model_error_source,3,/home/s_grudinin/code/university/vlf_analyzing/raw_vlf_data/raw_data/Broadband_Data_2026.03.25_17.37.00.bin,18.000000,20.000000,ns/few/loc_0003909.png,samples/loc_0003909.npz
loc_0003908,ns,few,active_few_model_error_source,2,/home/s_grudinin/code/university/vlf_analyzing/raw_vlf_data/raw_data/Broadband_Data_2026.03.25_17.37.00.bin,16.000000,18.000000,ns/few/loc_0003908.png,samples/loc_0003908.npz
loc_0003906,ns,few,active_few_model_error_source,2,/home/s_grudinin/code/university/vlf_analyzing/raw_vlf_data/raw_data/Broadband_Data_2026.03.25_17.37.00.bin,12.000000,14.000000,ns/few/loc_0003906.png,samples/loc_0003906.npz
loc_0003905,ns,few,active_few_model_error_source,2,/home/s_grudinin/code/university/vlf_analyzing/raw_vlf_data/raw_data/Broadband_Data_2026.03.25_17.37.00.bin,10.000000,12.000000,ns/few/loc_0003905.png,samples/loc_0003905.npz
loc_0003904,ns,few,active_few_model_error_source,3,/home/s_grudinin/code/university/vlf_analyzing/raw_vlf_data/raw_data/Broadband_Data_2026.03.25_17.37.00.bin,8.000000,10.000000,ns/few/loc_0003904.png,samples/loc_0003904.npz
loc_0003903,ns,few,active_few_model_error_source,2,/home/s_grudinin/code/university/vlf_analyzing/raw_vlf_data/raw_data/Broadband_Data_2026.03.25_17.37.00.bin,6.000000,8.000000,ns/few/loc_0003903.png,samples/loc_0003903.npz
loc_0003902,ns,few,active_few_model_error_source,2,/home/s_grudinin/code/university/vlf_analyzing/raw_vlf_data/raw_data/Broadband_Data_2026.03.25_17.37.00.bin,4.000000,6.000000,ns/few/loc_0003902.png,samples/loc_0003902.npz
loc_0003569,ns,few,active_few_model_error_source,2,/home/s_grudinin/code/university/vlf_analyzing/raw_vlf_data/raw_data/Broadband_Data_2026.03.25_17.31.00.bin,58.000000,60.000000,ns/few/loc_0003569.png,samples/loc_0003569.npz
loc_0003567,ns,few,active_few_model_error_source,2,/home/s_grudinin/code/university/vlf_analyzing/raw_vlf_data/raw_data/Broadband_Data_2026.03.25_17.31.00.bin,54.000000,56.000000,ns/few/loc_0003567.png,samples/loc_0003567.npz
loc_0003566,ns,few,active_few_model_error_source,2,/home/s_grudinin/code/university/vlf_analyzing/raw_vlf_data/raw_data/Broadband_Data_2026.03.25_17.31.00.bin,52.000000,54.000000,ns/few/loc_0003566.png,samples/loc_0003566.npz
loc_0003563,ns,few,active_few_model_error_source,2,/home/s_grudinin/code/university/vlf_analyzing/raw_vlf_data/raw_data/Broadband_Data_2026.03.25_17.31.00.bin,46.000000,48.000000,ns/few/loc_0003563.png,samples/loc_0003563.npz
loc_0003559,ns,few,active_few_model_error_source,2,/home/s_grudinin/code/university/vlf_analyzing/raw_vlf_data/raw_data/Broadband_Data_2026.03.25_17.31.00.bin,38.000000,40.000000,ns/few/loc_0003559.png,samples/loc_0003559.npz
loc_0003557,ns,few,active_few_model_error_source,2,/home/s_grudinin/code/university/vlf_analyzing/raw_vlf_data/raw_data/Broadband_Data_2026.03.25_17.31.00.bin,34.000000,36.000000,ns/few/loc_0003557.png,samples/loc_0003557.npz
loc_0003554,ns,few,active_few_model_error_source,2,/home/s_grudinin/code/university/vlf_analyzing/raw_vlf_data/raw_data/Broadband_Data_2026.03.25_17.31.00.bin,28.000000,30.000000,ns/few/loc_0003554.png,samples/loc_0003554.npz
loc_0003552,ns,few,active_few_model_error_source,3,/home/s_grudinin/code/university/vlf_analyzing/raw_vlf_data/raw_data/Broadband_Data_2026.03.25_17.31.00.bin,24.000000,26.000000,ns/few/loc_0003552.png,samples/loc_0003552.npz
loc_0003548,ns,few,active_few_model_error_source,3,/home/s_grudinin/code/university/vlf_analyzing/raw_vlf_data/raw_data/Broadband_Data_2026.03.25_17.31.00.bin,16.000000,18.000000,ns/few/loc_0003548.png,samples/loc_0003548.npz
loc_0003547,ns,few,active_few_model_error_source,3,/home/s_grudinin/code/university/vlf_analyzing/raw_vlf_data/raw_data/Broadband_Data_2026.03.25_17.31.00.bin,14.000000,16.000000,ns/few/loc_0003547.png,samples/loc_0003547.npz
loc_0003542,ns,few,active_few_model_error_source,2,/home/s_grudinin/code/university/vlf_analyzing/raw_vlf_data/raw_data/Broadband_Data_2026.03.25_17.31.00.bin,4.000000,6.000000,ns/few/loc_0003542.png,samples/loc_0003542.npz
loc_0003540,ns,few,active_few_model_error_source,3,/home/s_grudinin/code/university/vlf_analyzing/raw_vlf_data/raw_data/Broadband_Data_2026.03.25_17.31.00.bin,0.000000,2.000000,ns/few/loc_0003540.png,samples/loc_0003540.npz
loc_0001528,ns,few,active_few_model_error_source,2,/home/s_grudinin/code/university/vlf_analyzing/raw_vlf_data/raw_data/Broadband_Data_2026.03.25_16.57.00.bin,56.000000,58.000000,ns/few/loc_0001528.png,samples/loc_0001528.npz
loc_0001524,ns,few,active_few_model_error_source,2,/home/s_grudinin/code/university/vlf_analyzing/raw_vlf_data/raw_data/Broadband_Data_2026.03.25_16.57.00.bin,48.000000,50.000000,ns/few/loc_0001524.png,samples/loc_0001524.npz
loc_0001520,ns,few,active_few_model_error_source,3,/home/s_grudinin/code/university/vlf_analyzing/raw_vlf_data/raw_data/Broadband_Data_2026.03.25_16.57.00.bin,40.000000,42.000000,ns/few/loc_0001520.png,samples/loc_0001520.npz
loc_0001517,ns,few,active_few_model_error_source,2,/home/s_grudinin/code/university/vlf_analyzing/raw_vlf_data/raw_data/Broadband_Data_2026.03.25_16.57.00.bin,34.000000,36.000000,ns/few/loc_0001517.png,samples/loc_0001517.npz
loc_0001515,ns,few,active_few_model_error_source,2,/home/s_grudinin/code/university/vlf_analyzing/raw_vlf_data/raw_data/Broadband_Data_2026.03.25_16.57.00.bin,30.000000,32.000000,ns/few/loc_0001515.png,samples/loc_0001515.npz
loc_0001514,ns,few,active_few_model_error_source,2,/home/s_grudinin/code/university/vlf_analyzing/raw_vlf_data/raw_data/Broadband_Data_2026.03.25_16.57.00.bin,28.000000,30.000000,ns/few/loc_0001514.png,samples/loc_0001514.npz
loc_0001511,ns,few,active_few_model_error_source,2,/home/s_grudinin/code/university/vlf_analyzing/raw_vlf_data/raw_data/Broadband_Data_2026.03.25_16.57.00.bin,22.000000,24.000000,ns/few/loc_0001511.png,samples/loc_0001511.npz
loc_0001510,ns,few,active_few_model_error_source,2,/home/s_grudinin/code/university/vlf_analyzing/raw_vlf_data/raw_data/Broadband_Data_2026.03.25_16.57.00.bin,20.000000,22.000000,ns/few/loc_0001510.png,samples/loc_0001510.npz
loc_0001503,ns,few,active_few_model_error_source,2,/home/s_grudinin/code/university/vlf_analyzing/raw_vlf_data/raw_data/Broadband_Data_2026.03.25_16.57.00.bin,6.000000,8.000000,ns/few/loc_0001503.png,samples/loc_0001503.npz
loc_0001040,ns,dense,active_dense_model_error_source,7,/home/s_grudinin/code/university/vlf_analyzing/raw_vlf_data/raw_data/Broadband_Data_2026.03.25_16.49.00.bin,40.000000,42.000000,ns/dense/loc_0001040.png,samples/loc_0001040.npz
loc_0001044,ns,dense,active_dense_model_error_source,6,/home/s_grudinin/code/university/vlf_analyzing/raw_vlf_data/raw_data/Broadband_Data_2026.03.25_16.49.00.bin,48.000000,50.000000,ns/dense/loc_0001044.png,samples/loc_0001044.npz
loc_0001042,ns,dense,active_dense_model_error_source,6,/home/s_grudinin/code/university/vlf_analyzing/raw_vlf_data/raw_data/Broadband_Data_2026.03.25_16.49.00.bin,44.000000,46.000000,ns/dense/loc_0001042.png,samples/loc_0001042.npz
loc_0001049,ns,dense,active_dense_model_error_source,5,/home/s_grudinin/code/university/vlf_analyzing/raw_vlf_data/raw_data/Broadband_Data_2026.03.25_16.49.00.bin,58.000000,60.000000,ns/dense/loc_0001049.png,samples/loc_0001049.npz
loc_0001046,ns,dense,active_dense_model_error_source,4,/home/s_grudinin/code/university/vlf_analyzing/raw_vlf_data/raw_data/Broadband_Data_2026.03.25_16.49.00.bin,52.000000,54.000000,ns/dense/loc_0001046.png,samples/loc_0001046.npz
loc_0001034,ns,dense,active_dense_model_error_source,4,/home/s_grudinin/code/university/vlf_analyzing/raw_vlf_data/raw_data/Broadband_Data_2026.03.25_16.49.00.bin,28.000000,30.000000,ns/dense/loc_0001034.png,samples/loc_0001034.npz
loc_0001031,ns,dense,active_dense_model_error_source,4,/home/s_grudinin/code/university/vlf_analyzing/raw_vlf_data/raw_data/Broadband_Data_2026.03.25_16.49.00.bin,22.000000,24.000000,ns/dense/loc_0001031.png,samples/loc_0001031.npz
loc_0001023,ns,dense,active_dense_model_error_source,4,/home/s_grudinin/code/university/vlf_analyzing/raw_vlf_data/raw_data/Broadband_Data_2026.03.25_16.49.00.bin,6.000000,8.000000,ns/dense/loc_0001023.png,samples/loc_0001023.npz
loc_0000373,ns,dense,active_dense_model_error_source,6,/home/s_grudinin/code/university/vlf_analyzing/raw_vlf_data/raw_data/Broadband_Data_2026.03.25_16.38.00.bin,26.000000,28.000000,ns/dense/loc_0000373.png,samples/loc_0000373.npz
loc_0000366,ns,dense,active_dense_model_error_source,6,/home/s_grudinin/code/university/vlf_analyzing/raw_vlf_data/raw_data/Broadband_Data_2026.03.25_16.38.00.bin,12.000000,14.000000,ns/dense/loc_0000366.png,samples/loc_0000366.npz
loc_0000376,ns,dense,active_dense_model_error_source,5,/home/s_grudinin/code/university/vlf_analyzing/raw_vlf_data/raw_data/Broadband_Data_2026.03.25_16.38.00.bin,32.000000,34.000000,ns/dense/loc_0000376.png,samples/loc_0000376.npz
loc_0000372,ns,dense,active_dense_model_error_source,5,/home/s_grudinin/code/university/vlf_analyzing/raw_vlf_data/raw_data/Broadband_Data_2026.03.25_16.38.00.bin,24.000000,26.000000,ns/dense/loc_0000372.png,samples/loc_0000372.npz
loc_0003927,ns,dense,active_dense_model_error_source,6,/home/s_grudinin/code/university/vlf_analyzing/raw_vlf_data/raw_data/Broadband_Data_2026.03.25_17.37.00.bin,54.000000,56.000000,ns/dense/loc_0003927.png,samples/loc_0003927.npz
loc_0003919,ns,dense,active_dense_model_error_source,6,/home/s_grudinin/code/university/vlf_analyzing/raw_vlf_data/raw_data/Broadband_Data_2026.03.25_17.37.00.bin,38.000000,40.000000,ns/dense/loc_0003919.png,samples/loc_0003919.npz
loc_0003924,ns,dense,active_dense_model_error_source,5,/home/s_grudinin/code/university/vlf_analyzing/raw_vlf_data/raw_data/Broadband_Data_2026.03.25_17.37.00.bin,48.000000,50.000000,ns/dense/loc_0003924.png,samples/loc_0003924.npz
loc_0003918,ns,dense,active_dense_model_error_source,4,/home/s_grudinin/code/university/vlf_analyzing/raw_vlf_data/raw_data/Broadband_Data_2026.03.25_17.37.00.bin,36.000000,38.000000,ns/dense/loc_0003918.png,samples/loc_0003918.npz
loc_0003907,ns,dense,active_dense_model_error_source,4,/home/s_grudinin/code/university/vlf_analyzing/raw_vlf_data/raw_data/Broadband_Data_2026.03.25_17.37.00.bin,14.000000,16.000000,ns/dense/loc_0003907.png,samples/loc_0003907.npz
loc_0003551,ns,dense,active_dense_model_error_source,7,/home/s_grudinin/code/university/vlf_analyzing/raw_vlf_data/raw_data/Broadband_Data_2026.03.25_17.31.00.bin,22.000000,24.000000,ns/dense/loc_0003551.png,samples/loc_0003551.npz
loc_0003553,ns,dense,active_dense_model_error_source,4,/home/s_grudinin/code/university/vlf_analyzing/raw_vlf_data/raw_data/Broadband_Data_2026.03.25_17.31.00.bin,26.000000,28.000000,ns/dense/loc_0003553.png,samples/loc_0003553.npz
loc_0001506,ns,dense,active_dense_model_error_source,7,/home/s_grudinin/code/university/vlf_analyzing/raw_vlf_data/raw_data/Broadband_Data_2026.03.25_16.57.00.bin,12.000000,14.000000,ns/dense/loc_0001506.png,samples/loc_0001506.npz
loc_0000325,ns,dense,active_dense_model_error_source,7,/home/s_grudinin/code/university/vlf_analyzing/raw_vlf_data/raw_data/Broadband_Data_2026.03.25_16.37.00.bin,50.000000,52.000000,ns/dense/loc_0000325.png,samples/loc_0000325.npz
loc_0002598,ns,dense,active_dense_model_error_source,7,/home/s_grudinin/code/university/vlf_analyzing/raw_vlf_data/raw_data/Broadband_Data_2026.03.25_17.15.00.bin,36.000000,38.000000,ns/dense/loc_0002598.png,samples/loc_0002598.npz
loc_0001507,ns,dense,active_dense_model_error_source,6,/home/s_grudinin/code/university/vlf_analyzing/raw_vlf_data/raw_data/Broadband_Data_2026.03.25_16.57.00.bin,14.000000,16.000000,ns/dense/loc_0001507.png,samples/loc_0001507.npz
loc_0002169,ns,dense,active_dense_model_error_source,6,/home/s_grudinin/code/university/vlf_analyzing/raw_vlf_data/raw_data/Broadband_Data_2026.03.25_17.08.00.bin,18.000000,20.000000,ns/dense/loc_0002169.png,samples/loc_0002169.npz
loc_0001501,ns,dense,active_dense_model_error_source,5,/home/s_grudinin/code/university/vlf_analyzing/raw_vlf_data/raw_data/Broadband_Data_2026.03.25_16.57.00.bin,2.000000,4.000000,ns/dense/loc_0001501.png,samples/loc_0001501.npz
loc_0002189,ns,dense,active_dense_model_error_source,5,/home/s_grudinin/code/university/vlf_analyzing/raw_vlf_data/raw_data/Broadband_Data_2026.03.25_17.08.00.bin,58.000000,60.000000,ns/dense/loc_0002189.png,samples/loc_0002189.npz
loc_0002177,ns,dense,active_dense_model_error_source,5,/home/s_grudinin/code/university/vlf_analyzing/raw_vlf_data/raw_data/Broadband_Data_2026.03.25_17.08.00.bin,34.000000,36.000000,ns/dense/loc_0002177.png,samples/loc_0002177.npz
loc_0002168,ns,dense,active_dense_model_error_source,5,/home/s_grudinin/code/university/vlf_analyzing/raw_vlf_data/raw_data/Broadband_Data_2026.03.25_17.08.00.bin,16.000000,18.000000,ns/dense/loc_0002168.png,samples/loc_0002168.npz
loc_0000321,ns,dense,active_dense_model_error_source,5,/home/s_grudinin/code/university/vlf_analyzing/raw_vlf_data/raw_data/Broadband_Data_2026.03.25_16.37.00.bin,42.000000,44.000000,ns/dense/loc_0000321.png,samples/loc_0000321.npz
loc_0000312,ns,dense,active_dense_model_error_source,5,/home/s_grudinin/code/university/vlf_analyzing/raw_vlf_data/raw_data/Broadband_Data_2026.03.25_16.37.00.bin,24.000000,26.000000,ns/dense/loc_0000312.png,samples/loc_0000312.npz
loc_0000308,ns,dense,active_dense_model_error_source,5,/home/s_grudinin/code/university/vlf_analyzing/raw_vlf_data/raw_data/Broadband_Data_2026.03.25_16.37.00.bin,16.000000,18.000000,ns/dense/loc_0000308.png,samples/loc_0000308.npz
loc_0002588,ns,dense,active_dense_model_error_source,5,/home/s_grudinin/code/university/vlf_analyzing/raw_vlf_data/raw_data/Broadband_Data_2026.03.25_17.15.00.bin,16.000000,18.000000,ns/dense/loc_0002588.png,samples/loc_0002588.npz
loc_0002580,ns,dense,active_dense_model_error_source,5,/home/s_grudinin/code/university/vlf_analyzing/raw_vlf_data/raw_data/Broadband_Data_2026.03.25_17.15.00.bin,0.000000,2.000000,ns/dense/loc_0002580.png,samples/loc_0002580.npz
loc_0002182,ns,dense,active_dense_model_error_source,4,/home/s_grudinin/code/university/vlf_analyzing/raw_vlf_data/raw_data/Broadband_Data_2026.03.25_17.08.00.bin,44.000000,46.000000,ns/dense/loc_0002182.png,samples/loc_0002182.npz
loc_0000329,ns,dense,active_dense_model_error_source,4,/home/s_grudinin/code/university/vlf_analyzing/raw_vlf_data/raw_data/Broadband_Data_2026.03.25_16.37.00.bin,58.000000,60.000000,ns/dense/loc_0000329.png,samples/loc_0000329.npz
loc_0000320,ns,dense,active_dense_model_error_source,4,/home/s_grudinin/code/university/vlf_analyzing/raw_vlf_data/raw_data/Broadband_Data_2026.03.25_16.37.00.bin,40.000000,42.000000,ns/dense/loc_0000320.png,samples/loc_0000320.npz
loc_0002587,ns,dense,active_dense_model_error_source,4,/home/s_grudinin/code/university/vlf_analyzing/raw_vlf_data/raw_data/Broadband_Data_2026.03.25_17.15.00.bin,14.000000,16.000000,ns/dense/loc_0002587.png,samples/loc_0002587.npz
loc_0003748,ns,dense,active_dense_model_error_source,6,/home/s_grudinin/code/university/vlf_analyzing/raw_vlf_data/raw_data/Broadband_Data_2026.03.25_17.34.00.bin,56.000000,58.000000,ns/dense/loc_0003748.png,samples/loc_0003748.npz
loc_0003018,ns,dense,active_dense_model_error_source,6,/home/s_grudinin/code/university/vlf_analyzing/raw_vlf_data/raw_data/Broadband_Data_2026.03.25_17.22.00.bin,36.000000,38.000000,ns/dense/loc_0003018.png,samples/loc_0003018.npz
loc_0003027,ns,dense,active_dense_model_error_source,5,/home/s_grudinin/code/university/vlf_analyzing/raw_vlf_data/raw_data/Broadband_Data_2026.03.25_17.22.00.bin,54.000000,56.000000,ns/dense/loc_0003027.png,samples/loc_0003027.npz
loc_0003021,ns,dense,active_dense_model_error_source,5,/home/s_grudinin/code/university/vlf_analyzing/raw_vlf_data/raw_data/Broadband_Data_2026.03.25_17.22.00.bin,42.000000,44.000000,ns/dense/loc_0003021.png,samples/loc_0003021.npz
loc_0003013,ns,dense,active_dense_model_error_source,5,/home/s_grudinin/code/university/vlf_analyzing/raw_vlf_data/raw_data/Broadband_Data_2026.03.25_17.22.00.bin,26.000000,28.000000,ns/dense/loc_0003013.png,samples/loc_0003013.npz
loc_0003012,ns,dense,active_dense_model_error_source,5,/home/s_grudinin/code/university/vlf_analyzing/raw_vlf_data/raw_data/Broadband_Data_2026.03.25_17.22.00.bin,24.000000,26.000000,ns/dense/loc_0003012.png,samples/loc_0003012.npz
loc_0003011,ns,dense,active_dense_model_error_source,5,/home/s_grudinin/code/university/vlf_analyzing/raw_vlf_data/raw_data/Broadband_Data_2026.03.25_17.22.00.bin,22.000000,24.000000,ns/dense/loc_0003011.png,samples/loc_0003011.npz
loc_0003003,ns,dense,active_dense_model_error_source,5,/home/s_grudinin/code/university/vlf_analyzing/raw_vlf_data/raw_data/Broadband_Data_2026.03.25_17.22.00.bin,6.000000,8.000000,ns/dense/loc_0003003.png,samples/loc_0003003.npz
loc_0005705,ns,dense,active_dense_model_error_source,4,/home/s_grudinin/code/university/vlf_analyzing/raw_vlf_data/raw_data/Broadband_Data_2026.03.25_18.07.00.bin,10.000000,12.000000,ns/dense/loc_0005705.png,samples/loc_0005705.npz
loc_0005704,ns,dense,active_dense_model_error_source,4,/home/s_grudinin/code/university/vlf_analyzing/raw_vlf_data/raw_data/Broadband_Data_2026.03.25_18.07.00.bin,8.000000,10.000000,ns/dense/loc_0005704.png,samples/loc_0005704.npz
loc_0003028,ns,dense,active_dense_model_error_source,4,/home/s_grudinin/code/university/vlf_analyzing/raw_vlf_data/raw_data/Broadband_Data_2026.03.25_17.22.00.bin,56.000000,58.000000,ns/dense/loc_0003028.png,samples/loc_0003028.npz
loc_0003014,ns,dense,active_dense_model_error_source,4,/home/s_grudinin/code/university/vlf_analyzing/raw_vlf_data/raw_data/Broadband_Data_2026.03.25_17.22.00.bin,28.000000,30.000000,ns/dense/loc_0003014.png,samples/loc_0003014.npz
loc_0003010,ns,dense,active_dense_model_error_source,4,/home/s_grudinin/code/university/vlf_analyzing/raw_vlf_data/raw_data/Broadband_Data_2026.03.25_17.22.00.bin,20.000000,22.000000,ns/dense/loc_0003010.png,samples/loc_0003010.npz
loc_0003009,ns,dense,active_dense_model_error_source,4,/home/s_grudinin/code/university/vlf_analyzing/raw_vlf_data/raw_data/Broadband_Data_2026.03.25_17.22.00.bin,18.000000,20.000000,ns/dense/loc_0003009.png,samples/loc_0003009.npz
loc_0003002,ns,dense,active_dense_model_error_source,4,/home/s_grudinin/code/university/vlf_analyzing/raw_vlf_data/raw_data/Broadband_Data_2026.03.25_17.22.00.bin,4.000000,6.000000,ns/dense/loc_0003002.png,samples/loc_0003002.npz
loc_0003001,ns,dense,active_dense_model_error_source,4,/home/s_grudinin/code/university/vlf_analyzing/raw_vlf_data/raw_data/Broadband_Data_2026.03.25_17.22.00.bin,2.000000,4.000000,ns/dense/loc_0003001.png,samples/loc_0003001.npz
loc_0002826,ns,dense,active_dense_model_error_source,4,/home/s_grudinin/code/university/vlf_analyzing/raw_vlf_data/raw_data/Broadband_Data_2026.03.25_17.19.00.bin,12.000000,14.000000,ns/dense/loc_0002826.png,samples/loc_0002826.npz
loc_0000901,ns,dense,active_dense_model_error_source,7,/home/s_grudinin/code/university/vlf_analyzing/raw_vlf_data/raw_data/Broadband_Data_2026.03.25_16.47.00.bin,2.000000,4.000000,ns/dense/loc_0000901.png,samples/loc_0000901.npz
loc_0005300,ns,dense,active_dense_model_error_source,5,/home/s_grudinin/code/university/vlf_analyzing/raw_vlf_data/raw_data/Broadband_Data_2026.03.25_18.00.00.bin,40.000000,42.000000,ns/dense/loc_0005300.png,samples/loc_0005300.npz
loc_0000017,ns,dense,active_dense_model_error_source,7,/home/s_grudinin/code/university/vlf_analyzing/raw_vlf_data/raw_data/Broadband_Data_2026.03.25_16.32.00.bin,34.000000,36.000000,ns/dense/loc_0000017.png,samples/loc_0000017.npz
loc_0000015,ns,dense,active_dense_model_error_source,7,/home/s_grudinin/code/university/vlf_analyzing/raw_vlf_data/raw_data/Broadband_Data_2026.03.25_16.32.00.bin,30.000000,32.000000,ns/dense/loc_0000015.png,samples/loc_0000015.npz
loc_0000010,ns,dense,active_dense_model_error_source,7,/home/s_grudinin/code/university/vlf_analyzing/raw_vlf_data/raw_data/Broadband_Data_2026.03.25_16.32.00.bin,20.000000,22.000000,ns/dense/loc_0000010.png,samples/loc_0000010.npz
loc_0000000,ns,dense,active_dense_model_error_source,7,/home/s_grudinin/code/university/vlf_analyzing/raw_vlf_data/raw_data/Broadband_Data_2026.03.25_16.32.00.bin,0.000000,2.000000,ns/dense/loc_0000000.png,samples/loc_0000000.npz
loc_0000910,ns,dense,active_dense_model_error_source,5,/home/s_grudinin/code/university/vlf_analyzing/raw_vlf_data/raw_data/Broadband_Data_2026.03.25_16.47.00.bin,20.000000,22.000000,ns/dense/loc_0000910.png,samples/loc_0000910.npz
loc_0000904,ns,dense,active_dense_model_error_source,5,/home/s_grudinin/code/university/vlf_analyzing/raw_vlf_data/raw_data/Broadband_Data_2026.03.25_16.47.00.bin,8.000000,10.000000,ns/dense/loc_0000904.png,samples/loc_0000904.npz
loc_0005293,ns,dense,active_dense_model_error_source,4,/home/s_grudinin/code/university/vlf_analyzing/raw_vlf_data/raw_data/Broadband_Data_2026.03.25_18.00.00.bin,26.000000,28.000000,ns/dense/loc_0005293.png,samples/loc_0005293.npz
loc_0005282,ns,dense,active_dense_model_error_source,4,/home/s_grudinin/code/university/vlf_analyzing/raw_vlf_data/raw_data/Broadband_Data_2026.03.25_18.00.00.bin,4.000000,6.000000,ns/dense/loc_0005282.png,samples/loc_0005282.npz
loc_0000029,ns,dense,active_dense_model_error_source,6,/home/s_grudinin/code/university/vlf_analyzing/raw_vlf_data/raw_data/Broadband_Data_2026.03.25_16.32.00.bin,58.000000,60.000000,ns/dense/loc_0000029.png,samples/loc_0000029.npz
loc_0003958,we,single,active_single_model_error_source,1,/home/s_grudinin/code/university/vlf_analyzing/raw_vlf_data/raw_data/Broadband_Data_2026.03.25_17.37.00.bin,56.000000,58.000000,we/single/loc_0003958.png,samples/loc_0003958.npz
loc_0003957,we,single,active_single_model_error_source,1,/home/s_grudinin/code/university/vlf_analyzing/raw_vlf_data/raw_data/Broadband_Data_2026.03.25_17.37.00.bin,54.000000,56.000000,we/single/loc_0003957.png,samples/loc_0003957.npz
loc_0003956,we,single,active_single_model_error_source,1,/home/s_grudinin/code/university/vlf_analyzing/raw_vlf_data/raw_data/Broadband_Data_2026.03.25_17.37.00.bin,52.000000,54.000000,we/single/loc_0003956.png,samples/loc_0003956.npz
loc_0003955,we,single,active_single_model_error_source,1,/home/s_grudinin/code/university/vlf_analyzing/raw_vlf_data/raw_data/Broadband_Data_2026.03.25_17.37.00.bin,50.000000,52.000000,we/single/loc_0003955.png,samples/loc_0003955.npz
loc_0003954,we,single,active_single_model_error_source,1,/home/s_grudinin/code/university/vlf_analyzing/raw_vlf_data/raw_data/Broadband_Data_2026.03.25_17.37.00.bin,48.000000,50.000000,we/single/loc_0003954.png,samples/loc_0003954.npz
loc_0003953,we,single,active_single_model_error_source,1,/home/s_grudinin/code/university/vlf_analyzing/raw_vlf_data/raw_data/Broadband_Data_2026.03.25_17.37.00.bin,46.000000,48.000000,we/single/loc_0003953.png,samples/loc_0003953.npz
loc_0003952,we,single,active_single_model_error_source,1,/home/s_grudinin/code/university/vlf_analyzing/raw_vlf_data/raw_data/Broadband_Data_2026.03.25_17.37.00.bin,44.000000,46.000000,we/single/loc_0003952.png,samples/loc_0003952.npz
loc_0003950,we,single,active_single_model_error_source,1,/home/s_grudinin/code/university/vlf_analyzing/raw_vlf_data/raw_data/Broadband_Data_2026.03.25_17.37.00.bin,40.000000,42.000000,we/single/loc_0003950.png,samples/loc_0003950.npz
loc_0003949,we,single,active_single_model_error_source,1,/home/s_grudinin/code/university/vlf_analyzing/raw_vlf_data/raw_data/Broadband_Data_2026.03.25_17.37.00.bin,38.000000,40.000000,we/single/loc_0003949.png,samples/loc_0003949.npz
loc_0003948,we,single,active_single_model_error_source,1,/home/s_grudinin/code/university/vlf_analyzing/raw_vlf_data/raw_data/Broadband_Data_2026.03.25_17.37.00.bin,36.000000,38.000000,we/single/loc_0003948.png,samples/loc_0003948.npz
loc_0003946,we,single,active_single_model_error_source,1,/home/s_grudinin/code/university/vlf_analyzing/raw_vlf_data/raw_data/Broadband_Data_2026.03.25_17.37.00.bin,32.000000,34.000000,we/single/loc_0003946.png,samples/loc_0003946.npz
loc_0003945,we,single,active_single_model_error_source,1,/home/s_grudinin/code/university/vlf_analyzing/raw_vlf_data/raw_data/Broadband_Data_2026.03.25_17.37.00.bin,30.000000,32.000000,we/single/loc_0003945.png,samples/loc_0003945.npz
loc_0003944,we,single,active_single_model_error_source,1,/home/s_grudinin/code/university/vlf_analyzing/raw_vlf_data/raw_data/Broadband_Data_2026.03.25_17.37.00.bin,28.000000,30.000000,we/single/loc_0003944.png,samples/loc_0003944.npz
loc_0003943,we,single,active_single_model_error_source,1,/home/s_grudinin/code/university/vlf_analyzing/raw_vlf_data/raw_data/Broadband_Data_2026.03.25_17.37.00.bin,26.000000,28.000000,we/single/loc_0003943.png,samples/loc_0003943.npz
loc_0003942,we,single,active_single_model_error_source,1,/home/s_grudinin/code/university/vlf_analyzing/raw_vlf_data/raw_data/Broadband_Data_2026.03.25_17.37.00.bin,24.000000,26.000000,we/single/loc_0003942.png,samples/loc_0003942.npz
loc_0003938,we,single,active_single_model_error_source,1,/home/s_grudinin/code/university/vlf_analyzing/raw_vlf_data/raw_data/Broadband_Data_2026.03.25_17.37.00.bin,16.000000,18.000000,we/single/loc_0003938.png,samples/loc_0003938.npz
loc_0003936,we,single,active_single_model_error_source,1,/home/s_grudinin/code/university/vlf_analyzing/raw_vlf_data/raw_data/Broadband_Data_2026.03.25_17.37.00.bin,12.000000,14.000000,we/single/loc_0003936.png,samples/loc_0003936.npz
loc_0003934,we,single,active_single_model_error_source,1,/home/s_grudinin/code/university/vlf_analyzing/raw_vlf_data/raw_data/Broadband_Data_2026.03.25_17.37.00.bin,8.000000,10.000000,we/single/loc_0003934.png,samples/loc_0003934.npz
loc_0003933,we,single,active_single_model_error_source,1,/home/s_grudinin/code/university/vlf_analyzing/raw_vlf_data/raw_data/Broadband_Data_2026.03.25_17.37.00.bin,6.000000,8.000000,we/single/loc_0003933.png,samples/loc_0003933.npz
loc_0003931,we,single,active_single_model_error_source,1,/home/s_grudinin/code/university/vlf_analyzing/raw_vlf_data/raw_data/Broadband_Data_2026.03.25_17.37.00.bin,2.000000,4.000000,we/single/loc_0003931.png,samples/loc_0003931.npz
loc_0001079,we,single,active_single_model_error_source,1,/home/s_grudinin/code/university/vlf_analyzing/raw_vlf_data/raw_data/Broadband_Data_2026.03.25_16.49.00.bin,58.000000,60.000000,we/single/loc_0001079.png,samples/loc_0001079.npz
loc_0001078,we,single,active_single_model_error_source,1,/home/s_grudinin/code/university/vlf_analyzing/raw_vlf_data/raw_data/Broadband_Data_2026.03.25_16.49.00.bin,56.000000,58.000000,we/single/loc_0001078.png,samples/loc_0001078.npz
loc_0001077,we,single,active_single_model_error_source,1,/home/s_grudinin/code/university/vlf_analyzing/raw_vlf_data/raw_data/Broadband_Data_2026.03.25_16.49.00.bin,54.000000,56.000000,we/single/loc_0001077.png,samples/loc_0001077.npz
loc_0001072,we,single,active_single_model_error_source,1,/home/s_grudinin/code/university/vlf_analyzing/raw_vlf_data/raw_data/Broadband_Data_2026.03.25_16.49.00.bin,44.000000,46.000000,we/single/loc_0001072.png,samples/loc_0001072.npz
loc_0001071,we,single,active_single_model_error_source,1,/home/s_grudinin/code/university/vlf_analyzing/raw_vlf_data/raw_data/Broadband_Data_2026.03.25_16.49.00.bin,42.000000,44.000000,we/single/loc_0001071.png,samples/loc_0001071.npz
loc_0001069,we,single,active_single_model_error_source,1,/home/s_grudinin/code/university/vlf_analyzing/raw_vlf_data/raw_data/Broadband_Data_2026.03.25_16.49.00.bin,38.000000,40.000000,we/single/loc_0001069.png,samples/loc_0001069.npz
loc_0001068,we,single,active_single_model_error_source,1,/home/s_grudinin/code/university/vlf_analyzing/raw_vlf_data/raw_data/Broadband_Data_2026.03.25_16.49.00.bin,36.000000,38.000000,we/single/loc_0001068.png,samples/loc_0001068.npz
loc_0001067,we,single,active_single_model_error_source,1,/home/s_grudinin/code/university/vlf_analyzing/raw_vlf_data/raw_data/Broadband_Data_2026.03.25_16.49.00.bin,34.000000,36.000000,we/single/loc_0001067.png,samples/loc_0001067.npz
loc_0001065,we,single,active_single_model_error_source,1,/home/s_grudinin/code/university/vlf_analyzing/raw_vlf_data/raw_data/Broadband_Data_2026.03.25_16.49.00.bin,30.000000,32.000000,we/single/loc_0001065.png,samples/loc_0001065.npz
loc_0001063,we,single,active_single_model_error_source,1,/home/s_grudinin/code/university/vlf_analyzing/raw_vlf_data/raw_data/Broadband_Data_2026.03.25_16.49.00.bin,26.000000,28.000000,we/single/loc_0001063.png,samples/loc_0001063.npz
loc_0001062,we,single,active_single_model_error_source,1,/home/s_grudinin/code/university/vlf_analyzing/raw_vlf_data/raw_data/Broadband_Data_2026.03.25_16.49.00.bin,24.000000,26.000000,we/single/loc_0001062.png,samples/loc_0001062.npz
loc_0001060,we,single,active_single_model_error_source,1,/home/s_grudinin/code/university/vlf_analyzing/raw_vlf_data/raw_data/Broadband_Data_2026.03.25_16.49.00.bin,20.000000,22.000000,we/single/loc_0001060.png,samples/loc_0001060.npz
loc_0001058,we,single,active_single_model_error_source,1,/home/s_grudinin/code/university/vlf_analyzing/raw_vlf_data/raw_data/Broadband_Data_2026.03.25_16.49.00.bin,16.000000,18.000000,we/single/loc_0001058.png,samples/loc_0001058.npz
loc_0001057,we,single,active_single_model_error_source,1,/home/s_grudinin/code/university/vlf_analyzing/raw_vlf_data/raw_data/Broadband_Data_2026.03.25_16.49.00.bin,14.000000,16.000000,we/single/loc_0001057.png,samples/loc_0001057.npz
loc_0001056,we,single,active_single_model_error_source,1,/home/s_grudinin/code/university/vlf_analyzing/raw_vlf_data/raw_data/Broadband_Data_2026.03.25_16.49.00.bin,12.000000,14.000000,we/single/loc_0001056.png,samples/loc_0001056.npz
loc_0001055,we,single,active_single_model_error_source,1,/home/s_grudinin/code/university/vlf_analyzing/raw_vlf_data/raw_data/Broadband_Data_2026.03.25_16.49.00.bin,10.000000,12.000000,we/single/loc_0001055.png,samples/loc_0001055.npz
loc_0001054,we,single,active_single_model_error_source,1,/home/s_grudinin/code/university/vlf_analyzing/raw_vlf_data/raw_data/Broadband_Data_2026.03.25_16.49.00.bin,8.000000,10.000000,we/single/loc_0001054.png,samples/loc_0001054.npz
loc_0001052,we,single,active_single_model_error_source,1,/home/s_grudinin/code/university/vlf_analyzing/raw_vlf_data/raw_data/Broadband_Data_2026.03.25_16.49.00.bin,4.000000,6.000000,we/single/loc_0001052.png,samples/loc_0001052.npz
loc_0001051,we,single,active_single_model_error_source,1,/home/s_grudinin/code/university/vlf_analyzing/raw_vlf_data/raw_data/Broadband_Data_2026.03.25_16.49.00.bin,2.000000,4.000000,we/single/loc_0001051.png,samples/loc_0001051.npz
loc_0001050,we,single,active_single_model_error_source,1,/home/s_grudinin/code/university/vlf_analyzing/raw_vlf_data/raw_data/Broadband_Data_2026.03.25_16.49.00.bin,0.000000,2.000000,we/single/loc_0001050.png,samples/loc_0001050.npz
loc_0003779,we,single,active_single_model_error_source,1,/home/s_grudinin/code/university/vlf_analyzing/raw_vlf_data/raw_data/Broadband_Data_2026.03.25_17.34.00.bin,58.000000,60.000000,we/single/loc_0003779.png,samples/loc_0003779.npz
loc_0003778,we,single,active_single_model_error_source,1,/home/s_grudinin/code/university/vlf_analyzing/raw_vlf_data/raw_data/Broadband_Data_2026.03.25_17.34.00.bin,56.000000,58.000000,we/single/loc_0003778.png,samples/loc_0003778.npz
loc_0003777,we,single,active_single_model_error_source,1,/home/s_grudinin/code/university/vlf_analyzing/raw_vlf_data/raw_data/Broadband_Data_2026.03.25_17.34.00.bin,54.000000,56.000000,we/single/loc_0003777.png,samples/loc_0003777.npz
loc_0003776,we,single,active_single_model_error_source,1,/home/s_grudinin/code/university/vlf_analyzing/raw_vlf_data/raw_data/Broadband_Data_2026.03.25_17.34.00.bin,52.000000,54.000000,we/single/loc_0003776.png,samples/loc_0003776.npz
loc_0003775,we,single,active_single_model_error_source,1,/home/s_grudinin/code/university/vlf_analyzing/raw_vlf_data/raw_data/Broadband_Data_2026.03.25_17.34.00.bin,50.000000,52.000000,we/single/loc_0003775.png,samples/loc_0003775.npz
loc_0003959,we,few,active_few_model_error_source,2,/home/s_grudinin/code/university/vlf_analyzing/raw_vlf_data/raw_data/Broadband_Data_2026.03.25_17.37.00.bin,58.000000,60.000000,we/few/loc_0003959.png,samples/loc_0003959.npz
loc_0003951,we,few,active_few_model_error_source,3,/home/s_grudinin/code/university/vlf_analyzing/raw_vlf_data/raw_data/Broadband_Data_2026.03.25_17.37.00.bin,42.000000,44.000000,we/few/loc_0003951.png,samples/loc_0003951.npz
loc_0003947,we,few,active_few_model_error_source,2,/home/s_grudinin/code/university/vlf_analyzing/raw_vlf_data/raw_data/Broadband_Data_2026.03.25_17.37.00.bin,34.000000,36.000000,we/few/loc_0003947.png,samples/loc_0003947.npz
loc_0003941,we,few,active_few_model_error_source,3,/home/s_grudinin/code/university/vlf_analyzing/raw_vlf_data/raw_data/Broadband_Data_2026.03.25_17.37.00.bin,22.000000,24.000000,we/few/loc_0003941.png,samples/loc_0003941.npz
loc_0003939,we,few,active_few_model_error_source,2,/home/s_grudinin/code/university/vlf_analyzing/raw_vlf_data/raw_data/Broadband_Data_2026.03.25_17.37.00.bin,18.000000,20.000000,we/few/loc_0003939.png,samples/loc_0003939.npz
loc_0003935,we,few,active_few_model_error_source,2,/home/s_grudinin/code/university/vlf_analyzing/raw_vlf_data/raw_data/Broadband_Data_2026.03.25_17.37.00.bin,10.000000,12.000000,we/few/loc_0003935.png,samples/loc_0003935.npz
loc_0003932,we,few,active_few_model_error_source,2,/home/s_grudinin/code/university/vlf_analyzing/raw_vlf_data/raw_data/Broadband_Data_2026.03.25_17.37.00.bin,4.000000,6.000000,we/few/loc_0003932.png,samples/loc_0003932.npz
loc_0003930,we,few,active_few_model_error_source,3,/home/s_grudinin/code/university/vlf_analyzing/raw_vlf_data/raw_data/Broadband_Data_2026.03.25_17.37.00.bin,0.000000,2.000000,we/few/loc_0003930.png,samples/loc_0003930.npz
loc_0001076,we,few,active_few_model_error_source,2,/home/s_grudinin/code/university/vlf_analyzing/raw_vlf_data/raw_data/Broadband_Data_2026.03.25_16.49.00.bin,52.000000,54.000000,we/few/loc_0001076.png,samples/loc_0001076.npz
loc_0001075,we,few,active_few_model_error_source,3,/home/s_grudinin/code/university/vlf_analyzing/raw_vlf_data/raw_data/Broadband_Data_2026.03.25_16.49.00.bin,50.000000,52.000000,we/few/loc_0001075.png,samples/loc_0001075.npz
loc_0001074,we,few,active_few_model_error_source,2,/home/s_grudinin/code/university/vlf_analyzing/raw_vlf_data/raw_data/Broadband_Data_2026.03.25_16.49.00.bin,48.000000,50.000000,we/few/loc_0001074.png,samples/loc_0001074.npz
loc_0001073,we,few,active_few_model_error_source,2,/home/s_grudinin/code/university/vlf_analyzing/raw_vlf_data/raw_data/Broadband_Data_2026.03.25_16.49.00.bin,46.000000,48.000000,we/few/loc_0001073.png,samples/loc_0001073.npz
loc_0001070,we,few,active_few_model_error_source,3,/home/s_grudinin/code/university/vlf_analyzing/raw_vlf_data/raw_data/Broadband_Data_2026.03.25_16.49.00.bin,40.000000,42.000000,we/few/loc_0001070.png,samples/loc_0001070.npz
loc_0001066,we,few,active_few_model_error_source,2,/home/s_grudinin/code/university/vlf_analyzing/raw_vlf_data/raw_data/Broadband_Data_2026.03.25_16.49.00.bin,32.000000,34.000000,we/few/loc_0001066.png,samples/loc_0001066.npz
loc_0001064,we,few,active_few_model_error_source,2,/home/s_grudinin/code/university/vlf_analyzing/raw_vlf_data/raw_data/Broadband_Data_2026.03.25_16.49.00.bin,28.000000,30.000000,we/few/loc_0001064.png,samples/loc_0001064.npz
loc_0001061,we,few,active_few_model_error_source,2,/home/s_grudinin/code/university/vlf_analyzing/raw_vlf_data/raw_data/Broadband_Data_2026.03.25_16.49.00.bin,22.000000,24.000000,we/few/loc_0001061.png,samples/loc_0001061.npz
loc_0001059,we,few,active_few_model_error_source,3,/home/s_grudinin/code/university/vlf_analyzing/raw_vlf_data/raw_data/Broadband_Data_2026.03.25_16.49.00.bin,18.000000,20.000000,we/few/loc_0001059.png,samples/loc_0001059.npz
loc_0003763,we,few,active_few_model_error_source,3,/home/s_grudinin/code/university/vlf_analyzing/raw_vlf_data/raw_data/Broadband_Data_2026.03.25_17.34.00.bin,26.000000,28.000000,we/few/loc_0003763.png,samples/loc_0003763.npz
loc_0003761,we,few,active_few_model_error_source,2,/home/s_grudinin/code/university/vlf_analyzing/raw_vlf_data/raw_data/Broadband_Data_2026.03.25_17.34.00.bin,22.000000,24.000000,we/few/loc_0003761.png,samples/loc_0003761.npz
loc_0003760,we,few,active_few_model_error_source,2,/home/s_grudinin/code/university/vlf_analyzing/raw_vlf_data/raw_data/Broadband_Data_2026.03.25_17.34.00.bin,20.000000,22.000000,we/few/loc_0003760.png,samples/loc_0003760.npz
loc_0003758,we,few,active_few_model_error_source,2,/home/s_grudinin/code/university/vlf_analyzing/raw_vlf_data/raw_data/Broadband_Data_2026.03.25_17.34.00.bin,16.000000,18.000000,we/few/loc_0003758.png,samples/loc_0003758.npz
loc_0003751,we,few,active_few_model_error_source,2,/home/s_grudinin/code/university/vlf_analyzing/raw_vlf_data/raw_data/Broadband_Data_2026.03.25_17.34.00.bin,2.000000,4.000000,we/few/loc_0003751.png,samples/loc_0003751.npz
loc_0000059,we,few,active_few_model_error_source,3,/home/s_grudinin/code/university/vlf_analyzing/raw_vlf_data/raw_data/Broadband_Data_2026.03.25_16.32.00.bin,58.000000,60.000000,we/few/loc_0000059.png,samples/loc_0000059.npz
loc_0000047,we,few,active_few_model_error_source,2,/home/s_grudinin/code/university/vlf_analyzing/raw_vlf_data/raw_data/Broadband_Data_2026.03.25_16.32.00.bin,34.000000,36.000000,we/few/loc_0000047.png,samples/loc_0000047.npz
loc_0000046,we,few,active_few_model_error_source,2,/home/s_grudinin/code/university/vlf_analyzing/raw_vlf_data/raw_data/Broadband_Data_2026.03.25_16.32.00.bin,32.000000,34.000000,we/few/loc_0000046.png,samples/loc_0000046.npz
loc_0000044,we,few,active_few_model_error_source,2,/home/s_grudinin/code/university/vlf_analyzing/raw_vlf_data/raw_data/Broadband_Data_2026.03.25_16.32.00.bin,28.000000,30.000000,we/few/loc_0000044.png,samples/loc_0000044.npz
loc_0000042,we,few,active_few_model_error_source,2,/home/s_grudinin/code/university/vlf_analyzing/raw_vlf_data/raw_data/Broadband_Data_2026.03.25_16.32.00.bin,24.000000,26.000000,we/few/loc_0000042.png,samples/loc_0000042.npz
loc_0000038,we,few,active_few_model_error_source,2,/home/s_grudinin/code/university/vlf_analyzing/raw_vlf_data/raw_data/Broadband_Data_2026.03.25_16.32.00.bin,16.000000,18.000000,we/few/loc_0000038.png,samples/loc_0000038.npz
loc_0001556,we,few,active_few_model_error_source,2,/home/s_grudinin/code/university/vlf_analyzing/raw_vlf_data/raw_data/Broadband_Data_2026.03.25_16.57.00.bin,52.000000,54.000000,we/few/loc_0001556.png,samples/loc_0001556.npz
loc_0001555,we,few,active_few_model_error_source,2,/home/s_grudinin/code/university/vlf_analyzing/raw_vlf_data/raw_data/Broadband_Data_2026.03.25_16.57.00.bin,50.000000,52.000000,we/few/loc_0001555.png,samples/loc_0001555.npz
loc_0001541,we,few,active_few_model_error_source,2,/home/s_grudinin/code/university/vlf_analyzing/raw_vlf_data/raw_data/Broadband_Data_2026.03.25_16.57.00.bin,22.000000,24.000000,we/few/loc_0001541.png,samples/loc_0001541.npz
loc_0001537,we,few,active_few_model_error_source,3,/home/s_grudinin/code/university/vlf_analyzing/raw_vlf_data/raw_data/Broadband_Data_2026.03.25_16.57.00.bin,14.000000,16.000000,we/few/loc_0001537.png,samples/loc_0001537.npz
loc_0001536,we,few,active_few_model_error_source,3,/home/s_grudinin/code/university/vlf_analyzing/raw_vlf_data/raw_data/Broadband_Data_2026.03.25_16.57.00.bin,12.000000,14.000000,we/few/loc_0001536.png,samples/loc_0001536.npz
loc_0002517,we,few,active_few_model_error_source,2,/home/s_grudinin/code/university/vlf_analyzing/raw_vlf_data/raw_data/Broadband_Data_2026.03.25_17.13.00.bin,54.000000,56.000000,we/few/loc_0002517.png,samples/loc_0002517.npz
loc_0002516,we,few,active_few_model_error_source,3,/home/s_grudinin/code/university/vlf_analyzing/raw_vlf_data/raw_data/Broadband_Data_2026.03.25_17.13.00.bin,52.000000,54.000000,we/few/loc_0002516.png,samples/loc_0002516.npz
loc_0002510,we,few,active_few_model_error_source,2,/home/s_grudinin/code/university/vlf_analyzing/raw_vlf_data/raw_data/Broadband_Data_2026.03.25_17.13.00.bin,40.000000,42.000000,we/few/loc_0002510.png,samples/loc_0002510.npz
loc_0002509,we,few,active_few_model_error_source,2,/home/s_grudinin/code/university/vlf_analyzing/raw_vlf_data/raw_data/Broadband_Data_2026.03.25_17.13.00.bin,38.000000,40.000000,we/few/loc_0002509.png,samples/loc_0002509.npz
loc_0002508,we,few,active_few_model_error_source,3,/home/s_grudinin/code/university/vlf_analyzing/raw_vlf_data/raw_data/Broadband_Data_2026.03.25_17.13.00.bin,36.000000,38.000000,we/few/loc_0002508.png,samples/loc_0002508.npz
loc_0002507,we,few,active_few_model_error_source,3,/home/s_grudinin/code/university/vlf_analyzing/raw_vlf_data/raw_data/Broadband_Data_2026.03.25_17.13.00.bin,34.000000,36.000000,we/few/loc_0002507.png,samples/loc_0002507.npz
loc_0002506,we,few,active_few_model_error_source,2,/home/s_grudinin/code/university/vlf_analyzing/raw_vlf_data/raw_data/Broadband_Data_2026.03.25_17.13.00.bin,32.000000,34.000000,we/few/loc_0002506.png,samples/loc_0002506.npz
loc_0002502,we,few,active_few_model_error_source,2,/home/s_grudinin/code/university/vlf_analyzing/raw_vlf_data/raw_data/Broadband_Data_2026.03.25_17.13.00.bin,24.000000,26.000000,we/few/loc_0002502.png,samples/loc_0002502.npz
loc_0002497,we,few,active_few_model_error_source,2,/home/s_grudinin/code/university/vlf_analyzing/raw_vlf_data/raw_data/Broadband_Data_2026.03.25_17.13.00.bin,14.000000,16.000000,we/few/loc_0002497.png,samples/loc_0002497.npz
loc_0004437,we,few,active_few_model_error_source,2,/home/s_grudinin/code/university/vlf_analyzing/raw_vlf_data/raw_data/Broadband_Data_2026.03.25_17.45.00.bin,54.000000,56.000000,we/few/loc_0004437.png,samples/loc_0004437.npz
loc_0004435,we,few,active_few_model_error_source,2,/home/s_grudinin/code/university/vlf_analyzing/raw_vlf_data/raw_data/Broadband_Data_2026.03.25_17.45.00.bin,50.000000,52.000000,we/few/loc_0004435.png,samples/loc_0004435.npz
loc_0004432,we,few,active_few_model_error_source,3,/home/s_grudinin/code/university/vlf_analyzing/raw_vlf_data/raw_data/Broadband_Data_2026.03.25_17.45.00.bin,44.000000,46.000000,we/few/loc_0004432.png,samples/loc_0004432.npz
loc_0004427,we,few,active_few_model_error_source,2,/home/s_grudinin/code/university/vlf_analyzing/raw_vlf_data/raw_data/Broadband_Data_2026.03.25_17.45.00.bin,34.000000,36.000000,we/few/loc_0004427.png,samples/loc_0004427.npz
loc_0004424,we,few,active_few_model_error_source,2,/home/s_grudinin/code/university/vlf_analyzing/raw_vlf_data/raw_data/Broadband_Data_2026.03.25_17.45.00.bin,28.000000,30.000000,we/few/loc_0004424.png,samples/loc_0004424.npz
loc_0004422,we,few,active_few_model_error_source,2,/home/s_grudinin/code/university/vlf_analyzing/raw_vlf_data/raw_data/Broadband_Data_2026.03.25_17.45.00.bin,24.000000,26.000000,we/few/loc_0004422.png,samples/loc_0004422.npz
loc_0004421,we,few,active_few_model_error_source,2,/home/s_grudinin/code/university/vlf_analyzing/raw_vlf_data/raw_data/Broadband_Data_2026.03.25_17.45.00.bin,22.000000,24.000000,we/few/loc_0004421.png,samples/loc_0004421.npz
loc_0004417,we,few,active_few_model_error_source,2,/home/s_grudinin/code/university/vlf_analyzing/raw_vlf_data/raw_data/Broadband_Data_2026.03.25_17.45.00.bin,14.000000,16.000000,we/few/loc_0004417.png,samples/loc_0004417.npz
loc_0004414,we,few,active_few_model_error_source,2,/home/s_grudinin/code/university/vlf_analyzing/raw_vlf_data/raw_data/Broadband_Data_2026.03.25_17.45.00.bin,8.000000,10.000000,we/few/loc_0004414.png,samples/loc_0004414.npz
loc_0004413,we,few,active_few_model_error_source,2,/home/s_grudinin/code/university/vlf_analyzing/raw_vlf_data/raw_data/Broadband_Data_2026.03.25_17.45.00.bin,6.000000,8.000000,we/few/loc_0004413.png,samples/loc_0004413.npz
loc_0004411,we,few,active_few_model_error_source,2,/home/s_grudinin/code/university/vlf_analyzing/raw_vlf_data/raw_data/Broadband_Data_2026.03.25_17.45.00.bin,2.000000,4.000000,we/few/loc_0004411.png,samples/loc_0004411.npz
loc_0004410,we,few,active_few_model_error_source,2,/home/s_grudinin/code/university/vlf_analyzing/raw_vlf_data/raw_data/Broadband_Data_2026.03.25_17.45.00.bin,0.000000,2.000000,we/few/loc_0004410.png,samples/loc_0004410.npz
loc_0000897,we,few,active_few_model_error_source,2,/home/s_grudinin/code/university/vlf_analyzing/raw_vlf_data/raw_data/Broadband_Data_2026.03.25_16.46.00.bin,54.000000,56.000000,we/few/loc_0000897.png,samples/loc_0000897.npz
loc_0002501,we,dense,active_dense_model_error_source,4,/home/s_grudinin/code/university/vlf_analyzing/raw_vlf_data/raw_data/Broadband_Data_2026.03.25_17.13.00.bin,22.000000,24.000000,we/dense/loc_0002501.png,samples/loc_0002501.npz
loc_0003478,we,dense,active_dense,4,/home/s_grudinin/code/university/vlf_analyzing/raw_vlf_data/raw_data/Broadband_Data_2026.03.25_17.29.00.bin,56.000000,58.000000,we/dense/loc_0003478.png,samples/loc_0003478.npz
loc_0002145,we,dense,active_dense,4,/home/s_grudinin/code/university/vlf_analyzing/raw_vlf_data/raw_data/Broadband_Data_2026.03.25_17.07.00.bin,30.000000,32.000000,we/dense/loc_0002145.png,samples/loc_0002145.npz
loc_0002139,we,dense,active_dense,4,/home/s_grudinin/code/university/vlf_analyzing/raw_vlf_data/raw_data/Broadband_Data_2026.03.25_17.07.00.bin,18.000000,20.000000,we/dense/loc_0002139.png,samples/loc_0002139.npz
loc_0001710,we,dense,active_dense,4,/home/s_grudinin/code/university/vlf_analyzing/raw_vlf_data/raw_data/Broadband_Data_2026.03.25_17.00.00.bin,0.000000,2.000000,we/dense/loc_0001710.png,samples/loc_0001710.npz
loc_0001489,we,dense,active_dense,4,/home/s_grudinin/code/university/vlf_analyzing/raw_vlf_data/raw_data/Broadband_Data_2026.03.25_16.56.00.bin,38.000000,40.000000,we/dense/loc_0001489.png,samples/loc_0001489.npz
loc_0001414,we,dense,active_dense,4,/home/s_grudinin/code/university/vlf_analyzing/raw_vlf_data/raw_data/Broadband_Data_2026.03.25_16.55.00.bin,8.000000,10.000000,we/dense/loc_0001414.png,samples/loc_0001414.npz
loc_0001368,we,dense,active_dense,4,/home/s_grudinin/code/university/vlf_analyzing/raw_vlf_data/raw_data/Broadband_Data_2026.03.25_16.54.00.bin,36.000000,38.000000,we/dense/loc_0001368.png,samples/loc_0001368.npz
loc_0001247,we,dense,active_dense,4,/home/s_grudinin/code/university/vlf_analyzing/raw_vlf_data/raw_data/Broadband_Data_2026.03.25_16.52.00.bin,34.000000,36.000000,we/dense/loc_0001247.png,samples/loc_0001247.npz
loc_0000837,we,dense,active_dense,4,/home/s_grudinin/code/university/vlf_analyzing/raw_vlf_data/raw_data/Broadband_Data_2026.03.25_16.45.00.bin,54.000000,56.000000,we/dense/loc_0000837.png,samples/loc_0000837.npz
loc_0000815,we,dense,active_dense,4,/home/s_grudinin/code/university/vlf_analyzing/raw_vlf_data/raw_data/Broadband_Data_2026.03.25_16.45.00.bin,10.000000,12.000000,we/dense/loc_0000815.png,samples/loc_0000815.npz
loc_0000712,we,dense,active_dense,4,/home/s_grudinin/code/university/vlf_analyzing/raw_vlf_data/raw_data/Broadband_Data_2026.03.25_16.43.00.bin,44.000000,46.000000,we/dense/loc_0000712.png,samples/loc_0000712.npz
loc_0000571,we,dense,active_dense,4,/home/s_grudinin/code/university/vlf_analyzing/raw_vlf_data/raw_data/Broadband_Data_2026.03.25_16.41.00.bin,2.000000,4.000000,we/dense/loc_0000571.png,samples/loc_0000571.npz
loc_0000117,we,dense,active_dense,4,/home/s_grudinin/code/university/vlf_analyzing/raw_vlf_data/raw_data/Broadband_Data_2026.03.25_16.33.00.bin,54.000000,56.000000,we/dense/loc_0000117.png,samples/loc_0000117.npz
loc_0000100,we,dense,active_dense,4,/home/s_grudinin/code/university/vlf_analyzing/raw_vlf_data/raw_data/Broadband_Data_2026.03.25_16.33.00.bin,20.000000,22.000000,we/dense/loc_0000100.png,samples/loc_0000100.npz
loc_0003774,we,single,active_coverage_fill_single_model_error_source,1,/home/s_grudinin/code/university/vlf_analyzing/raw_vlf_data/raw_data/Broadband_Data_2026.03.25_17.34.00.bin,48.000000,50.000000,we/single/loc_0003774.png,samples/loc_0003774.npz
loc_0003773,we,single,active_coverage_fill_single_model_error_source,1,/home/s_grudinin/code/university/vlf_analyzing/raw_vlf_data/raw_data/Broadband_Data_2026.03.25_17.34.00.bin,46.000000,48.000000,we/single/loc_0003773.png,samples/loc_0003773.npz
loc_0003772,we,single,active_coverage_fill_single_model_error_source,1,/home/s_grudinin/code/university/vlf_analyzing/raw_vlf_data/raw_data/Broadband_Data_2026.03.25_17.34.00.bin,44.000000,46.000000,we/single/loc_0003772.png,samples/loc_0003772.npz
loc_0003771,we,single,active_coverage_fill_single_model_error_source,1,/home/s_grudinin/code/university/vlf_analyzing/raw_vlf_data/raw_data/Broadband_Data_2026.03.25_17.34.00.bin,42.000000,44.000000,we/single/loc_0003771.png,samples/loc_0003771.npz
loc_0003770,we,single,active_coverage_fill_single_model_error_source,1,/home/s_grudinin/code/university/vlf_analyzing/raw_vlf_data/raw_data/Broadband_Data_2026.03.25_17.34.00.bin,40.000000,42.000000,we/single/loc_0003770.png,samples/loc_0003770.npz
loc_0003769,we,single,active_coverage_fill_single_model_error_source,1,/home/s_grudinin/code/university/vlf_analyzing/raw_vlf_data/raw_data/Broadband_Data_2026.03.25_17.34.00.bin,38.000000,40.000000,we/single/loc_0003769.png,samples/loc_0003769.npz
loc_0003768,we,single,active_coverage_fill_single_model_error_source,1,/home/s_grudinin/code/university/vlf_analyzing/raw_vlf_data/raw_data/Broadband_Data_2026.03.25_17.34.00.bin,36.000000,38.000000,we/single/loc_0003768.png,samples/loc_0003768.npz
loc_0003767,we,single,active_coverage_fill_single_model_error_source,1,/home/s_grudinin/code/university/vlf_analyzing/raw_vlf_data/raw_data/Broadband_Data_2026.03.25_17.34.00.bin,34.000000,36.000000,we/single/loc_0003767.png,samples/loc_0003767.npz
loc_0003766,we,single,active_coverage_fill_single_model_error_source,1,/home/s_grudinin/code/university/vlf_analyzing/raw_vlf_data/raw_data/Broadband_Data_2026.03.25_17.34.00.bin,32.000000,34.000000,we/single/loc_0003766.png,samples/loc_0003766.npz
loc_0003765,we,single,active_coverage_fill_single_model_error_source,1,/home/s_grudinin/code/university/vlf_analyzing/raw_vlf_data/raw_data/Broadband_Data_2026.03.25_17.34.00.bin,30.000000,32.000000,we/single/loc_0003765.png,samples/loc_0003765.npz
loc_0003764,we,single,active_coverage_fill_single_model_error_source,1,/home/s_grudinin/code/university/vlf_analyzing/raw_vlf_data/raw_data/Broadband_Data_2026.03.25_17.34.00.bin,28.000000,30.000000,we/single/loc_0003764.png,samples/loc_0003764.npz
loc_0003762,we,single,active_coverage_fill_single_model_error_source,1,/home/s_grudinin/code/university/vlf_analyzing/raw_vlf_data/raw_data/Broadband_Data_2026.03.25_17.34.00.bin,24.000000,26.000000,we/single/loc_0003762.png,samples/loc_0003762.npz
loc_0003759,we,single,active_coverage_fill_single_model_error_source,1,/home/s_grudinin/code/university/vlf_analyzing/raw_vlf_data/raw_data/Broadband_Data_2026.03.25_17.34.00.bin,18.000000,20.000000,we/single/loc_0003759.png,samples/loc_0003759.npz
loc_0003757,we,single,active_coverage_fill_single_model_error_source,1,/home/s_grudinin/code/university/vlf_analyzing/raw_vlf_data/raw_data/Broadband_Data_2026.03.25_17.34.00.bin,14.000000,16.000000,we/single/loc_0003757.png,samples/loc_0003757.npz
loc_0003756,we,single,active_coverage_fill_single_model_error_source,1,/home/s_grudinin/code/university/vlf_analyzing/raw_vlf_data/raw_data/Broadband_Data_2026.03.25_17.34.00.bin,12.000000,14.000000,we/single/loc_0003756.png,samples/loc_0003756.npz
loc_0003754,we,single,active_coverage_fill_single_model_error_source,1,/home/s_grudinin/code/university/vlf_analyzing/raw_vlf_data/raw_data/Broadband_Data_2026.03.25_17.34.00.bin,8.000000,10.000000,we/single/loc_0003754.png,samples/loc_0003754.npz
loc_0003753,we,single,active_coverage_fill_single_model_error_source,1,/home/s_grudinin/code/university/vlf_analyzing/raw_vlf_data/raw_data/Broadband_Data_2026.03.25_17.34.00.bin,6.000000,8.000000,we/single/loc_0003753.png,samples/loc_0003753.npz
loc_0003752,we,single,active_coverage_fill_single_model_error_source,1,/home/s_grudinin/code/university/vlf_analyzing/raw_vlf_data/raw_data/Broadband_Data_2026.03.25_17.34.00.bin,4.000000,6.000000,we/single/loc_0003752.png,samples/loc_0003752.npz
loc_0003750,we,single,active_coverage_fill_single_model_error_source,1,/home/s_grudinin/code/university/vlf_analyzing/raw_vlf_data/raw_data/Broadband_Data_2026.03.25_17.34.00.bin,0.000000,2.000000,we/single/loc_0003750.png,samples/loc_0003750.npz
loc_0000896,we,few,active_coverage_fill_few_model_error_source,2,/home/s_grudinin/code/university/vlf_analyzing/raw_vlf_data/raw_data/Broadband_Data_2026.03.25_16.46.00.bin,52.000000,54.000000,we/few/loc_0000896.png,samples/loc_0000896.npz
loc_0000895,we,few,active_coverage_fill_few_model_error_source,2,/home/s_grudinin/code/university/vlf_analyzing/raw_vlf_data/raw_data/Broadband_Data_2026.03.25_16.46.00.bin,50.000000,52.000000,we/few/loc_0000895.png,samples/loc_0000895.npz
loc_0000888,we,few,active_coverage_fill_few_model_error_source,2,/home/s_grudinin/code/university/vlf_analyzing/raw_vlf_data/raw_data/Broadband_Data_2026.03.25_16.46.00.bin,36.000000,38.000000,we/few/loc_0000888.png,samples/loc_0000888.npz
loc_0000887,we,few,active_coverage_fill_few_model_error_source,2,/home/s_grudinin/code/university/vlf_analyzing/raw_vlf_data/raw_data/Broadband_Data_2026.03.25_16.46.00.bin,34.000000,36.000000,we/few/loc_0000887.png,samples/loc_0000887.npz
loc_0000885,we,few,active_coverage_fill_few_model_error_source,2,/home/s_grudinin/code/university/vlf_analyzing/raw_vlf_data/raw_data/Broadband_Data_2026.03.25_16.46.00.bin,30.000000,32.000000,we/few/loc_0000885.png,samples/loc_0000885.npz
loc_0000883,we,few,active_coverage_fill_few_model_error_source,3,/home/s_grudinin/code/university/vlf_analyzing/raw_vlf_data/raw_data/Broadband_Data_2026.03.25_16.46.00.bin,26.000000,28.000000,we/few/loc_0000883.png,samples/loc_0000883.npz
loc_0000880,we,few,active_coverage_fill_few_model_error_source,3,/home/s_grudinin/code/university/vlf_analyzing/raw_vlf_data/raw_data/Broadband_Data_2026.03.25_16.46.00.bin,20.000000,22.000000,we/few/loc_0000880.png,samples/loc_0000880.npz
loc_0000872,we,few,active_coverage_fill_few_model_error_source,3,/home/s_grudinin/code/university/vlf_analyzing/raw_vlf_data/raw_data/Broadband_Data_2026.03.25_16.46.00.bin,4.000000,6.000000,we/few/loc_0000872.png,samples/loc_0000872.npz
loc_0000058,we,single,active_coverage_fill_single_model_error_source,1,/home/s_grudinin/code/university/vlf_analyzing/raw_vlf_data/raw_data/Broadband_Data_2026.03.25_16.32.00.bin,56.000000,58.000000,we/single/loc_0000058.png,samples/loc_0000058.npz
loc_0000057,we,single,active_coverage_fill_single_model_error_source,1,/home/s_grudinin/code/university/vlf_analyzing/raw_vlf_data/raw_data/Broadband_Data_2026.03.25_16.32.00.bin,54.000000,56.000000,we/single/loc_0000057.png,samples/loc_0000057.npz
loc_0000056,we,single,active_coverage_fill_single_model_error_source,1,/home/s_grudinin/code/university/vlf_analyzing/raw_vlf_data/raw_data/Broadband_Data_2026.03.25_16.32.00.bin,52.000000,54.000000,we/single/loc_0000056.png,samples/loc_0000056.npz
loc_0000055,we,single,active_coverage_fill_single_model_error_source,1,/home/s_grudinin/code/university/vlf_analyzing/raw_vlf_data/raw_data/Broadband_Data_2026.03.25_16.32.00.bin,50.000000,52.000000,we/single/loc_0000055.png,samples/loc_0000055.npz
loc_0000054,we,single,active_coverage_fill_single_model_error_source,1,/home/s_grudinin/code/university/vlf_analyzing/raw_vlf_data/raw_data/Broadband_Data_2026.03.25_16.32.00.bin,48.000000,50.000000,we/single/loc_0000054.png,samples/loc_0000054.npz
loc_0000053,we,single,active_coverage_fill_single_model_error_source,1,/home/s_grudinin/code/university/vlf_analyzing/raw_vlf_data/raw_data/Broadband_Data_2026.03.25_16.32.00.bin,46.000000,48.000000,we/single/loc_0000053.png,samples/loc_0000053.npz
loc_0000052,we,single,active_coverage_fill_single_model_error_source,1,/home/s_grudinin/code/university/vlf_analyzing/raw_vlf_data/raw_data/Broadband_Data_2026.03.25_16.32.00.bin,44.000000,46.000000,we/single/loc_0000052.png,samples/loc_0000052.npz
loc_0000051,we,single,active_coverage_fill_single_model_error_source,1,/home/s_grudinin/code/university/vlf_analyzing/raw_vlf_data/raw_data/Broadband_Data_2026.03.25_16.32.00.bin,42.000000,44.000000,we/single/loc_0000051.png,samples/loc_0000051.npz
loc_0000050,we,single,active_coverage_fill_single_model_error_source,1,/home/s_grudinin/code/university/vlf_analyzing/raw_vlf_data/raw_data/Broadband_Data_2026.03.25_16.32.00.bin,40.000000,42.000000,we/single/loc_0000050.png,samples/loc_0000050.npz
loc_0000049,we,single,active_coverage_fill_single_model_error_source,1,/home/s_grudinin/code/university/vlf_analyzing/raw_vlf_data/raw_data/Broadband_Data_2026.03.25_16.32.00.bin,38.000000,40.000000,we/single/loc_0000049.png,samples/loc_0000049.npz
loc_0000048,we,single,active_coverage_fill_single_model_error_source,1,/home/s_grudinin/code/university/vlf_analyzing/raw_vlf_data/raw_data/Broadband_Data_2026.03.25_16.32.00.bin,36.000000,38.000000,we/single/loc_0000048.png,samples/loc_0000048.npz
loc_0000045,we,single,active_coverage_fill_single_model_error_source,1,/home/s_grudinin/code/university/vlf_analyzing/raw_vlf_data/raw_data/Broadband_Data_2026.03.25_16.32.00.bin,30.000000,32.000000,we/single/loc_0000045.png,samples/loc_0000045.npz
loc_0000043,we,single,active_coverage_fill_single_model_error_source,1,/home/s_grudinin/code/university/vlf_analyzing/raw_vlf_data/raw_data/Broadband_Data_2026.03.25_16.32.00.bin,26.000000,28.000000,we/single/loc_0000043.png,samples/loc_0000043.npz
loc_0000041,we,single,active_coverage_fill_single_model_error_source,1,/home/s_grudinin/code/university/vlf_analyzing/raw_vlf_data/raw_data/Broadband_Data_2026.03.25_16.32.00.bin,22.000000,24.000000,we/single/loc_0000041.png,samples/loc_0000041.npz
loc_0000040,we,single,active_coverage_fill_single_model_error_source,1,/home/s_grudinin/code/university/vlf_analyzing/raw_vlf_data/raw_data/Broadband_Data_2026.03.25_16.32.00.bin,20.000000,22.000000,we/single/loc_0000040.png,samples/loc_0000040.npz
loc_0000039,we,single,active_coverage_fill_single_model_error_source,1,/home/s_grudinin/code/university/vlf_analyzing/raw_vlf_data/raw_data/Broadband_Data_2026.03.25_16.32.00.bin,18.000000,20.000000,we/single/loc_0000039.png,samples/loc_0000039.npz
loc_0000037,we,single,active_coverage_fill_single_model_error_source,1,/home/s_grudinin/code/university/vlf_analyzing/raw_vlf_data/raw_data/Broadband_Data_2026.03.25_16.32.00.bin,14.000000,16.000000,we/single/loc_0000037.png,samples/loc_0000037.npz
loc_0000036,we,single,active_coverage_fill_single_model_error_source,1,/home/s_grudinin/code/university/vlf_analyzing/raw_vlf_data/raw_data/Broadband_Data_2026.03.25_16.32.00.bin,12.000000,14.000000,we/single/loc_0000036.png,samples/loc_0000036.npz
loc_0000035,we,single,active_coverage_fill_single_model_error_source,1,/home/s_grudinin/code/university/vlf_analyzing/raw_vlf_data/raw_data/Broadband_Data_2026.03.25_16.32.00.bin,10.000000,12.000000,we/single/loc_0000035.png,samples/loc_0000035.npz
loc_0000033,we,single,active_coverage_fill_single_model_error_source,1,/home/s_grudinin/code/university/vlf_analyzing/raw_vlf_data/raw_data/Broadband_Data_2026.03.25_16.32.00.bin,6.000000,8.000000,we/single/loc_0000033.png,samples/loc_0000033.npz
loc_0000032,we,single,active_coverage_fill_single_model_error_source,1,/home/s_grudinin/code/university/vlf_analyzing/raw_vlf_data/raw_data/Broadband_Data_2026.03.25_16.32.00.bin,4.000000,6.000000,we/single/loc_0000032.png,samples/loc_0000032.npz
loc_0000031,we,single,active_coverage_fill_single_model_error_source,1,/home/s_grudinin/code/university/vlf_analyzing/raw_vlf_data/raw_data/Broadband_Data_2026.03.25_16.32.00.bin,2.000000,4.000000,we/single/loc_0000031.png,samples/loc_0000031.npz
loc_0000030,we,single,active_coverage_fill_single_model_error_source,1,/home/s_grudinin/code/university/vlf_analyzing/raw_vlf_data/raw_data/Broadband_Data_2026.03.25_16.32.00.bin,0.000000,2.000000,we/single/loc_0000030.png,samples/loc_0000030.npz
loc_0001559,we,single,active_coverage_fill_single_model_error_source,1,/home/s_grudinin/code/university/vlf_analyzing/raw_vlf_data/raw_data/Broadband_Data_2026.03.25_16.57.00.bin,58.000000,60.000000,we/single/loc_0001559.png,samples/loc_0001559.npz
loc_0001558,we,single,active_coverage_fill_single_model_error_source,1,/home/s_grudinin/code/university/vlf_analyzing/raw_vlf_data/raw_data/Broadband_Data_2026.03.25_16.57.00.bin,56.000000,58.000000,we/single/loc_0001558.png,samples/loc_0001558.npz
loc_0001557,we,single,active_coverage_fill_single_model_error_source,1,/home/s_grudinin/code/university/vlf_analyzing/raw_vlf_data/raw_data/Broadband_Data_2026.03.25_16.57.00.bin,54.000000,56.000000,we/single/loc_0001557.png,samples/loc_0001557.npz
loc_0001554,we,single,active_coverage_fill_single_model_error_source,1,/home/s_grudinin/code/university/vlf_analyzing/raw_vlf_data/raw_data/Broadband_Data_2026.03.25_16.57.00.bin,48.000000,50.000000,we/single/loc_0001554.png,samples/loc_0001554.npz
loc_0001553,we,single,active_coverage_fill_single_model_error_source,1,/home/s_grudinin/code/university/vlf_analyzing/raw_vlf_data/raw_data/Broadband_Data_2026.03.25_16.57.00.bin,46.000000,48.000000,we/single/loc_0001553.png,samples/loc_0001553.npz
loc_0001552,we,single,active_coverage_fill_single_model_error_source,1,/home/s_grudinin/code/university/vlf_analyzing/raw_vlf_data/raw_data/Broadband_Data_2026.03.25_16.57.00.bin,44.000000,46.000000,we/single/loc_0001552.png,samples/loc_0001552.npz
loc_0001551,we,single,active_coverage_fill_single_model_error_source,1,/home/s_grudinin/code/university/vlf_analyzing/raw_vlf_data/raw_data/Broadband_Data_2026.03.25_16.57.00.bin,42.000000,44.000000,we/single/loc_0001551.png,samples/loc_0001551.npz
loc_0001550,we,single,active_coverage_fill_single_model_error_source,1,/home/s_grudinin/code/university/vlf_analyzing/raw_vlf_data/raw_data/Broadband_Data_2026.03.25_16.57.00.bin,40.000000,42.000000,we/single/loc_0001550.png,samples/loc_0001550.npz
loc_0001549,we,single,active_coverage_fill_single_model_error_source,1,/home/s_grudinin/code/university/vlf_analyzing/raw_vlf_data/raw_data/Broadband_Data_2026.03.25_16.57.00.bin,38.000000,40.000000,we/single/loc_0001549.png,samples/loc_0001549.npz
loc_0001548,we,single,active_coverage_fill_single_model_error_source,1,/home/s_grudinin/code/university/vlf_analyzing/raw_vlf_data/raw_data/Broadband_Data_2026.03.25_16.57.00.bin,36.000000,38.000000,we/single/loc_0001548.png,samples/loc_0001548.npz
loc_0001547,we,single,active_coverage_fill_single_model_error_source,1,/home/s_grudinin/code/university/vlf_analyzing/raw_vlf_data/raw_data/Broadband_Data_2026.03.25_16.57.00.bin,34.000000,36.000000,we/single/loc_0001547.png,samples/loc_0001547.npz
loc_0001546,we,single,active_coverage_fill_single_model_error_source,1,/home/s_grudinin/code/university/vlf_analyzing/raw_vlf_data/raw_data/Broadband_Data_2026.03.25_16.57.00.bin,32.000000,34.000000,we/single/loc_0001546.png,samples/loc_0001546.npz
loc_0001545,we,single,active_coverage_fill_single_model_error_source,1,/home/s_grudinin/code/university/vlf_analyzing/raw_vlf_data/raw_data/Broadband_Data_2026.03.25_16.57.00.bin,30.000000,32.000000,we/single/loc_0001545.png,samples/loc_0001545.npz
loc_0001544,we,single,active_coverage_fill_single_model_error_source,1,/home/s_grudinin/code/university/vlf_analyzing/raw_vlf_data/raw_data/Broadband_Data_2026.03.25_16.57.00.bin,28.000000,30.000000,we/single/loc_0001544.png,samples/loc_0001544.npz
loc_0001543,we,single,active_coverage_fill_single_model_error_source,1,/home/s_grudinin/code/university/vlf_analyzing/raw_vlf_data/raw_data/Broadband_Data_2026.03.25_16.57.00.bin,26.000000,28.000000,we/single/loc_0001543.png,samples/loc_0001543.npz
loc_0001542,we,single,active_coverage_fill_single_model_error_source,1,/home/s_grudinin/code/university/vlf_analyzing/raw_vlf_data/raw_data/Broadband_Data_2026.03.25_16.57.00.bin,24.000000,26.000000,we/single/loc_0001542.png,samples/loc_0001542.npz
loc_0001540,we,single,active_coverage_fill_single_model_error_source,1,/home/s_grudinin/code/university/vlf_analyzing/raw_vlf_data/raw_data/Broadband_Data_2026.03.25_16.57.00.bin,20.000000,22.000000,we/single/loc_0001540.png,samples/loc_0001540.npz
loc_0001539,we,single,active_coverage_fill_single_model_error_source,1,/home/s_grudinin/code/university/vlf_analyzing/raw_vlf_data/raw_data/Broadband_Data_2026.03.25_16.57.00.bin,18.000000,20.000000,we/single/loc_0001539.png,samples/loc_0001539.npz
loc_0001538,we,single,active_coverage_fill_single_model_error_source,1,/home/s_grudinin/code/university/vlf_analyzing/raw_vlf_data/raw_data/Broadband_Data_2026.03.25_16.57.00.bin,16.000000,18.000000,we/single/loc_0001538.png,samples/loc_0001538.npz
loc_0001535,we,single,active_coverage_fill_single_model_error_source,1,/home/s_grudinin/code/university/vlf_analyzing/raw_vlf_data/raw_data/Broadband_Data_2026.03.25_16.57.00.bin,10.000000,12.000000,we/single/loc_0001535.png,samples/loc_0001535.npz
loc_0001534,we,single,active_coverage_fill_single_model_error_source,1,/home/s_grudinin/code/university/vlf_analyzing/raw_vlf_data/raw_data/Broadband_Data_2026.03.25_16.57.00.bin,8.000000,10.000000,we/single/loc_0001534.png,samples/loc_0001534.npz
loc_0001533,we,single,active_coverage_fill_single_model_error_source,1,/home/s_grudinin/code/university/vlf_analyzing/raw_vlf_data/raw_data/Broadband_Data_2026.03.25_16.57.00.bin,6.000000,8.000000,we/single/loc_0001533.png,samples/loc_0001533.npz
loc_0001532,we,single,active_coverage_fill_single_model_error_source,1,/home/s_grudinin/code/university/vlf_analyzing/raw_vlf_data/raw_data/Broadband_Data_2026.03.25_16.57.00.bin,4.000000,6.000000,we/single/loc_0001532.png,samples/loc_0001532.npz
loc_0001530,we,single,active_coverage_fill_single_model_error_source,1,/home/s_grudinin/code/university/vlf_analyzing/raw_vlf_data/raw_data/Broadband_Data_2026.03.25_16.57.00.bin,0.000000,2.000000,we/single/loc_0001530.png,samples/loc_0001530.npz
loc_0002519,we,single,active_coverage_fill_single_model_error_source,1,/home/s_grudinin/code/university/vlf_analyzing/raw_vlf_data/raw_data/Broadband_Data_2026.03.25_17.13.00.bin,58.000000,60.000000,we/single/loc_0002519.png,samples/loc_0002519.npz
loc_0002518,we,single,active_coverage_fill_single_model_error_source,1,/home/s_grudinin/code/university/vlf_analyzing/raw_vlf_data/raw_data/Broadband_Data_2026.03.25_17.13.00.bin,56.000000,58.000000,we/single/loc_0002518.png,samples/loc_0002518.npz
loc_0002515,we,single,active_coverage_fill_single_model_error_source,1,/home/s_grudinin/code/university/vlf_analyzing/raw_vlf_data/raw_data/Broadband_Data_2026.03.25_17.13.00.bin,50.000000,52.000000,we/single/loc_0002515.png,samples/loc_0002515.npz
loc_0002514,we,single,active_coverage_fill_single_model_error_source,1,/home/s_grudinin/code/university/vlf_analyzing/raw_vlf_data/raw_data/Broadband_Data_2026.03.25_17.13.00.bin,48.000000,50.000000,we/single/loc_0002514.png,samples/loc_0002514.npz
loc_0002513,we,single,active_coverage_fill_single_model_error_source,1,/home/s_grudinin/code/university/vlf_analyzing/raw_vlf_data/raw_data/Broadband_Data_2026.03.25_17.13.00.bin,46.000000,48.000000,we/single/loc_0002513.png,samples/loc_0002513.npz
loc_0002512,we,single,active_coverage_fill_single_model_error_source,1,/home/s_grudinin/code/university/vlf_analyzing/raw_vlf_data/raw_data/Broadband_Data_2026.03.25_17.13.00.bin,44.000000,46.000000,we/single/loc_0002512.png,samples/loc_0002512.npz
loc_0002511,we,single,active_coverage_fill_single_model_error_source,1,/home/s_grudinin/code/university/vlf_analyzing/raw_vlf_data/raw_data/Broadband_Data_2026.03.25_17.13.00.bin,42.000000,44.000000,we/single/loc_0002511.png,samples/loc_0002511.npz
loc_0002505,we,single,active_coverage_fill_single_model_error_source,1,/home/s_grudinin/code/university/vlf_analyzing/raw_vlf_data/raw_data/Broadband_Data_2026.03.25_17.13.00.bin,30.000000,32.000000,we/single/loc_0002505.png,samples/loc_0002505.npz
loc_0002504,we,single,active_coverage_fill_single_model_error_source,1,/home/s_grudinin/code/university/vlf_analyzing/raw_vlf_data/raw_data/Broadband_Data_2026.03.25_17.13.00.bin,28.000000,30.000000,we/single/loc_0002504.png,samples/loc_0002504.npz
loc_0002503,we,single,active_coverage_fill_single_model_error_source,1,/home/s_grudinin/code/university/vlf_analyzing/raw_vlf_data/raw_data/Broadband_Data_2026.03.25_17.13.00.bin,26.000000,28.000000,we/single/loc_0002503.png,samples/loc_0002503.npz
loc_0002499,we,single,active_coverage_fill_single_model_error_source,1,/home/s_grudinin/code/university/vlf_analyzing/raw_vlf_data/raw_data/Broadband_Data_2026.03.25_17.13.00.bin,18.000000,20.000000,we/single/loc_0002499.png,samples/loc_0002499.npz
