sample_id,channel,bucket,source_file,segment_start,segment_end,auto_event_count,auto_event_times_s_json,review_status,corrected_event_times_s_json,quality_flag,comment
loc_0001037,ns,empty,/home/s_grudinin/code/university/vlf_analyzing/raw_vlf_data/raw_data/Broadband_Data_2026.03.25_16.49.00.bin,34.000000,36.000000,0,[],manual_verified,,,
loc_0001027,ns,empty,/home/s_grudinin/code/university/vlf_analyzing/raw_vlf_data/raw_data/Broadband_Data_2026.03.25_16.49.00.bin,14.000000,16.000000,0,[],manual_corrected,"[0.839471, 1.714275]",,
loc_0001022,ns,empty,/home/s_grudinin/code/university/vlf_analyzing/raw_vlf_data/raw_data/Broadband_Data_2026.03.25_16.49.00.bin,4.000000,6.000000,0,[],manual_verified,,,
loc_0001021,ns,empty,/home/s_grudinin/code/university/vlf_analyzing/raw_vlf_data/raw_data/Broadband_Data_2026.03.25_16.49.00.bin,2.000000,4.000000,0,[],manual_verified,,,
loc_0001020,ns,empty,/home/s_grudinin/code/university/vlf_analyzing/raw_vlf_data/raw_data/Broadband_Data_2026.03.25_16.49.00.bin,0.000000,2.000000,0,[],manual_corrected,"[0.901679, 0.959999]",,
loc_0000381,ns,empty,/home/s_grudinin/code/university/vlf_analyzing/raw_vlf_data/raw_data/Broadband_Data_2026.03.25_16.38.00.bin,42.000000,44.000000,0,[],manual_corrected,"[0.081307, 1.605411]",,
loc_0000379,ns,empty,/home/s_grudinin/code/university/vlf_analyzing/raw_vlf_data/raw_data/Broadband_Data_2026.03.25_16.38.00.bin,38.000000,40.000000,0,[],manual_verified,,,
loc_0000378,ns,empty,/home/s_grudinin/code/university/vlf_analyzing/raw_vlf_data/raw_data/Broadband_Data_2026.03.25_16.38.00.bin,36.000000,38.000000,0,[],manual_corrected,"[0.162955, 1.344913]",,
loc_0000377,ns,empty,/home/s_grudinin/code/university/vlf_analyzing/raw_vlf_data/raw_data/Broadband_Data_2026.03.25_16.38.00.bin,34.000000,36.000000,0,[],manual_verified,,,
loc_0000369,ns,empty,/home/s_grudinin/code/university/vlf_analyzing/raw_vlf_data/raw_data/Broadband_Data_2026.03.25_16.38.00.bin,18.000000,20.000000,0,[],manual_corrected,"[1.045536, 1.274929, 1.325473, 1.893124]",,
loc_0000368,ns,empty,/home/s_grudinin/code/university/vlf_analyzing/raw_vlf_data/raw_data/Broadband_Data_2026.03.25_16.38.00.bin,16.000000,18.000000,0,[],manual_corrected,"[0.396236, 0.466221, 1.239937, 1.88146]",,
loc_0000367,ns,empty,/home/s_grudinin/code/university/vlf_analyzing/raw_vlf_data/raw_data/Broadband_Data_2026.03.25_16.38.00.bin,14.000000,16.000000,0,[],manual_corrected,[1.220497],,
loc_0003929,ns,empty,/home/s_grudinin/code/university/vlf_analyzing/raw_vlf_data/raw_data/Broadband_Data_2026.03.25_17.37.00.bin,58.000000,60.000000,0,[],manual_corrected,[0.905567],,
loc_0003926,ns,empty,/home/s_grudinin/code/university/vlf_analyzing/raw_vlf_data/raw_data/Broadband_Data_2026.03.25_17.37.00.bin,52.000000,54.000000,0,[],manual_corrected,"[0.069643, 0.839471, 1.189392]",,
loc_0003916,ns,empty,/home/s_grudinin/code/university/vlf_analyzing/raw_vlf_data/raw_data/Broadband_Data_2026.03.25_17.37.00.bin,32.000000,34.000000,0,[],manual_corrected,[0.501213],,
loc_0003901,ns,empty,/home/s_grudinin/code/university/vlf_analyzing/raw_vlf_data/raw_data/Broadband_Data_2026.03.25_17.37.00.bin,2.000000,4.000000,0,[],manual_corrected,[0.582861],,
loc_0003564,ns,empty,/home/s_grudinin/code/university/vlf_analyzing/raw_vlf_data/raw_data/Broadband_Data_2026.03.25_17.31.00.bin,48.000000,50.000000,0,[],manual_verified,,,
loc_0003562,ns,empty,/home/s_grudinin/code/university/vlf_analyzing/raw_vlf_data/raw_data/Broadband_Data_2026.03.25_17.31.00.bin,44.000000,46.000000,0,[],manual_corrected,"[0.695614, 0.979439, 1.889236]",,
loc_0003561,ns,empty,/home/s_grudinin/code/university/vlf_analyzing/raw_vlf_data/raw_data/Broadband_Data_2026.03.25_17.31.00.bin,42.000000,44.000000,0,[],manual_corrected,"[0.229051, 0.983327, 1.002768]",,
loc_0003560,ns,empty,/home/s_grudinin/code/university/vlf_analyzing/raw_vlf_data/raw_data/Broadband_Data_2026.03.25_17.31.00.bin,40.000000,42.000000,0,[],manual_corrected,[1.543202],,
loc_0003546,ns,empty,/home/s_grudinin/code/university/vlf_analyzing/raw_vlf_data/raw_data/Broadband_Data_2026.03.25_17.31.00.bin,12.000000,14.000000,0,[],manual_verified,,,
loc_0003543,ns,empty,/home/s_grudinin/code/university/vlf_analyzing/raw_vlf_data/raw_data/Broadband_Data_2026.03.25_17.31.00.bin,6.000000,8.000000,0,[],manual_corrected,[0.357356],,
loc_0003541,ns,empty,/home/s_grudinin/code/university/vlf_analyzing/raw_vlf_data/raw_data/Broadband_Data_2026.03.25_17.31.00.bin,2.000000,4.000000,0,[],manual_verified,,,
loc_0001529,ns,empty,/home/s_grudinin/code/university/vlf_analyzing/raw_vlf_data/raw_data/Broadband_Data_2026.03.25_16.57.00.bin,58.000000,60.000000,0,[],manual_corrected,[0.470109],,
loc_0001523,ns,empty,/home/s_grudinin/code/university/vlf_analyzing/raw_vlf_data/raw_data/Broadband_Data_2026.03.25_16.57.00.bin,46.000000,48.000000,0,[],manual_corrected,"[0.061867, 1.029984, 1.068864]",,
loc_0001522,ns,empty,/home/s_grudinin/code/university/vlf_analyzing/raw_vlf_data/raw_data/Broadband_Data_2026.03.25_16.57.00.bin,44.000000,46.000000,0,[],manual_corrected,"[0.205723, 1.88146]",,
loc_0001519,ns,empty,/home/s_grudinin/code/university/vlf_analyzing/raw_vlf_data/raw_data/Broadband_Data_2026.03.25_16.57.00.bin,38.000000,40.000000,0,[],manual_corrected,[0.932783],,
loc_0001513,ns,empty,/home/s_grudinin/code/university/vlf_analyzing/raw_vlf_data/raw_data/Broadband_Data_2026.03.25_16.57.00.bin,26.000000,28.000000,0,[],manual_corrected,[1.103856],,
loc_0001509,ns,empty,/home/s_grudinin/code/university/vlf_analyzing/raw_vlf_data/raw_data/Broadband_Data_2026.03.25_16.57.00.bin,18.000000,20.000000,0,[],manual_verified,,,
loc_0001505,ns,empty,/home/s_grudinin/code/university/vlf_analyzing/raw_vlf_data/raw_data/Broadband_Data_2026.03.25_16.57.00.bin,10.000000,12.000000,0,[],manual_corrected,[0.229051],,
loc_0001500,ns,empty,/home/s_grudinin/code/university/vlf_analyzing/raw_vlf_data/raw_data/Broadband_Data_2026.03.25_16.57.00.bin,0.000000,2.000000,0,[],manual_corrected,"[0.470109, 0.641182, 1.659843]",,
loc_0002186,ns,empty,/home/s_grudinin/code/university/vlf_analyzing/raw_vlf_data/raw_data/Broadband_Data_2026.03.25_17.08.00.bin,52.000000,54.000000,0,[],manual_corrected,"[0.147403, 0.341804, 1.201057, 1.757043]",,
loc_0002183,ns,empty,/home/s_grudinin/code/university/vlf_analyzing/raw_vlf_data/raw_data/Broadband_Data_2026.03.25_17.08.00.bin,46.000000,48.000000,0,[],manual_verified,,,
loc_0002175,ns,empty,/home/s_grudinin/code/university/vlf_analyzing/raw_vlf_data/raw_data/Broadband_Data_2026.03.25_17.08.00.bin,30.000000,32.000000,0,[],manual_corrected,[0.967775],,
loc_0002171,ns,empty,/home/s_grudinin/code/university/vlf_analyzing/raw_vlf_data/raw_data/Broadband_Data_2026.03.25_17.08.00.bin,22.000000,24.000000,0,[],manual_corrected,[0.131851],,
loc_0001036,ns,single,/home/s_grudinin/code/university/vlf_analyzing/raw_vlf_data/raw_data/Broadband_Data_2026.03.25_16.49.00.bin,32.000000,34.000000,1,[1.2580000162124634],manual_corrected,"[0.322364, 1.258]",,
loc_0001035,ns,single,/home/s_grudinin/code/university/vlf_analyzing/raw_vlf_data/raw_data/Broadband_Data_2026.03.25_16.49.00.bin,30.000000,32.000000,1,[0.8820000290870667],manual_corrected,"[0.882, 1.648179]",,
loc_0001033,ns,single,/home/s_grudinin/code/university/vlf_analyzing/raw_vlf_data/raw_data/Broadband_Data_2026.03.25_16.49.00.bin,26.000000,28.000000,1,[1.1480000019073486],manual_corrected,"[0.081307, 1.148]",,
loc_0001028,ns,single,/home/s_grudinin/code/university/vlf_analyzing/raw_vlf_data/raw_data/Broadband_Data_2026.03.25_16.49.00.bin,16.000000,18.000000,1,[0.6660000085830688],manual_corrected,"[0.026874, 0.400124, 0.666]",,
loc_0001024,ns,single,/home/s_grudinin/code/university/vlf_analyzing/raw_vlf_data/raw_data/Broadband_Data_2026.03.25_16.49.00.bin,8.000000,10.000000,1,[1.1440000534057617],manual_corrected,"[0.660622, 0.699502, 1.144]",,
loc_0000387,ns,single,/home/s_grudinin/code/university/vlf_analyzing/raw_vlf_data/raw_data/Broadband_Data_2026.03.25_16.38.00.bin,54.000000,56.000000,1,[0.057999998331069946],manual_corrected,"[0.058, 0.174619, 0.194059]",,
loc_0000386,ns,single,/home/s_grudinin/code/university/vlf_analyzing/raw_vlf_data/raw_data/Broadband_Data_2026.03.25_16.38.00.bin,52.000000,54.000000,1,[1.5360000133514404],manual_corrected,"[0.267932, 1.536, 1.877572]",,
loc_0000385,ns,single,/home/s_grudinin/code/university/vlf_analyzing/raw_vlf_data/raw_data/Broadband_Data_2026.03.25_16.38.00.bin,50.000000,52.000000,1,[0.4320000112056732],manual_corrected,"[0.267932, 0.432]",,
loc_0000382,ns,single,/home/s_grudinin/code/university/vlf_analyzing/raw_vlf_data/raw_data/Broadband_Data_2026.03.25_16.38.00.bin,44.000000,46.000000,1,[0.9559999704360962],manual_corrected,"[0.956, 1.138848]",,
loc_0000371,ns,single,/home/s_grudinin/code/university/vlf_analyzing/raw_vlf_data/raw_data/Broadband_Data_2026.03.25_16.38.00.bin,22.000000,24.000000,1,[1.5499999523162842],manual_corrected,"[0.571197, 1.146624, 1.55]",,
loc_0000364,ns,single,/home/s_grudinin/code/university/vlf_analyzing/raw_vlf_data/raw_data/Broadband_Data_2026.03.25_16.38.00.bin,8.000000,10.000000,1,[0.9700000286102295],manual_corrected,"[0.042427, 0.473997, 0.97, 1.274929, 1.434338]",,
loc_0000362,ns,single,/home/s_grudinin/code/university/vlf_analyzing/raw_vlf_data/raw_data/Broadband_Data_2026.03.25_16.38.00.bin,4.000000,6.000000,1,[1.1299999952316284],manual_corrected,"[0.089083, 1.13, 1.224385, 1.531538, 1.86202]",,
loc_0000361,ns,single,/home/s_grudinin/code/university/vlf_analyzing/raw_vlf_data/raw_data/Broadband_Data_2026.03.25_16.38.00.bin,2.000000,4.000000,1,[1.49399995803833],manual_corrected,"[0.882239, 0.928895, 1.494]",,
loc_0003920,ns,single,/home/s_grudinin/code/university/vlf_analyzing/raw_vlf_data/raw_data/Broadband_Data_2026.03.25_17.37.00.bin,40.000000,42.000000,1,[0.6539999842643738],manual_corrected,"[0.536205, 0.654, 1.294369]",,
loc_0003913,ns,single,/home/s_grudinin/code/university/vlf_analyzing/raw_vlf_data/raw_data/Broadband_Data_2026.03.25_17.37.00.bin,26.000000,28.000000,1,[1.2760000228881836],manual_corrected,"[1.276, 1.50821]",,
loc_0003900,ns,single,/home/s_grudinin/code/university/vlf_analyzing/raw_vlf_data/raw_data/Broadband_Data_2026.03.25_17.37.00.bin,0.000000,2.000000,1,[1.8240000009536743],manual_corrected,"[0.796702, 1.824]",,
loc_0003568,ns,single,/home/s_grudinin/code/university/vlf_analyzing/raw_vlf_data/raw_data/Broadband_Data_2026.03.25_17.31.00.bin,56.000000,58.000000,1,[1.0379999876022339],manual_corrected,"[0.987215, 1.038, 1.963109]",,
loc_0003565,ns,single,/home/s_grudinin/code/university/vlf_analyzing/raw_vlf_data/raw_data/Broadband_Data_2026.03.25_17.31.00.bin,50.000000,52.000000,1,[1.4299999475479126],manual_corrected,"[1.43, 1.698723]",,
loc_0003558,ns,single,/home/s_grudinin/code/university/vlf_analyzing/raw_vlf_data/raw_data/Broadband_Data_2026.03.25_17.31.00.bin,36.000000,38.000000,1,[1.031999945640564],manual_corrected,"[1.032, 1.150512, 1.251601]",,
loc_0003556,ns,single,/home/s_grudinin/code/university/vlf_analyzing/raw_vlf_data/raw_data/Broadband_Data_2026.03.25_17.31.00.bin,32.000000,34.000000,1,[0.7540000081062317],manual_corrected,"[0.754, 1.41101]",,
loc_0003555,ns,single,/home/s_grudinin/code/university/vlf_analyzing/raw_vlf_data/raw_data/Broadband_Data_2026.03.25_17.31.00.bin,30.000000,32.000000,1,[0.4620000123977661],manual_corrected,"[0.462, 0.870575, 1.348801]",,
loc_0003550,ns,single,/home/s_grudinin/code/university/vlf_analyzing/raw_vlf_data/raw_data/Broadband_Data_2026.03.25_17.31.00.bin,20.000000,22.000000,1,[0.012000000104308128],manual_corrected,"[0.012, 0.159067, 0.174619]",,
loc_0003545,ns,single,/home/s_grudinin/code/university/vlf_analyzing/raw_vlf_data/raw_data/Broadband_Data_2026.03.25_17.31.00.bin,10.000000,12.000000,1,[1.5800000429153442],manual_corrected,"[0.439005, 0.621742, 1.002768, 1.58, 1.764819]",,
loc_0003544,ns,single,/home/s_grudinin/code/university/vlf_analyzing/raw_vlf_data/raw_data/Broadband_Data_2026.03.25_17.31.00.bin,8.000000,10.000000,1,[0.9539999961853027],manual_corrected,"[0.536205, 0.954]",,
loc_0001521,ns,single,/home/s_grudinin/code/university/vlf_analyzing/raw_vlf_data/raw_data/Broadband_Data_2026.03.25_16.57.00.bin,42.000000,44.000000,1,[0.8999999761581421],manual_corrected,"[0.27182, 0.9, 0.967775]",,
loc_0001518,ns,single,/home/s_grudinin/code/university/vlf_analyzing/raw_vlf_data/raw_data/Broadband_Data_2026.03.25_16.57.00.bin,36.000000,38.000000,1,[0.18000000715255737],manual_verified,,,
loc_0001516,ns,single,/home/s_grudinin/code/university/vlf_analyzing/raw_vlf_data/raw_data/Broadband_Data_2026.03.25_16.57.00.bin,32.000000,34.000000,1,[1.0460000038146973],manual_corrected,"[1.046, 1.317697, 1.438226]",,
loc_0001512,ns,single,/home/s_grudinin/code/university/vlf_analyzing/raw_vlf_data/raw_data/Broadband_Data_2026.03.25_16.57.00.bin,24.000000,26.000000,1,[1.2619999647140503],manual_corrected,"[1.262, 1.648179, 1.718163]",,
loc_0001508,ns,single,/home/s_grudinin/code/university/vlf_analyzing/raw_vlf_data/raw_data/Broadband_Data_2026.03.25_16.57.00.bin,16.000000,18.000000,1,[0.06400000303983688],manual_corrected,"[0.064, 0.944447]",,
loc_0001504,ns,single,/home/s_grudinin/code/university/vlf_analyzing/raw_vlf_data/raw_data/Broadband_Data_2026.03.25_16.57.00.bin,8.000000,10.000000,1,[0.35199999809265137],manual_verified,,,
loc_0002187,ns,single,/home/s_grudinin/code/university/vlf_analyzing/raw_vlf_data/raw_data/Broadband_Data_2026.03.25_17.08.00.bin,54.000000,56.000000,1,[0.5479999780654907],manual_corrected,"[0.279596, 0.548, 0.862799, 1.263265]",,
loc_0002185,ns,single,/home/s_grudinin/code/university/vlf_analyzing/raw_vlf_data/raw_data/Broadband_Data_2026.03.25_17.08.00.bin,50.000000,52.000000,1,[1.253999948501587],manual_corrected,"[0.03465, 0.077419, 0.493437, 1.254]",,
loc_0002179,ns,single,/home/s_grudinin/code/university/vlf_analyzing/raw_vlf_data/raw_data/Broadband_Data_2026.03.25_17.08.00.bin,38.000000,40.000000,1,[1.934000015258789],manual_corrected,"[1.846468, 1.934]",,
loc_0002172,ns,single,/home/s_grudinin/code/university/vlf_analyzing/raw_vlf_data/raw_data/Broadband_Data_2026.03.25_17.08.00.bin,24.000000,26.000000,1,[1.6859999895095825],manual_corrected,"[0.302924, 0.404012, 1.372129, 1.686]",,
loc_0000310,ns,single,/home/s_grudinin/code/university/vlf_analyzing/raw_vlf_data/raw_data/Broadband_Data_2026.03.25_16.37.00.bin,20.000000,22.000000,1,[0.1940000057220459],manual_corrected,"[0.194, 0.516765, 0.575085]",,
loc_0000309,ns,single,/home/s_grudinin/code/university/vlf_analyzing/raw_vlf_data/raw_data/Broadband_Data_2026.03.25_16.37.00.bin,18.000000,20.000000,1,[0.5040000081062317],manual_verified,,,
loc_0000306,ns,single,/home/s_grudinin/code/university/vlf_analyzing/raw_vlf_data/raw_data/Broadband_Data_2026.03.25_16.37.00.bin,12.000000,14.000000,1,[0.8899999856948853],manual_corrected,"[0.578973, 0.89, 1.706499, 1.966997]",,
loc_0000303,ns,single,/home/s_grudinin/code/university/vlf_analyzing/raw_vlf_data/raw_data/Broadband_Data_2026.03.25_16.37.00.bin,6.000000,8.000000,1,[0.1459999978542328],manual_corrected,"[0.146, 0.590637, 1.049424, 1.07664, 1.13496, 1.597635, 1.877572]",,
loc_0000302,ns,single,/home/s_grudinin/code/university/vlf_analyzing/raw_vlf_data/raw_data/Broadband_Data_2026.03.25_16.37.00.bin,4.000000,6.000000,1,[0.3959999978542328],manual_corrected,"[0.326252, 0.396, 0.435117, 1.294369, 1.535426]",,
loc_0000301,ns,single,/home/s_grudinin/code/university/vlf_analyzing/raw_vlf_data/raw_data/Broadband_Data_2026.03.25_16.37.00.bin,2.000000,4.000000,1,[1.0420000553131104],manual_corrected,"[0.100747, 0.446781, 1.042, 1.515986]",,
loc_0002609,ns,single,/home/s_grudinin/code/university/vlf_analyzing/raw_vlf_data/raw_data/Broadband_Data_2026.03.25_17.15.00.bin,58.000000,60.000000,1,[0.3400000035762787],manual_corrected,"[0.096859, 0.34]",,
loc_0002606,ns,single,/home/s_grudinin/code/university/vlf_analyzing/raw_vlf_data/raw_data/Broadband_Data_2026.03.25_17.15.00.bin,52.000000,54.000000,1,[1.187999963760376],manual_verified,,,
loc_0002604,ns,single,/home/s_grudinin/code/university/vlf_analyzing/raw_vlf_data/raw_data/Broadband_Data_2026.03.25_17.15.00.bin,48.000000,50.000000,1,[1.9299999475479126],manual_verified,,,
loc_0002596,ns,single,/home/s_grudinin/code/university/vlf_analyzing/raw_vlf_data/raw_data/Broadband_Data_2026.03.25_17.15.00.bin,32.000000,34.000000,1,[0.27000001072883606],manual_verified,,,
loc_0002591,ns,single,/home/s_grudinin/code/university/vlf_analyzing/raw_vlf_data/raw_data/Broadband_Data_2026.03.25_17.15.00.bin,22.000000,24.000000,1,[1.8480000495910645],manual_corrected,"[1.197169, 1.309921, 1.848]",,
loc_0001048,ns,few,/home/s_grudinin/code/university/vlf_analyzing/raw_vlf_data/raw_data/Broadband_Data_2026.03.25_16.49.00.bin,56.000000,58.000000,2,"[0.9639999866485596, 1.809999942779541]",manual_corrected,"[0.454557, 0.964, 1.041648, 1.247713, 1.81, 1.82314, 1.858132, 1.928116]",,
loc_0001045,ns,few,/home/s_grudinin/code/university/vlf_analyzing/raw_vlf_data/raw_data/Broadband_Data_2026.03.25_16.49.00.bin,50.000000,52.000000,3,"[0.7519999742507935, 1.965999960899353, 1.9859999418258667]",manual_corrected,"[0.096859, 0.197947, 0.229051, 0.752, 1.344913, 1.908676, 1.966, 1.986]",,
loc_0001043,ns,few,/home/s_grudinin/code/university/vlf_analyzing/raw_vlf_data/raw_data/Broadband_Data_2026.03.25_16.49.00.bin,46.000000,48.000000,3,"[0.8799999952316284, 0.9319999814033508, 1.9780000448226929]",manual_corrected,"[0.788926, 0.88, 0.932, 1.54709, 1.780372, 1.978]",,
loc_0001041,ns,few,/home/s_grudinin/code/university/vlf_analyzing/raw_vlf_data/raw_data/Broadband_Data_2026.03.25_16.49.00.bin,42.000000,44.000000,3,"[0.012000000104308128, 0.08799999952316284, 0.3479999899864197]",manual_corrected,"[0.012, 0.088, 0.151291, 0.213499, 0.348, 1.111632]",,
loc_0001039,ns,few,/home/s_grudinin/code/university/vlf_analyzing/raw_vlf_data/raw_data/Broadband_Data_2026.03.25_16.49.00.bin,38.000000,40.000000,2,"[0.2879999876022339, 1.4919999837875366]",manual_corrected,"[0.248492, 0.288, 0.345692, 1.492]",,
loc_0001038,ns,few,/home/s_grudinin/code/university/vlf_analyzing/raw_vlf_data/raw_data/Broadband_Data_2026.03.25_16.49.00.bin,36.000000,38.000000,2,"[0.9380000233650208, 1.371999979019165]",manual_corrected,"[0.855023, 0.901679, 0.938, 1.286593, 1.372]",,
loc_0001029,ns,few,/home/s_grudinin/code/university/vlf_analyzing/raw_vlf_data/raw_data/Broadband_Data_2026.03.25_16.49.00.bin,18.000000,20.000000,3,"[0.014000000432133675, 0.9959999918937683, 1.159999966621399]",manual_corrected,"[0.014, 0.108523, 0.996, 1.16, 1.271041, 1.48877, 1.648179]",,
loc_0001026,ns,few,/home/s_grudinin/code/university/vlf_analyzing/raw_vlf_data/raw_data/Broadband_Data_2026.03.25_16.49.00.bin,12.000000,14.000000,3,"[0.49799999594688416, 0.6320000290870667, 0.6759999990463257]",manual_corrected,"[0.454557, 0.498, 0.540093, 0.632, 0.676, 0.715054, 0.878351, 1.387682]",,
loc_0001025,ns,few,/home/s_grudinin/code/university/vlf_analyzing/raw_vlf_data/raw_data/Broadband_Data_2026.03.25_16.49.00.bin,10.000000,12.000000,3,"[0.1599999964237213, 1.0119999647140503, 1.1460000276565552]",manual_verified,,,
loc_0000389,ns,few,/home/s_grudinin/code/university/vlf_analyzing/raw_vlf_data/raw_data/Broadband_Data_2026.03.25_16.38.00.bin,58.000000,60.000000,3,"[1.2599999904632568, 1.6299999952316284, 1.7680000066757202]",manual_corrected,"[0.477885, 0.827807, 1.072752, 1.26, 1.63, 1.768, 1.811476]",,
loc_0000388,ns,few,/home/s_grudinin/code/university/vlf_analyzing/raw_vlf_data/raw_data/Broadband_Data_2026.03.25_16.38.00.bin,56.000000,58.000000,2,"[0.22200000286102295, 1.4179999828338623]",manual_corrected,"[0.222, 1.03776, 1.321585, 1.364353, 1.418, 1.453778]",,
loc_0000384,ns,few,/home/s_grudinin/code/university/vlf_analyzing/raw_vlf_data/raw_data/Broadband_Data_2026.03.25_16.38.00.bin,48.000000,50.000000,2,"[1.3320000171661377, 1.4520000219345093]",manual_corrected,"[1.1544, 1.251601, 1.332, 1.452, 1.659843, 1.683171]",,
loc_0000383,ns,few,/home/s_grudinin/code/university/vlf_analyzing/raw_vlf_data/raw_data/Broadband_Data_2026.03.25_16.38.00.bin,46.000000,48.000000,3,"[0.9599999785423279, 1.0019999742507935, 1.031999945640564]",manual_corrected,"[0.575085, 0.96, 1.002, 1.032, 1.181616]",,
loc_0000380,ns,few,/home/s_grudinin/code/university/vlf_analyzing/raw_vlf_data/raw_data/Broadband_Data_2026.03.25_16.38.00.bin,40.000000,42.000000,3,"[0.4000000059604645, 0.5559999942779541, 0.8220000267028809]",manual_corrected,"[0.089083, 0.287372, 0.4, 0.466221, 0.556, 0.582861, 0.621742, 0.822, 0.991103, 1.17384]",,
loc_0000375,ns,few,/home/s_grudinin/code/university/vlf_analyzing/raw_vlf_data/raw_data/Broadband_Data_2026.03.25_16.38.00.bin,30.000000,32.000000,2,"[0.5699999928474426, 1.309999942779541]",manual_corrected,"[0.166843, 0.3107, 0.57, 0.602301, 0.928895, 0.963887, 0.994991, 1.03776, 1.31, 1.477106, 1.558754, 1.589859, 1.88146]",,
loc_0000370,ns,few,/home/s_grudinin/code/university/vlf_analyzing/raw_vlf_data/raw_data/Broadband_Data_2026.03.25_16.38.00.bin,20.000000,22.000000,2,"[0.4000000059604645, 0.578000009059906]",manual_corrected,"[0.4, 0.578, 0.617854, 1.119408]",,
loc_0000365,ns,few,/home/s_grudinin/code/university/vlf_analyzing/raw_vlf_data/raw_data/Broadband_Data_2026.03.25_16.38.00.bin,10.000000,12.000000,3,"[0.24199999868869781, 0.25600001215934753, 1.496000051498413]",manual_corrected,"[0.242, 0.256, 0.994991, 1.496]",,
loc_0000360,ns,few,/home/s_grudinin/code/university/vlf_analyzing/raw_vlf_data/raw_data/Broadband_Data_2026.03.25_16.38.00.bin,0.000000,2.000000,2,"[0.164000004529953, 0.6639999747276306]",manual_verified,,,
loc_0003928,ns,few,/home/s_grudinin/code/university/vlf_analyzing/raw_vlf_data/raw_data/Broadband_Data_2026.03.25_17.37.00.bin,56.000000,58.000000,2,"[0.3540000021457672, 0.37400001287460327]",manual_corrected,"[0.354, 0.374, 0.788926]",,
loc_0003925,ns,few,/home/s_grudinin/code/university/vlf_analyzing/raw_vlf_data/raw_data/Broadband_Data_2026.03.25_17.37.00.bin,50.000000,52.000000,2,"[0.20600000023841858, 1.2580000162124634]",manual_corrected,"[0.206, 1.258, 1.725939]",,
loc_0003922,ns,few,/home/s_grudinin/code/university/vlf_analyzing/raw_vlf_data/raw_data/Broadband_Data_2026.03.25_17.37.00.bin,44.000000,46.000000,2,"[0.46399998664855957, 0.765999972820282]",manual_corrected,"[0.464, 0.766, 1.550978]",,
loc_0003921,ns,few,/home/s_grudinin/code/university/vlf_analyzing/raw_vlf_data/raw_data/Broadband_Data_2026.03.25_17.37.00.bin,42.000000,44.000000,3,"[0.734000027179718, 0.7720000147819519, 0.9279999732971191]",manual_corrected,"[0.734, 0.772, 0.928, 1.531538]",,
loc_0003915,ns,few,/home/s_grudinin/code/university/vlf_analyzing/raw_vlf_data/raw_data/Broadband_Data_2026.03.25_17.37.00.bin,30.000000,32.000000,2,"[0.6620000004768372, 0.7400000095367432]",manual_corrected,"[0.662, 0.74, 1.352689]",,
loc_0003914,ns,few,/home/s_grudinin/code/university/vlf_analyzing/raw_vlf_data/raw_data/Broadband_Data_2026.03.25_17.37.00.bin,28.000000,30.000000,3,"[0.3240000009536743, 0.3919999897480011, 1.6519999504089355]",manual_corrected,"[0.240716, 0.324, 0.34958, 0.392, 0.691726, 1.652]",,
loc_0003912,ns,few,/home/s_grudinin/code/university/vlf_analyzing/raw_vlf_data/raw_data/Broadband_Data_2026.03.25_17.37.00.bin,24.000000,26.000000,2,"[0.0560000017285347, 0.164000004529953]",manual_corrected,"[0.056, 0.164, 0.423453, 0.532317, 0.959999, 0.994991, 1.11552]",,
loc_0003911,ns,few,/home/s_grudinin/code/university/vlf_analyzing/raw_vlf_data/raw_data/Broadband_Data_2026.03.25_17.37.00.bin,22.000000,24.000000,3,"[0.41600000858306885, 1.4980000257492065, 1.878000020980835]",manual_corrected,"[0.416, 1.498, 1.558754, 1.679283, 1.768708, 1.878]",,
loc_0003910,ns,few,/home/s_grudinin/code/university/vlf_analyzing/raw_vlf_data/raw_data/Broadband_Data_2026.03.25_17.37.00.bin,20.000000,22.000000,3,"[0.9139999747276306, 1.0959999561309814, 1.312000036239624]",manual_verified,,,
loc_0003909,ns,few,/home/s_grudinin/code/university/vlf_analyzing/raw_vlf_data/raw_data/Broadband_Data_2026.03.25_17.37.00.bin,18.000000,20.000000,3,"[0.7860000133514404, 1.0839999914169312, 1.6139999628067017]",manual_corrected,"[0.108523, 0.431229, 0.786, 0.858911, 0.917231, 1.084, 1.614]",,
loc_0003908,ns,few,/home/s_grudinin/code/university/vlf_analyzing/raw_vlf_data/raw_data/Broadband_Data_2026.03.25_17.37.00.bin,16.000000,18.000000,2,"[0.39399999380111694, 0.6859999895095825]",manual_corrected,"[0.394, 0.686, 1.601523, 1.830916]",,
loc_0003906,ns,few,/home/s_grudinin/code/university/vlf_analyzing/raw_vlf_data/raw_data/Broadband_Data_2026.03.25_17.37.00.bin,12.000000,14.000000,2,"[0.25999999046325684, 0.8600000143051147]",manual_corrected,"[0.131851, 0.26, 0.656734, 0.730606, 0.86, 1.064976]",,
loc_0003905,ns,few,/home/s_grudinin/code/university/vlf_analyzing/raw_vlf_data/raw_data/Broadband_Data_2026.03.25_17.37.00.bin,10.000000,12.000000,2,"[0.35600000619888306, 1.7740000486373901]",manual_corrected,"[0.356, 1.185504, 1.774]",,
loc_0003904,ns,few,/home/s_grudinin/code/university/vlf_analyzing/raw_vlf_data/raw_data/Broadband_Data_2026.03.25_17.37.00.bin,8.000000,10.000000,3,"[1.4780000448226929, 1.8799999952316284, 1.9579999446868896]",manual_corrected,"[0.62563, 0.68395, 1.478, 1.82314, 1.88, 1.958]",,
loc_0003903,ns,few,/home/s_grudinin/code/university/vlf_analyzing/raw_vlf_data/raw_data/Broadband_Data_2026.03.25_17.37.00.bin,6.000000,8.000000,2,"[0.1899999976158142, 1.621999979019165]",manual_corrected,"[0.19, 0.411788, 0.952223, 1.622]",,
loc_0003902,ns,few,/home/s_grudinin/code/university/vlf_analyzing/raw_vlf_data/raw_data/Broadband_Data_2026.03.25_17.37.00.bin,4.000000,6.000000,2,"[1.8519999980926514, 1.944000005722046]",manual_corrected,"[1.325473, 1.852, 1.944]",,
loc_0003569,ns,few,/home/s_grudinin/code/university/vlf_analyzing/raw_vlf_data/raw_data/Broadband_Data_2026.03.25_17.31.00.bin,58.000000,60.000000,2,"[0.37599998712539673, 1.5499999523162842]",manual_corrected,"[0.376, 0.450669, 1.55]",,
loc_0003567,ns,few,/home/s_grudinin/code/university/vlf_analyzing/raw_vlf_data/raw_data/Broadband_Data_2026.03.25_17.31.00.bin,54.000000,56.000000,2,"[0.3319999873638153, 1.090000033378601]",manual_corrected,"[0.264044, 0.332, 0.555645, 0.590637, 0.652846, 0.691726, 0.750046, 1.09]",,
loc_0003566,ns,few,/home/s_grudinin/code/university/vlf_analyzing/raw_vlf_data/raw_data/Broadband_Data_2026.03.25_17.31.00.bin,52.000000,54.000000,2,"[0.12800000607967377, 0.8740000128746033]",manual_corrected,"[0.128, 0.372908, 0.874]",,
loc_0003563,ns,few,/home/s_grudinin/code/university/vlf_analyzing/raw_vlf_data/raw_data/Broadband_Data_2026.03.25_17.31.00.bin,46.000000,48.000000,2,"[0.3499999940395355, 0.7919999957084656]",manual_corrected,"[0.35, 0.792, 0.913343, 1.169952, 1.827028]",,
loc_0003559,ns,few,/home/s_grudinin/code/university/vlf_analyzing/raw_vlf_data/raw_data/Broadband_Data_2026.03.25_17.31.00.bin,38.000000,40.000000,2,"[1.253999948501587, 1.4320000410079956]",manual_corrected,"[0.637294, 1.146624, 1.254, 1.432]",,
loc_0003557,ns,few,/home/s_grudinin/code/university/vlf_analyzing/raw_vlf_data/raw_data/Broadband_Data_2026.03.25_17.31.00.bin,34.000000,36.000000,2,"[0.15000000596046448, 0.4440000057220459]",manual_corrected,"[0.15, 0.444, 0.78115, 1.893124]",,
loc_0003554,ns,few,/home/s_grudinin/code/university/vlf_analyzing/raw_vlf_data/raw_data/Broadband_Data_2026.03.25_17.31.00.bin,28.000000,30.000000,2,"[0.972000002861023, 1.4220000505447388]",manual_corrected,"[0.248492, 0.462333, 0.972, 1.422]",,
loc_0003552,ns,few,/home/s_grudinin/code/university/vlf_analyzing/raw_vlf_data/raw_data/Broadband_Data_2026.03.25_17.31.00.bin,24.000000,26.000000,3,"[0.828000009059906, 0.9179999828338623, 1.184000015258789]",manual_corrected,"[0.260156, 0.828, 0.918, 1.184]",,
loc_0003548,ns,few,/home/s_grudinin/code/university/vlf_analyzing/raw_vlf_data/raw_data/Broadband_Data_2026.03.25_17.31.00.bin,16.000000,18.000000,3,"[0.3659999966621399, 0.6299999952316284, 1.3519999980926514]",manual_corrected,"[0.366, 0.396236, 0.63, 0.808367, 1.239937, 1.352]",,
loc_0003547,ns,few,/home/s_grudinin/code/university/vlf_analyzing/raw_vlf_data/raw_data/Broadband_Data_2026.03.25_17.31.00.bin,14.000000,16.000000,3,"[1.3359999656677246, 1.350000023841858, 1.4800000190734863]",manual_corrected,"[0.295148, 0.501213, 1.336, 1.35, 1.48, 1.811476]",,
loc_0003542,ns,few,/home/s_grudinin/code/university/vlf_analyzing/raw_vlf_data/raw_data/Broadband_Data_2026.03.25_17.31.00.bin,4.000000,6.000000,2,"[0.012000000104308128, 1.1979999542236328]",manual_corrected,"[0.012, 0.396236, 1.198]",,
loc_0003540,ns,few,/home/s_grudinin/code/university/vlf_analyzing/raw_vlf_data/raw_data/Broadband_Data_2026.03.25_17.31.00.bin,0.000000,2.000000,3,"[0.07599999755620956, 0.12399999797344208, 0.7720000147819519]",manual_corrected,"[0.076, 0.124, 0.543981, 0.772, 1.46933]",,
loc_0001528,ns,few,/home/s_grudinin/code/university/vlf_analyzing/raw_vlf_data/raw_data/Broadband_Data_2026.03.25_16.57.00.bin,56.000000,58.000000,2,"[0.07199999690055847, 0.31200000643730164]",manual_corrected,"[0.072, 0.159067, 0.248492, 0.312, 0.404012, 1.127184]",,
loc_0001524,ns,few,/home/s_grudinin/code/university/vlf_analyzing/raw_vlf_data/raw_data/Broadband_Data_2026.03.25_16.57.00.bin,48.000000,50.000000,2,"[0.7879999876022339, 0.8360000252723694]",manual_corrected,"[0.505101, 0.602301, 0.788, 0.836, 1.302145]",,
loc_0001520,ns,few,/home/s_grudinin/code/university/vlf_analyzing/raw_vlf_data/raw_data/Broadband_Data_2026.03.25_16.57.00.bin,40.000000,42.000000,3,"[0.1120000034570694, 0.8960000276565552, 1.3960000276565552]",manual_corrected,"[0.112, 0.275708, 0.536205, 0.567309, 0.621742, 0.827807, 0.896, 1.364353, 1.396]",,
loc_0001517,ns,few,/home/s_grudinin/code/university/vlf_analyzing/raw_vlf_data/raw_data/Broadband_Data_2026.03.25_16.57.00.bin,34.000000,36.000000,2,"[0.5659999847412109, 0.6200000047683716]",manual_corrected,"[0.089083, 0.566, 0.62, 1.181616, 1.44989, 1.492658]",,
loc_0001515,ns,few,/home/s_grudinin/code/university/vlf_analyzing/raw_vlf_data/raw_data/Broadband_Data_2026.03.25_16.57.00.bin,30.000000,32.000000,2,"[0.4399999976158142, 1.187999963760376]",manual_corrected,"[0.318476, 0.44, 0.897791, 1.131072, 1.188, 1.539314, 1.570418]",,
loc_0001514,ns,few,/home/s_grudinin/code/university/vlf_analyzing/raw_vlf_data/raw_data/Broadband_Data_2026.03.25_16.57.00.bin,28.000000,30.000000,2,"[0.019999999552965164, 0.1340000033378601]",manual_corrected,"[0.02, 0.134, 1.500434, 1.757043]",,
loc_0001511,ns,few,/home/s_grudinin/code/university/vlf_analyzing/raw_vlf_data/raw_data/Broadband_Data_2026.03.25_16.57.00.bin,22.000000,24.000000,2,"[0.5, 0.5400000214576721]",manual_corrected,"[0.221275, 0.396236, 0.446781, 0.5, 0.54, 1.531538]",,
loc_0001510,ns,few,/home/s_grudinin/code/university/vlf_analyzing/raw_vlf_data/raw_data/Broadband_Data_2026.03.25_16.57.00.bin,20.000000,22.000000,2,"[0.10400000214576721, 0.9039999842643738]",manual_corrected,"[0.104, 0.641182, 0.904, 1.897012]",,
loc_0001503,ns,few,/home/s_grudinin/code/university/vlf_analyzing/raw_vlf_data/raw_data/Broadband_Data_2026.03.25_16.57.00.bin,6.000000,8.000000,2,"[0.5339999794960022, 1.0679999589920044]",manual_corrected,"[0.534, 1.068, 1.574306, 1.597635]",,
loc_0001040,ns,dense,/home/s_grudinin/code/university/vlf_analyzing/raw_vlf_data/raw_data/Broadband_Data_2026.03.25_16.49.00.bin,40.000000,42.000000,7,"[0.4560000002384186, 0.621999979019165, 1.6160000562667847, 1.8200000524520874, 1.8880000114440918, 1.9299999475479126, 1.9700000286102295]",manual_corrected,"[0.456, 0.622, 1.364353, 1.500434, 1.616, 1.82, 1.888, 1.93, 1.97]",,
loc_0001044,ns,dense,/home/s_grudinin/code/university/vlf_analyzing/raw_vlf_data/raw_data/Broadband_Data_2026.03.25_16.49.00.bin,48.000000,50.000000,6,"[0.017999999225139618, 0.10999999940395355, 0.32600000500679016, 0.5519999861717224, 0.7360000014305115, 0.8820000290870667]",manual_corrected,"[0.018, 0.11, 0.205723, 0.326, 0.552, 0.736, 0.882]",,
loc_0001042,ns,dense,/home/s_grudinin/code/university/vlf_analyzing/raw_vlf_data/raw_data/Broadband_Data_2026.03.25_16.49.00.bin,44.000000,46.000000,6,"[0.04600000008940697, 0.6299999952316284, 0.8140000104904175, 0.9120000004768372, 1.7380000352859497, 1.7680000066757202]",manual_corrected,"[0.046, 0.63, 0.72283, 0.814, 0.912, 0.948335, 1.738, 1.768]",,
loc_0001049,ns,dense,/home/s_grudinin/code/university/vlf_analyzing/raw_vlf_data/raw_data/Broadband_Data_2026.03.25_16.49.00.bin,58.000000,60.000000,5,"[0.734000027179718, 0.7459999918937683, 0.8199999928474426, 0.8999999761581421, 1.4880000352859497]",manual_corrected,"[0.061867, 0.143515, 0.734, 0.746, 0.78115, 0.82, 0.847247, 0.9, 1.488]",,
loc_0001046,ns,dense,/home/s_grudinin/code/university/vlf_analyzing/raw_vlf_data/raw_data/Broadband_Data_2026.03.25_16.49.00.bin,52.000000,54.000000,4,"[1.0839999914169312, 1.3960000276565552, 1.5119999647140503, 1.6080000400543213]",manual_corrected,"[1.084, 1.396, 1.512, 1.608, 1.679283]",,
loc_0001034,ns,dense,/home/s_grudinin/code/university/vlf_analyzing/raw_vlf_data/raw_data/Broadband_Data_2026.03.25_16.49.00.bin,28.000000,30.000000,4,"[0.1420000046491623, 0.41600000858306885, 0.4860000014305115, 1.0859999656677246]",manual_corrected,"[0.142, 0.166843, 0.416, 0.486, 0.648958, 1.086, 1.418786, 1.838692]",,
loc_0001031,ns,dense,/home/s_grudinin/code/university/vlf_analyzing/raw_vlf_data/raw_data/Broadband_Data_2026.03.25_16.49.00.bin,22.000000,24.000000,4,"[0.6539999842643738, 0.7799999713897705, 0.843999981880188, 0.9319999814033508]",manual_corrected,"[0.654, 0.74227, 0.78, 0.844, 0.932, 0.998879, 1.064976, 1.123296, 1.216609, 1.329361, 1.500434]",,
loc_0001023,ns,dense,/home/s_grudinin/code/university/vlf_analyzing/raw_vlf_data/raw_data/Broadband_Data_2026.03.25_16.49.00.bin,6.000000,8.000000,4,"[0.5899999737739563, 0.7200000286102295, 0.8420000076293945, 1.2760000228881836]",manual_corrected,"[0.225163, 0.361244, 0.59, 0.621742, 0.72, 0.842, 1.276, 1.928116]",,
loc_0000373,ns,dense,/home/s_grudinin/code/university/vlf_analyzing/raw_vlf_data/raw_data/Broadband_Data_2026.03.25_16.38.00.bin,26.000000,28.000000,6,"[0.30000001192092896, 0.3199999928474426, 0.33399999141693115, 0.8420000076293945, 0.8579999804496765, 1.7339999675750732]",manual_corrected,"[0.3, 0.32, 0.334, 0.842, 0.858, 1.734, 1.850356, 1.947556]",,
loc_0000366,ns,dense,/home/s_grudinin/code/university/vlf_analyzing/raw_vlf_data/raw_data/Broadband_Data_2026.03.25_16.38.00.bin,12.000000,14.000000,6,"[0.06199999898672104, 0.12399999797344208, 0.2540000081062317, 0.8100000023841858, 1.2760000228881836, 1.7239999771118164]",manual_corrected,"[0.062, 0.124, 0.254, 0.81, 1.276, 1.724, 1.850356, 1.86202]",,
loc_0000376,ns,dense,/home/s_grudinin/code/university/vlf_analyzing/raw_vlf_data/raw_data/Broadband_Data_2026.03.25_16.38.00.bin,32.000000,34.000000,5,"[0.04399999976158142, 0.628000020980835, 0.656000018119812, 0.6899999976158142, 1.0099999904632568]",manual_corrected,"[0.044, 0.3107, 0.396236, 0.628, 0.656, 0.69, 1.01, 1.609299]",,
loc_0000372,ns,dense,/home/s_grudinin/code/university/vlf_analyzing/raw_vlf_data/raw_data/Broadband_Data_2026.03.25_16.38.00.bin,24.000000,26.000000,5,"[1.4459999799728394, 1.5479999780654907, 1.5640000104904175, 1.690000057220459, 1.7139999866485596]",manual_corrected,"[0.563421, 0.66451, 1.446, 1.548, 1.564, 1.69, 1.714, 1.897012]",,
loc_0003927,ns,dense,/home/s_grudinin/code/university/vlf_analyzing/raw_vlf_data/raw_data/Broadband_Data_2026.03.25_17.37.00.bin,54.000000,56.000000,6,"[0.11800000071525574, 0.1940000057220459, 0.5019999742507935, 0.9779999852180481, 1.1419999599456787, 1.2319999933242798]",manual_verified,,,
loc_0003919,ns,dense,/home/s_grudinin/code/university/vlf_analyzing/raw_vlf_data/raw_data/Broadband_Data_2026.03.25_17.37.00.bin,38.000000,40.000000,6,"[0.07199999690055847, 0.10999999940395355, 0.17800000309944153, 0.3160000145435333, 1.034000039100647, 1.722000002861023]",manual_corrected,"[0.072, 0.11, 0.178, 0.316, 0.450669, 0.792814, 1.034, 1.554866, 1.722]",,
loc_0003924,ns,dense,/home/s_grudinin/code/university/vlf_analyzing/raw_vlf_data/raw_data/Broadband_Data_2026.03.25_17.37.00.bin,48.000000,50.000000,5,"[1.3680000305175781, 1.4220000505447388, 1.4919999837875366, 1.5740000009536743, 1.6080000400543213]",manual_corrected,"[0.680062, 0.928895, 1.368, 1.422, 1.492, 1.574, 1.608, 1.679283, 1.811476, 1.865908]",,
loc_0003918,ns,dense,/home/s_grudinin/code/university/vlf_analyzing/raw_vlf_data/raw_data/Broadband_Data_2026.03.25_17.37.00.bin,36.000000,38.000000,4,"[0.17399999499320984, 0.1899999976158142, 0.2619999945163727, 0.36000001430511475]",manual_corrected,"[0.174, 0.19, 0.262, 0.36, 0.882239, 1.166064, 1.593747]",,
loc_0003907,ns,dense,/home/s_grudinin/code/university/vlf_analyzing/raw_vlf_data/raw_data/Broadband_Data_2026.03.25_17.37.00.bin,14.000000,16.000000,4,"[0.8799999952316284, 0.9020000100135803, 1.0679999589920044, 1.6160000562667847]",manual_corrected,"[0.88, 0.902, 0.952223, 1.068, 1.123296, 1.372129, 1.616]",,
loc_0003551,ns,dense,/home/s_grudinin/code/university/vlf_analyzing/raw_vlf_data/raw_data/Broadband_Data_2026.03.25_17.31.00.bin,22.000000,24.000000,7,"[0.21199999749660492, 0.6320000290870667, 1.2200000286102295, 1.5420000553131104, 1.6059999465942383, 1.649999976158142, 1.8279999494552612]",manual_corrected,"[0.212, 0.260156, 0.632, 0.925007, 0.963887, 1.002768, 1.17384, 1.22, 1.542, 1.606, 1.65, 1.828]",,
loc_0003553,ns,dense,/home/s_grudinin/code/university/vlf_analyzing/raw_vlf_data/raw_data/Broadband_Data_2026.03.25_17.31.00.bin,26.000000,28.000000,4,"[0.2199999988079071, 0.9599999785423279, 0.9900000095367432, 1.0859999656677246]",manual_corrected,"[0.22, 0.96, 0.99, 1.086, 1.162176, 1.208833]",,
loc_0001506,ns,dense,/home/s_grudinin/code/university/vlf_analyzing/raw_vlf_data/raw_data/Broadband_Data_2026.03.25_16.57.00.bin,12.000000,14.000000,7,"[0.699999988079071, 1.4839999675750732, 1.5180000066757202, 1.5399999618530273, 1.5640000104904175, 1.722000002861023, 1.8179999589920044]",manual_corrected,"[0.7, 0.975551, 1.484, 1.518, 1.54, 1.564, 1.624851, 1.655955, 1.722, 1.818, 1.873684]",,
loc_0000325,ns,dense,/home/s_grudinin/code/university/vlf_analyzing/raw_vlf_data/raw_data/Broadband_Data_2026.03.25_16.37.00.bin,50.000000,52.000000,7,"[0.28200000524520874, 0.328000009059906, 0.6899999976158142, 0.7879999876022339, 1.059999942779541, 1.5720000267028809, 1.6380000114440918]",manual_corrected,"[0.282, 0.328, 0.34958, 0.372908, 0.489549, 0.508989, 0.567309, 0.69, 0.715054, 0.788, 0.905567, 1.06, 1.572, 1.638]",,
loc_0002598,ns,dense,/home/s_grudinin/code/university/vlf_analyzing/raw_vlf_data/raw_data/Broadband_Data_2026.03.25_17.15.00.bin,36.000000,38.000000,7,"[0.5839999914169312, 0.6140000224113464, 0.6660000085830688, 0.7099999785423279, 0.7419999837875366, 0.7960000038146973, 0.8479999899864197]",manual_corrected,"[0.563421, 0.584, 0.614, 0.666, 0.71, 0.742, 0.796, 0.848, 0.893903]",,
loc_0001507,ns,dense,/home/s_grudinin/code/university/vlf_analyzing/raw_vlf_data/raw_data/Broadband_Data_2026.03.25_16.57.00.bin,14.000000,16.000000,6,"[0.14800000190734863, 0.8500000238418579, 0.9079999923706055, 0.9539999961853027, 1.944000005722046, 1.9819999933242798]",manual_corrected,"[0.148, 0.493437, 0.512877, 0.594525, 0.85, 0.908, 0.954, 1.022208, 1.103856, 1.236049, 1.562642, 1.897012, 1.916452, 1.928116, 1.944, 1.982]",,
loc_0002169,ns,dense,/home/s_grudinin/code/university/vlf_analyzing/raw_vlf_data/raw_data/Broadband_Data_2026.03.25_17.08.00.bin,18.000000,20.000000,6,"[0.1420000046491623, 0.1860000044107437, 0.23800000548362732, 0.3199999928474426, 1.7380000352859497, 1.8539999723434448]",manual_corrected,"[0.046315, 0.077419, 0.142, 0.186, 0.238, 0.32, 1.738, 1.854, 1.970885]",,
loc_0001501,ns,dense,/home/s_grudinin/code/university/vlf_analyzing/raw_vlf_data/raw_data/Broadband_Data_2026.03.25_16.57.00.bin,2.000000,4.000000,5,"[0.15399999916553497, 0.21799999475479126, 0.2460000067949295, 0.3540000021457672, 1.3660000562667847]",manual_corrected,"[0.154, 0.218, 0.246, 0.354, 0.602301, 1.366]",,
loc_0002189,ns,dense,/home/s_grudinin/code/university/vlf_analyzing/raw_vlf_data/raw_data/Broadband_Data_2026.03.25_17.08.00.bin,58.000000,60.000000,5,"[0.49000000953674316, 0.5740000009536743, 0.6399999856948853, 1.812000036239624, 1.8680000305175781]",manual_corrected,"[0.49, 0.574, 0.64, 0.769486, 1.01832, 1.601523, 1.812, 1.868, 1.966997]",,
loc_0002177,ns,dense,/home/s_grudinin/code/university/vlf_analyzing/raw_vlf_data/raw_data/Broadband_Data_2026.03.25_17.08.00.bin,34.000000,36.000000,5,"[0.414000004529953, 0.4560000002384186, 1.031999945640564, 1.2619999647140503, 1.440000057220459]",manual_corrected,"[0.414, 0.435117, 0.456, 0.477885, 1.032, 1.262, 1.44]",,
loc_0002168,ns,dense,/home/s_grudinin/code/university/vlf_analyzing/raw_vlf_data/raw_data/Broadband_Data_2026.03.25_17.08.00.bin,16.000000,18.000000,5,"[1.0460000038146973, 1.128000020980835, 1.3639999628067017, 1.722000002861023, 1.8300000429153442]",manual_corrected,"[0.147403, 0.174619, 0.190171, 0.4079, 1.046, 1.128, 1.181616, 1.333249, 1.364, 1.722, 1.83]",,
loc_0000321,ns,dense,/home/s_grudinin/code/university/vlf_analyzing/raw_vlf_data/raw_data/Broadband_Data_2026.03.25_16.37.00.bin,42.000000,44.000000,5,"[0.25600001215934753, 0.515999972820282, 0.5659999847412109, 0.5759999752044678, 0.5979999899864197]",manual_corrected,"[0.256, 0.516, 0.566, 0.576, 0.598, 0.831695, 1.220497]",,
loc_0000312,ns,dense,/home/s_grudinin/code/university/vlf_analyzing/raw_vlf_data/raw_data/Broadband_Data_2026.03.25_16.37.00.bin,24.000000,26.000000,5,"[0.6620000004768372, 0.7680000066757202, 0.8399999737739563, 1.315999984741211, 1.8639999628067017]",manual_verified,,,
loc_0000308,ns,dense,/home/s_grudinin/code/university/vlf_analyzing/raw_vlf_data/raw_data/Broadband_Data_2026.03.25_16.37.00.bin,16.000000,18.000000,5,"[0.7620000243186951, 0.7940000295639038, 0.8040000200271606, 1.0779999494552612, 1.5119999647140503]",manual_corrected,"[0.762, 0.794, 0.804, 0.886127, 0.901679, 1.078, 1.512, 1.737603]",,
loc_0002588,ns,dense,/home/s_grudinin/code/university/vlf_analyzing/raw_vlf_data/raw_data/Broadband_Data_2026.03.25_17.15.00.bin,16.000000,18.000000,5,"[1.1299999952316284, 1.6059999465942383, 1.6519999504089355, 1.8760000467300415, 1.9420000314712524]",manual_corrected,"[0.217387, 1.13, 1.399346, 1.465442, 1.512098, 1.606, 1.652, 1.722051, 1.78426, 1.876, 1.942, 1.95922]",,
loc_0002580,ns,dense,/home/s_grudinin/code/university/vlf_analyzing/raw_vlf_data/raw_data/Broadband_Data_2026.03.25_17.15.00.bin,0.000000,2.000000,5,"[0.47200000286102295, 0.6259999871253967, 0.6579999923706055, 0.734000027179718, 1.3559999465942383]",manual_corrected,"[0.472, 0.626, 0.658, 0.734, 0.777262, 1.356]",,
loc_0002182,ns,dense,/home/s_grudinin/code/university/vlf_analyzing/raw_vlf_data/raw_data/Broadband_Data_2026.03.25_17.08.00.bin,44.000000,46.000000,4,"[0.421999990940094, 0.5960000157356262, 0.8920000195503235, 1.5959999561309814]",manual_corrected,"[0.334028, 0.422, 0.596, 0.892, 0.932783, 1.596, 1.858132]",,
loc_0000329,ns,dense,/home/s_grudinin/code/university/vlf_analyzing/raw_vlf_data/raw_data/Broadband_Data_2026.03.25_16.37.00.bin,58.000000,60.000000,4,"[0.628000020980835, 1.2319999933242798, 1.2699999809265137, 1.8660000562667847]",manual_corrected,"[0.29126, 0.628, 0.695614, 1.0572, 1.232, 1.27, 1.337137, 1.535426, 1.866]",,
loc_0000320,ns,dense,/home/s_grudinin/code/university/vlf_analyzing/raw_vlf_data/raw_data/Broadband_Data_2026.03.25_16.37.00.bin,40.000000,42.000000,4,"[0.9259999990463257, 1.0399999618530273, 1.1160000562667847, 1.8359999656677246]",manual_corrected,"[0.870575, 0.897791, 0.926, 0.963887, 1.04, 1.061088, 1.092192, 1.116, 1.298257, 1.836, 1.955332]",,
loc_0002587,ns,dense,/home/s_grudinin/code/university/vlf_analyzing/raw_vlf_data/raw_data/Broadband_Data_2026.03.25_17.15.00.bin,14.000000,16.000000,4,"[0.621999979019165, 0.7139999866485596, 0.9700000286102295, 1.465999960899353]",manual_corrected,"[0.186283, 0.543981, 0.571197, 0.622, 0.641182, 0.714, 0.855023, 0.97, 1.466, 1.745379]",,
loc_0003748,ns,dense,/home/s_grudinin/code/university/vlf_analyzing/raw_vlf_data/raw_data/Broadband_Data_2026.03.25_17.34.00.bin,56.000000,58.000000,6,"[0.10599999874830246, 0.8799999952316284, 0.9520000219345093, 1.406000018119812, 1.781999945640564, 1.8539999723434448]",manual_corrected,"[0.106, 0.353468, 0.88, 0.917231, 0.952, 1.406, 1.782, 1.854, 1.916452]",,
loc_0003018,ns,dense,/home/s_grudinin/code/university/vlf_analyzing/raw_vlf_data/raw_data/Broadband_Data_2026.03.25_17.22.00.bin,36.000000,38.000000,6,"[1.0820000171661377, 1.128000020980835, 1.1699999570846558, 1.2359999418258667, 1.3559999465942383, 1.3839999437332153]",manual_corrected,"[0.858911, 1.082, 1.128, 1.17, 1.236, 1.356, 1.384, 1.41101, 1.465442, 1.722051, 1.84258]",,
loc_0003027,ns,dense,/home/s_grudinin/code/university/vlf_analyzing/raw_vlf_data/raw_data/Broadband_Data_2026.03.25_17.22.00.bin,54.000000,56.000000,5,"[0.3019999861717224, 0.9860000014305115, 1.7860000133514404, 1.8240000009536743, 1.9479999542236328]",manual_corrected,"[0.302, 0.986, 1.407122, 1.722051, 1.786, 1.824, 1.948]",,
loc_0003021,ns,dense,/home/s_grudinin/code/university/vlf_analyzing/raw_vlf_data/raw_data/Broadband_Data_2026.03.25_17.22.00.bin,42.000000,44.000000,5,"[1.2660000324249268, 1.5440000295639038, 1.6139999628067017, 1.6779999732971191, 1.7300000190734863]",manual_corrected,"[1.0572, 1.266, 1.544, 1.614, 1.678, 1.73]",,
loc_0003013,ns,dense,/home/s_grudinin/code/university/vlf_analyzing/raw_vlf_data/raw_data/Broadband_Data_2026.03.25_17.22.00.bin,26.000000,28.000000,5,"[0.4259999990463257, 1.065999984741211, 1.2120000123977661, 1.3020000457763672, 1.3420000076293945]",manual_corrected,"[0.026874, 0.061867, 0.426, 1.066, 1.212, 1.302, 1.342, 1.376017, 1.982549]",,
loc_0003012,ns,dense,/home/s_grudinin/code/university/vlf_analyzing/raw_vlf_data/raw_data/Broadband_Data_2026.03.25_17.22.00.bin,24.000000,26.000000,5,"[0.1979999989271164, 0.2939999997615814, 0.3100000023841858, 1.034000039100647, 1.1399999856948853]",manual_corrected,"[0.198, 0.294, 0.31, 1.034, 1.14, 1.550978]",,
loc_0003011,ns,dense,/home/s_grudinin/code/university/vlf_analyzing/raw_vlf_data/raw_data/Broadband_Data_2026.03.25_17.22.00.bin,22.000000,24.000000,5,"[0.7620000243186951, 0.8799999952316284, 0.906000018119812, 1.2699999809265137, 1.4759999513626099]",manual_corrected,"[0.104635, 0.598413, 0.64507, 0.715054, 0.762, 0.808367, 0.88, 0.906, 1.142736, 1.27, 1.476]",,
loc_0003003,ns,dense,/home/s_grudinin/code/university/vlf_analyzing/raw_vlf_data/raw_data/Broadband_Data_2026.03.25_17.22.00.bin,6.000000,8.000000,5,"[1.5880000591278076, 1.6239999532699585, 1.812000036239624, 1.9620000123977661, 1.9880000352859497]",manual_corrected,"[1.267153, 1.588, 1.624, 1.812, 1.962, 1.988]",,
loc_0005705,ns,dense,/home/s_grudinin/code/university/vlf_analyzing/raw_vlf_data/raw_data/Broadband_Data_2026.03.25_18.07.00.bin,10.000000,12.000000,4,"[0.06199999898672104, 0.5619999766349792, 1.1519999504089355, 1.1640000343322754]",manual_corrected,"[0.062, 0.562, 0.823919, 0.994991, 1.152, 1.164]",,
loc_0005704,ns,dense,/home/s_grudinin/code/university/vlf_analyzing/raw_vlf_data/raw_data/Broadband_Data_2026.03.25_18.07.00.bin,8.000000,10.000000,4,"[0.335999995470047, 0.39800000190734863, 1.8760000467300415, 1.9700000286102295]",manual_corrected,"[0.336, 0.398, 0.711166, 0.847247, 0.905567, 1.636515, 1.876, 1.97]",,
loc_0003028,ns,dense,/home/s_grudinin/code/university/vlf_analyzing/raw_vlf_data/raw_data/Broadband_Data_2026.03.25_17.22.00.bin,56.000000,58.000000,4,"[0.014000000432133675, 0.6480000019073486, 0.6859999895095825, 1.8700000047683716]",manual_corrected,"[0.014, 0.135739, 0.186283, 0.648, 0.686, 1.87]",,
loc_0003014,ns,dense,/home/s_grudinin/code/university/vlf_analyzing/raw_vlf_data/raw_data/Broadband_Data_2026.03.25_17.22.00.bin,28.000000,30.000000,4,"[0.28600001335144043, 0.7799999713897705, 1.1619999408721924, 1.4600000381469727]",manual_corrected,"[0.061867, 0.286, 0.680062, 0.78, 0.851135, 0.991103, 1.010544, 1.064976, 1.162, 1.46]",,
loc_0003010,ns,dense,/home/s_grudinin/code/university/vlf_analyzing/raw_vlf_data/raw_data/Broadband_Data_2026.03.25_17.22.00.bin,20.000000,22.000000,4,"[0.6340000033378601, 1.0839999914169312, 1.1019999980926514, 1.6080000400543213]",manual_verified,,,
loc_0003009,ns,dense,/home/s_grudinin/code/university/vlf_analyzing/raw_vlf_data/raw_data/Broadband_Data_2026.03.25_17.22.00.bin,18.000000,20.000000,4,"[0.257999986410141, 1.1339999437332153, 1.340000033378601, 1.531999945640564]",manual_verified,,,
loc_0003002,ns,dense,/home/s_grudinin/code/university/vlf_analyzing/raw_vlf_data/raw_data/Broadband_Data_2026.03.25_17.22.00.bin,4.000000,6.000000,4,"[0.328000009059906, 0.4180000126361847, 0.7179999947547913, 1.1399999856948853]",manual_corrected,"[0.328, 0.418, 0.586749, 0.680062, 0.718, 1.14]",,
loc_0003001,ns,dense,/home/s_grudinin/code/university/vlf_analyzing/raw_vlf_data/raw_data/Broadband_Data_2026.03.25_17.22.00.bin,2.000000,4.000000,4,"[0.6240000128746033, 0.7879999876022339, 1.6119999885559082, 1.6519999504089355]",manual_corrected,"[0.108523, 0.29126, 0.624, 0.648958, 0.788, 1.612, 1.652]",,
loc_0002826,ns,dense,/home/s_grudinin/code/university/vlf_analyzing/raw_vlf_data/raw_data/Broadband_Data_2026.03.25_17.19.00.bin,12.000000,14.000000,4,"[0.14000000059604645, 0.16200000047683716, 1.4700000286102295, 1.4900000095367432]",manual_verified,,,
loc_0000901,ns,dense,/home/s_grudinin/code/university/vlf_analyzing/raw_vlf_data/raw_data/Broadband_Data_2026.03.25_16.47.00.bin,2.000000,4.000000,7,"[0.7580000162124634, 0.9800000190734863, 1.0219999551773071, 1.0720000267028809, 1.1979999542236328, 1.4880000352859497, 1.6779999732971191]",manual_verified,,,
loc_0005300,ns,dense,/home/s_grudinin/code/university/vlf_analyzing/raw_vlf_data/raw_data/Broadband_Data_2026.03.25_18.00.00.bin,40.000000,42.000000,5,"[0.14800000190734863, 0.2540000081062317, 0.671999990940094, 1.8700000047683716, 1.937999963760376]",manual_corrected,"[0.148, 0.254, 0.672, 0.979439, 1.290481, 1.87, 1.938]",,
loc_0000017,ns,dense,/home/s_grudinin/code/university/vlf_analyzing/raw_vlf_data/raw_data/Broadband_Data_2026.03.25_16.32.00.bin,34.000000,36.000000,7,"[0.02800000086426735, 0.21799999475479126, 0.3100000023841858, 0.33399999141693115, 1.2059999704360962, 1.2599999904632568, 1.7400000095367432]",manual_corrected,"[0.028, 0.218, 0.31, 0.334, 0.458445, 1.206, 1.26, 1.554866, 1.648179, 1.74, 1.838692]",,
loc_0000015,ns,dense,/home/s_grudinin/code/university/vlf_analyzing/raw_vlf_data/raw_data/Broadband_Data_2026.03.25_16.32.00.bin,30.000000,32.000000,7,"[0.4580000042915344, 0.5799999833106995, 0.9100000262260437, 1.1979999542236328, 1.3040000200271606, 1.3519999980926514, 1.7020000219345093]",manual_corrected,"[0.458, 0.489549, 0.524541, 0.58, 0.91, 1.088304, 1.13496, 1.1544, 1.198, 1.304, 1.352, 1.702, 1.788148, 1.827028]",,
loc_0000010,ns,dense,/home/s_grudinin/code/university/vlf_analyzing/raw_vlf_data/raw_data/Broadband_Data_2026.03.25_16.32.00.bin,20.000000,22.000000,7,"[0.23800000548362732, 0.621999979019165, 0.6380000114440918, 1.0, 1.0520000457763672, 1.1480000019073486, 1.899999976158142]",manual_corrected,"[0.238, 0.622, 0.638, 1.0, 1.052, 1.148, 1.535426, 1.9]",,
loc_0000000,ns,dense,/home/s_grudinin/code/university/vlf_analyzing/raw_vlf_data/raw_data/Broadband_Data_2026.03.25_16.32.00.bin,0.000000,2.000000,7,"[0.5360000133514404, 0.9679999947547913, 1.0180000066757202, 1.4420000314712524, 1.4819999933242798, 1.6380000114440918, 1.7079999446868896]",manual_corrected,"[0.194059, 0.536, 0.715054, 0.968, 1.018, 1.442, 1.482, 1.638, 1.708]",,
loc_0000910,ns,dense,/home/s_grudinin/code/university/vlf_analyzing/raw_vlf_data/raw_data/Broadband_Data_2026.03.25_16.47.00.bin,20.000000,22.000000,5,"[0.7540000081062317, 0.7860000133514404, 0.8100000023841858, 1.4500000476837158, 1.468000054359436]",manual_corrected,"[0.334028, 0.754, 0.786, 0.81, 0.886127, 1.45, 1.468, 1.543202, 1.889236]",,
loc_0000904,ns,dense,/home/s_grudinin/code/university/vlf_analyzing/raw_vlf_data/raw_data/Broadband_Data_2026.03.25_16.47.00.bin,8.000000,10.000000,5,"[0.33000001311302185, 0.6119999885559082, 0.6639999747276306, 1.7079999446868896, 1.871999979019165]",manual_corrected,"[0.33, 0.419564, 0.470109, 0.612, 0.664, 1.708, 1.872]",,
loc_0005293,ns,dense,/home/s_grudinin/code/university/vlf_analyzing/raw_vlf_data/raw_data/Broadband_Data_2026.03.25_18.00.00.bin,26.000000,28.000000,4,"[0.7839999794960022, 0.8659999966621399, 0.9160000085830688, 1.0700000524520874]",manual_corrected,"[0.314588, 0.784, 0.866, 0.916, 1.07, 1.554866]",,
loc_0005282,ns,dense,/home/s_grudinin/code/university/vlf_analyzing/raw_vlf_data/raw_data/Broadband_Data_2026.03.25_18.00.00.bin,4.000000,6.000000,4,"[0.23800000548362732, 0.4580000042915344, 1.1100000143051147, 1.2200000286102295]",manual_corrected,"[0.238, 0.458, 0.730606, 0.80059, 1.010544, 1.11, 1.22]",,
loc_0000029,ns,dense,/home/s_grudinin/code/university/vlf_analyzing/raw_vlf_data/raw_data/Broadband_Data_2026.03.25_16.32.00.bin,58.000000,60.000000,6,"[0.03999999910593033, 0.18799999356269836, 0.46000000834465027, 0.5640000104904175, 1.6360000371932983, 1.878000020980835]",manual_corrected,"[0.04, 0.188, 0.314588, 0.392348, 0.46, 0.564, 0.68395, 1.574306, 1.636, 1.878]",,
loc_0003958,we,single,/home/s_grudinin/code/university/vlf_analyzing/raw_vlf_data/raw_data/Broadband_Data_2026.03.25_17.37.00.bin,56.000000,58.000000,1,[1.0],manual_verified,,,
loc_0003957,we,single,/home/s_grudinin/code/university/vlf_analyzing/raw_vlf_data/raw_data/Broadband_Data_2026.03.25_17.37.00.bin,54.000000,56.000000,1,[1.0],manual_corrected,"[0.497325, 1.0]",,
loc_0003956,we,single,/home/s_grudinin/code/university/vlf_analyzing/raw_vlf_data/raw_data/Broadband_Data_2026.03.25_17.37.00.bin,52.000000,54.000000,1,[1.0],manual_verified,,,
loc_0003955,we,single,/home/s_grudinin/code/university/vlf_analyzing/raw_vlf_data/raw_data/Broadband_Data_2026.03.25_17.37.00.bin,50.000000,52.000000,1,[1.0],manual_verified,,,
loc_0003954,we,single,/home/s_grudinin/code/university/vlf_analyzing/raw_vlf_data/raw_data/Broadband_Data_2026.03.25_17.37.00.bin,48.000000,50.000000,1,[1.0],manual_corrected,"[0.680062, 1.0]",,
loc_0003953,we,single,/home/s_grudinin/code/university/vlf_analyzing/raw_vlf_data/raw_data/Broadband_Data_2026.03.25_17.37.00.bin,46.000000,48.000000,1,[1.0],manual_verified,,,
loc_0003952,we,single,/home/s_grudinin/code/university/vlf_analyzing/raw_vlf_data/raw_data/Broadband_Data_2026.03.25_17.37.00.bin,44.000000,46.000000,1,[1.0],manual_verified,,,
loc_0003950,we,single,/home/s_grudinin/code/university/vlf_analyzing/raw_vlf_data/raw_data/Broadband_Data_2026.03.25_17.37.00.bin,40.000000,42.000000,1,[1.0],manual_corrected,"[0.652846, 1.0]",,
loc_0003949,we,single,/home/s_grudinin/code/university/vlf_analyzing/raw_vlf_data/raw_data/Broadband_Data_2026.03.25_17.37.00.bin,38.000000,40.000000,1,[1.0],manual_corrected,"[0.104635, 0.174619, 1.0]",,
loc_0003948,we,single,/home/s_grudinin/code/university/vlf_analyzing/raw_vlf_data/raw_data/Broadband_Data_2026.03.25_17.37.00.bin,36.000000,38.000000,1,[1.0],manual_corrected,"[0.260156, 1.0]",,
loc_0003946,we,single,/home/s_grudinin/code/university/vlf_analyzing/raw_vlf_data/raw_data/Broadband_Data_2026.03.25_17.37.00.bin,32.000000,34.000000,1,[1.0],manual_verified,,,
loc_0003945,we,single,/home/s_grudinin/code/university/vlf_analyzing/raw_vlf_data/raw_data/Broadband_Data_2026.03.25_17.37.00.bin,30.000000,32.000000,1,[1.0],manual_verified,,,
loc_0003944,we,single,/home/s_grudinin/code/university/vlf_analyzing/raw_vlf_data/raw_data/Broadband_Data_2026.03.25_17.37.00.bin,28.000000,30.000000,1,[1.0],manual_verified,,,
loc_0003943,we,single,/home/s_grudinin/code/university/vlf_analyzing/raw_vlf_data/raw_data/Broadband_Data_2026.03.25_17.37.00.bin,26.000000,28.000000,1,[1.0],manual_verified,,,
loc_0003942,we,single,/home/s_grudinin/code/university/vlf_analyzing/raw_vlf_data/raw_data/Broadband_Data_2026.03.25_17.37.00.bin,24.000000,26.000000,1,[1.0],manual_verified,,,
loc_0003938,we,single,/home/s_grudinin/code/university/vlf_analyzing/raw_vlf_data/raw_data/Broadband_Data_2026.03.25_17.37.00.bin,16.000000,18.000000,1,[1.0],manual_verified,,,
loc_0003936,we,single,/home/s_grudinin/code/university/vlf_analyzing/raw_vlf_data/raw_data/Broadband_Data_2026.03.25_17.37.00.bin,12.000000,14.000000,1,[1.0],manual_verified,,,
loc_0003934,we,single,/home/s_grudinin/code/university/vlf_analyzing/raw_vlf_data/raw_data/Broadband_Data_2026.03.25_17.37.00.bin,8.000000,10.000000,1,[1.0],manual_verified,,,
loc_0003933,we,single,/home/s_grudinin/code/university/vlf_analyzing/raw_vlf_data/raw_data/Broadband_Data_2026.03.25_17.37.00.bin,6.000000,8.000000,1,[1.0],manual_verified,,,
loc_0003931,we,single,/home/s_grudinin/code/university/vlf_analyzing/raw_vlf_data/raw_data/Broadband_Data_2026.03.25_17.37.00.bin,2.000000,4.000000,1,[1.0],manual_verified,,,
loc_0001079,we,single,/home/s_grudinin/code/university/vlf_analyzing/raw_vlf_data/raw_data/Broadband_Data_2026.03.25_16.49.00.bin,58.000000,60.000000,1,[1.0],manual_corrected,"[0.726718, 1.0, 1.484882]",,
loc_0001078,we,single,/home/s_grudinin/code/university/vlf_analyzing/raw_vlf_data/raw_data/Broadband_Data_2026.03.25_16.49.00.bin,56.000000,58.000000,1,[1.0],manual_corrected,"[1.0, 1.636515]",,
loc_0001077,we,single,/home/s_grudinin/code/university/vlf_analyzing/raw_vlf_data/raw_data/Broadband_Data_2026.03.25_16.49.00.bin,54.000000,56.000000,1,[1.0],manual_verified,,,
loc_0001072,we,single,/home/s_grudinin/code/university/vlf_analyzing/raw_vlf_data/raw_data/Broadband_Data_2026.03.25_16.49.00.bin,44.000000,46.000000,1,[1.0],manual_corrected,"[0.042427, 1.0, 1.741491, 1.760931]",,
loc_0001071,we,single,/home/s_grudinin/code/university/vlf_analyzing/raw_vlf_data/raw_data/Broadband_Data_2026.03.25_16.49.00.bin,42.000000,44.000000,1,[1.0],manual_verified,,,
loc_0001069,we,single,/home/s_grudinin/code/university/vlf_analyzing/raw_vlf_data/raw_data/Broadband_Data_2026.03.25_16.49.00.bin,38.000000,40.000000,1,[1.0],manual_corrected,"[0.283484, 0.337916, 1.0]",,
loc_0001068,we,single,/home/s_grudinin/code/university/vlf_analyzing/raw_vlf_data/raw_data/Broadband_Data_2026.03.25_16.49.00.bin,36.000000,38.000000,1,[1.0],manual_verified,,,
loc_0001067,we,single,/home/s_grudinin/code/university/vlf_analyzing/raw_vlf_data/raw_data/Broadband_Data_2026.03.25_16.49.00.bin,34.000000,36.000000,1,[1.0],manual_verified,,,
loc_0001065,we,single,/home/s_grudinin/code/university/vlf_analyzing/raw_vlf_data/raw_data/Broadband_Data_2026.03.25_16.49.00.bin,30.000000,32.000000,1,[1.0],manual_corrected,"[1.0, 1.372129]",,
loc_0001063,we,single,/home/s_grudinin/code/university/vlf_analyzing/raw_vlf_data/raw_data/Broadband_Data_2026.03.25_16.49.00.bin,26.000000,28.000000,1,[1.0],manual_verified,,,
loc_0001062,we,single,/home/s_grudinin/code/university/vlf_analyzing/raw_vlf_data/raw_data/Broadband_Data_2026.03.25_16.49.00.bin,24.000000,26.000000,1,[1.0],manual_corrected,"[1.0, 1.788148, 1.865908]",,
loc_0001060,we,single,/home/s_grudinin/code/university/vlf_analyzing/raw_vlf_data/raw_data/Broadband_Data_2026.03.25_16.49.00.bin,20.000000,22.000000,1,[1.0],manual_verified,,,
loc_0001058,we,single,/home/s_grudinin/code/university/vlf_analyzing/raw_vlf_data/raw_data/Broadband_Data_2026.03.25_16.49.00.bin,16.000000,18.000000,1,[1.0],manual_verified,,,
loc_0001057,we,single,/home/s_grudinin/code/university/vlf_analyzing/raw_vlf_data/raw_data/Broadband_Data_2026.03.25_16.49.00.bin,14.000000,16.000000,1,[1.0],manual_verified,,,
loc_0001056,we,single,/home/s_grudinin/code/university/vlf_analyzing/raw_vlf_data/raw_data/Broadband_Data_2026.03.25_16.49.00.bin,12.000000,14.000000,1,[1.0],manual_verified,,,
loc_0001055,we,single,/home/s_grudinin/code/university/vlf_analyzing/raw_vlf_data/raw_data/Broadband_Data_2026.03.25_16.49.00.bin,10.000000,12.000000,1,[1.0],manual_verified,,,
loc_0001054,we,single,/home/s_grudinin/code/university/vlf_analyzing/raw_vlf_data/raw_data/Broadband_Data_2026.03.25_16.49.00.bin,8.000000,10.000000,1,[1.0],manual_verified,,,
loc_0001052,we,single,/home/s_grudinin/code/university/vlf_analyzing/raw_vlf_data/raw_data/Broadband_Data_2026.03.25_16.49.00.bin,4.000000,6.000000,1,[1.0],manual_verified,,,
loc_0001051,we,single,/home/s_grudinin/code/university/vlf_analyzing/raw_vlf_data/raw_data/Broadband_Data_2026.03.25_16.49.00.bin,2.000000,4.000000,1,[1.0],manual_verified,,,
loc_0001050,we,single,/home/s_grudinin/code/university/vlf_analyzing/raw_vlf_data/raw_data/Broadband_Data_2026.03.25_16.49.00.bin,0.000000,2.000000,1,[1.0],manual_verified,,,
loc_0003779,we,single,/home/s_grudinin/code/university/vlf_analyzing/raw_vlf_data/raw_data/Broadband_Data_2026.03.25_17.34.00.bin,58.000000,60.000000,1,[1.0],manual_verified,,,
loc_0003778,we,single,/home/s_grudinin/code/university/vlf_analyzing/raw_vlf_data/raw_data/Broadband_Data_2026.03.25_17.34.00.bin,56.000000,58.000000,1,[1.0],manual_corrected,"[1.0, 1.407122]",,
loc_0003777,we,single,/home/s_grudinin/code/university/vlf_analyzing/raw_vlf_data/raw_data/Broadband_Data_2026.03.25_17.34.00.bin,54.000000,56.000000,1,[1.0],manual_verified,,,
loc_0003776,we,single,/home/s_grudinin/code/university/vlf_analyzing/raw_vlf_data/raw_data/Broadband_Data_2026.03.25_17.34.00.bin,52.000000,54.000000,1,[1.0],manual_verified,,,
loc_0003775,we,single,/home/s_grudinin/code/university/vlf_analyzing/raw_vlf_data/raw_data/Broadband_Data_2026.03.25_17.34.00.bin,50.000000,52.000000,1,[1.0],manual_verified,,,
loc_0003959,we,few,/home/s_grudinin/code/university/vlf_analyzing/raw_vlf_data/raw_data/Broadband_Data_2026.03.25_17.37.00.bin,58.000000,60.000000,2,"[0.9079999923706055, 1.0]",manual_verified,,,
loc_0003951,we,few,/home/s_grudinin/code/university/vlf_analyzing/raw_vlf_data/raw_data/Broadband_Data_2026.03.25_17.37.00.bin,42.000000,44.000000,3,"[0.7360000014305115, 0.7720000147819519, 1.0]",manual_verified,,,
loc_0003947,we,few,/home/s_grudinin/code/university/vlf_analyzing/raw_vlf_data/raw_data/Broadband_Data_2026.03.25_17.37.00.bin,34.000000,36.000000,2,"[1.0, 1.9600000381469727]",manual_verified,,,
loc_0003941,we,few,/home/s_grudinin/code/university/vlf_analyzing/raw_vlf_data/raw_data/Broadband_Data_2026.03.25_17.37.00.bin,22.000000,24.000000,3,"[1.0, 1.4980000257492065, 1.878000020980835]",manual_corrected,"[1.0, 1.498, 1.679283, 1.760931, 1.878]",,
loc_0003939,we,few,/home/s_grudinin/code/university/vlf_analyzing/raw_vlf_data/raw_data/Broadband_Data_2026.03.25_17.37.00.bin,18.000000,20.000000,2,"[1.0, 1.6139999628067017]",manual_verified,,,
loc_0003935,we,few,/home/s_grudinin/code/university/vlf_analyzing/raw_vlf_data/raw_data/Broadband_Data_2026.03.25_17.37.00.bin,10.000000,12.000000,2,"[1.0, 1.7740000486373901]",manual_corrected,"[0.34958, 1.0, 1.774]",,
loc_0003932,we,few,/home/s_grudinin/code/university/vlf_analyzing/raw_vlf_data/raw_data/Broadband_Data_2026.03.25_17.37.00.bin,4.000000,6.000000,2,"[1.0, 1.8519999980926514]",manual_corrected,"[1.0, 1.302145, 1.852]",,
loc_0003930,we,few,/home/s_grudinin/code/university/vlf_analyzing/raw_vlf_data/raw_data/Broadband_Data_2026.03.25_17.37.00.bin,0.000000,2.000000,3,"[0.8040000200271606, 1.0, 1.8240000009536743]",manual_verified,,,
loc_0001076,we,few,/home/s_grudinin/code/university/vlf_analyzing/raw_vlf_data/raw_data/Broadband_Data_2026.03.25_16.49.00.bin,52.000000,54.000000,2,"[1.0, 1.0839999914169312]",manual_corrected,"[1.0, 1.084, 1.395458, 1.609299]",,
loc_0001075,we,few,/home/s_grudinin/code/university/vlf_analyzing/raw_vlf_data/raw_data/Broadband_Data_2026.03.25_16.49.00.bin,50.000000,52.000000,3,"[0.20999999344348907, 1.0, 1.965999960899353]",manual_verified,,,
loc_0001074,we,few,/home/s_grudinin/code/university/vlf_analyzing/raw_vlf_data/raw_data/Broadband_Data_2026.03.25_16.49.00.bin,48.000000,50.000000,2,"[0.8820000290870667, 1.0]",manual_corrected,"[0.205723, 0.318476, 0.730606, 0.882, 1.0]",,
loc_0001073,we,few,/home/s_grudinin/code/university/vlf_analyzing/raw_vlf_data/raw_data/Broadband_Data_2026.03.25_16.49.00.bin,46.000000,48.000000,2,"[1.0, 1.9780000448226929]",manual_verified,,,
loc_0001070,we,few,/home/s_grudinin/code/university/vlf_analyzing/raw_vlf_data/raw_data/Broadband_Data_2026.03.25_16.49.00.bin,40.000000,42.000000,3,"[0.621999979019165, 1.0, 1.9299999475479126]",manual_corrected,"[0.622, 1.0, 1.613187, 1.93, 1.970885]",,
loc_0001066,we,few,/home/s_grudinin/code/university/vlf_analyzing/raw_vlf_data/raw_data/Broadband_Data_2026.03.25_16.49.00.bin,32.000000,34.000000,2,"[1.0, 1.6239999532699585]",manual_verified,,,
loc_0001064,we,few,/home/s_grudinin/code/university/vlf_analyzing/raw_vlf_data/raw_data/Broadband_Data_2026.03.25_16.49.00.bin,28.000000,30.000000,2,"[0.012000000104308128, 1.0]",manual_corrected,"[0.012, 0.143515, 0.481773, 1.0]",,
loc_0001061,we,few,/home/s_grudinin/code/university/vlf_analyzing/raw_vlf_data/raw_data/Broadband_Data_2026.03.25_16.49.00.bin,22.000000,24.000000,2,"[0.9319999814033508, 1.0]",manual_corrected,"[0.777262, 0.932, 1.0]",,
loc_0001059,we,few,/home/s_grudinin/code/university/vlf_analyzing/raw_vlf_data/raw_data/Broadband_Data_2026.03.25_16.49.00.bin,18.000000,20.000000,3,"[1.0, 1.1619999408721924, 1.6519999504089355]",manual_corrected,"[1.0, 1.162, 1.617075, 1.652, 1.908676]",,
loc_0003763,we,few,/home/s_grudinin/code/university/vlf_analyzing/raw_vlf_data/raw_data/Broadband_Data_2026.03.25_17.34.00.bin,26.000000,28.000000,3,"[0.7099999785423279, 1.0, 1.7380000352859497]",manual_corrected,"[0.551757, 0.71, 1.0, 1.738]",,
loc_0003761,we,few,/home/s_grudinin/code/university/vlf_analyzing/raw_vlf_data/raw_data/Broadband_Data_2026.03.25_17.34.00.bin,22.000000,24.000000,2,"[1.0, 1.4600000381469727]",manual_verified,,,
loc_0003760,we,few,/home/s_grudinin/code/university/vlf_analyzing/raw_vlf_data/raw_data/Broadband_Data_2026.03.25_17.34.00.bin,20.000000,22.000000,2,"[1.0, 1.2660000324249268]",manual_verified,,,
loc_0003758,we,few,/home/s_grudinin/code/university/vlf_analyzing/raw_vlf_data/raw_data/Broadband_Data_2026.03.25_17.34.00.bin,16.000000,18.000000,2,"[1.0, 1.0779999494552612]",manual_verified,,,
loc_0003751,we,few,/home/s_grudinin/code/university/vlf_analyzing/raw_vlf_data/raw_data/Broadband_Data_2026.03.25_17.34.00.bin,2.000000,4.000000,2,"[0.3479999899864197, 1.0]",manual_corrected,"[0.348, 0.617854, 1.0]",,
loc_0000059,we,few,/home/s_grudinin/code/university/vlf_analyzing/raw_vlf_data/raw_data/Broadband_Data_2026.03.25_16.32.00.bin,58.000000,60.000000,3,"[0.1899999976158142, 1.0, 1.6360000371932983]",manual_verified,,,
loc_0000047,we,few,/home/s_grudinin/code/university/vlf_analyzing/raw_vlf_data/raw_data/Broadband_Data_2026.03.25_16.32.00.bin,34.000000,36.000000,2,"[0.02800000086426735, 1.0]",manual_corrected,"[0.028, 0.295148, 1.0, 1.737603]",,
loc_0000046,we,few,/home/s_grudinin/code/university/vlf_analyzing/raw_vlf_data/raw_data/Broadband_Data_2026.03.25_16.32.00.bin,32.000000,34.000000,2,"[1.0, 1.8179999589920044]",manual_verified,,,
loc_0000044,we,few,/home/s_grudinin/code/university/vlf_analyzing/raw_vlf_data/raw_data/Broadband_Data_2026.03.25_16.32.00.bin,28.000000,30.000000,2,"[0.8059999942779541, 1.0]",manual_verified,,,
loc_0000042,we,few,/home/s_grudinin/code/university/vlf_analyzing/raw_vlf_data/raw_data/Broadband_Data_2026.03.25_16.32.00.bin,24.000000,26.000000,2,"[1.0, 1.0820000171661377]",manual_corrected,"[0.221275, 1.0, 1.082]",,
loc_0000038,we,few,/home/s_grudinin/code/university/vlf_analyzing/raw_vlf_data/raw_data/Broadband_Data_2026.03.25_16.32.00.bin,16.000000,18.000000,2,"[1.0, 1.3960000276565552]",manual_corrected,"[0.275708, 0.477885, 1.0, 1.396, 1.764819, 1.947556]",,
loc_0001556,we,few,/home/s_grudinin/code/university/vlf_analyzing/raw_vlf_data/raw_data/Broadband_Data_2026.03.25_16.57.00.bin,52.000000,54.000000,2,"[0.9620000123977661, 1.0]",manual_corrected,"[0.112411, 0.962, 1.0, 1.893124]",,
loc_0001555,we,few,/home/s_grudinin/code/university/vlf_analyzing/raw_vlf_data/raw_data/Broadband_Data_2026.03.25_16.57.00.bin,50.000000,52.000000,2,"[0.6100000143051147, 1.0]",manual_verified,,,
loc_0001541,we,few,/home/s_grudinin/code/university/vlf_analyzing/raw_vlf_data/raw_data/Broadband_Data_2026.03.25_16.57.00.bin,22.000000,24.000000,2,"[0.5, 1.0]",manual_verified,,,
loc_0001537,we,few,/home/s_grudinin/code/university/vlf_analyzing/raw_vlf_data/raw_data/Broadband_Data_2026.03.25_16.57.00.bin,14.000000,16.000000,3,"[0.8500000238418579, 0.9539999961853027, 1.0]",manual_corrected,"[0.143515, 0.85, 0.954, 1.0, 1.93978]",,
loc_0001536,we,few,/home/s_grudinin/code/university/vlf_analyzing/raw_vlf_data/raw_data/Broadband_Data_2026.03.25_16.57.00.bin,12.000000,14.000000,3,"[0.9819999933242798, 1.0, 1.7239999771118164]",manual_corrected,"[0.982, 1.0, 1.724, 1.815364]",,
loc_0002517,we,few,/home/s_grudinin/code/university/vlf_analyzing/raw_vlf_data/raw_data/Broadband_Data_2026.03.25_17.13.00.bin,54.000000,56.000000,2,"[0.9319999814033508, 1.0]",manual_verified,,,
loc_0002516,we,few,/home/s_grudinin/code/university/vlf_analyzing/raw_vlf_data/raw_data/Broadband_Data_2026.03.25_17.13.00.bin,52.000000,54.000000,3,"[1.0, 1.3279999494552612, 1.7979999780654907]",manual_corrected,"[0.532317, 1.0, 1.328, 1.702611, 1.798]",,
loc_0002510,we,few,/home/s_grudinin/code/university/vlf_analyzing/raw_vlf_data/raw_data/Broadband_Data_2026.03.25_17.13.00.bin,40.000000,42.000000,2,"[0.07800000160932541, 1.0]",manual_corrected,"[0.078, 1.0, 1.815364]",,
loc_0002509,we,few,/home/s_grudinin/code/university/vlf_analyzing/raw_vlf_data/raw_data/Broadband_Data_2026.03.25_17.13.00.bin,38.000000,40.000000,2,"[1.0, 1.5119999647140503]",manual_verified,,,
loc_0002508,we,few,/home/s_grudinin/code/university/vlf_analyzing/raw_vlf_data/raw_data/Broadband_Data_2026.03.25_17.13.00.bin,36.000000,38.000000,3,"[1.0, 1.753999948501587, 1.9479999542236328]",manual_corrected,"[0.264044, 1.0, 1.162176, 1.754, 1.948]",,
loc_0002507,we,few,/home/s_grudinin/code/university/vlf_analyzing/raw_vlf_data/raw_data/Broadband_Data_2026.03.25_17.13.00.bin,34.000000,36.000000,3,"[1.0, 1.1019999980926514, 1.3140000104904175]",manual_corrected,"[1.0, 1.102, 1.314, 1.710387]",,
loc_0002506,we,few,/home/s_grudinin/code/university/vlf_analyzing/raw_vlf_data/raw_data/Broadband_Data_2026.03.25_17.13.00.bin,32.000000,34.000000,2,"[0.2460000067949295, 1.0]",manual_corrected,"[0.246, 1.0, 1.026096, 1.356577]",,
loc_0002502,we,few,/home/s_grudinin/code/university/vlf_analyzing/raw_vlf_data/raw_data/Broadband_Data_2026.03.25_17.13.00.bin,24.000000,26.000000,2,"[1.0, 1.5460000038146973]",manual_verified,,,
loc_0002497,we,few,/home/s_grudinin/code/university/vlf_analyzing/raw_vlf_data/raw_data/Broadband_Data_2026.03.25_17.13.00.bin,14.000000,16.000000,2,"[1.0, 1.1720000505447388]",manual_corrected,"[0.74227, 1.0, 1.146624, 1.172]",,
loc_0004437,we,few,/home/s_grudinin/code/university/vlf_analyzing/raw_vlf_data/raw_data/Broadband_Data_2026.03.25_17.45.00.bin,54.000000,56.000000,2,"[0.7059999704360962, 1.0]",manual_corrected,"[0.046315, 0.27182, 0.586749, 0.641182, 0.706, 1.0, 1.644291]",,
loc_0004435,we,few,/home/s_grudinin/code/university/vlf_analyzing/raw_vlf_data/raw_data/Broadband_Data_2026.03.25_17.45.00.bin,50.000000,52.000000,2,"[1.0, 1.850000023841858]",manual_verified,,,
loc_0004432,we,few,/home/s_grudinin/code/university/vlf_analyzing/raw_vlf_data/raw_data/Broadband_Data_2026.03.25_17.45.00.bin,44.000000,46.000000,3,"[1.0, 1.1699999570846558, 1.1859999895095825]",manual_corrected,"[0.606189, 1.0, 1.17, 1.186, 1.271041, 1.515986, 1.877572]",,
loc_0004427,we,few,/home/s_grudinin/code/university/vlf_analyzing/raw_vlf_data/raw_data/Broadband_Data_2026.03.25_17.45.00.bin,34.000000,36.000000,2,"[0.09600000083446503, 1.0]",manual_verified,,,
loc_0004424,we,few,/home/s_grudinin/code/university/vlf_analyzing/raw_vlf_data/raw_data/Broadband_Data_2026.03.25_17.45.00.bin,28.000000,30.000000,2,"[1.0, 1.4539999961853027]",manual_corrected,"[0.120187, 0.497325, 1.0, 1.454]",,
loc_0004422,we,few,/home/s_grudinin/code/university/vlf_analyzing/raw_vlf_data/raw_data/Broadband_Data_2026.03.25_17.45.00.bin,24.000000,26.000000,2,"[0.07400000095367432, 1.0]",manual_corrected,"[0.074, 0.796702, 1.0]",,
loc_0004421,we,few,/home/s_grudinin/code/university/vlf_analyzing/raw_vlf_data/raw_data/Broadband_Data_2026.03.25_17.45.00.bin,22.000000,24.000000,2,"[0.6779999732971191, 1.0]",manual_verified,,,
loc_0004417,we,few,/home/s_grudinin/code/university/vlf_analyzing/raw_vlf_data/raw_data/Broadband_Data_2026.03.25_17.45.00.bin,14.000000,16.000000,2,"[0.33799999952316284, 1.0]",manual_verified,,,
loc_0004414,we,few,/home/s_grudinin/code/university/vlf_analyzing/raw_vlf_data/raw_data/Broadband_Data_2026.03.25_17.45.00.bin,8.000000,10.000000,2,"[1.0, 1.0399999618530273]",manual_verified,,,
loc_0004413,we,few,/home/s_grudinin/code/university/vlf_analyzing/raw_vlf_data/raw_data/Broadband_Data_2026.03.25_17.45.00.bin,6.000000,8.000000,2,"[1.0, 1.5839999914169312]",manual_corrected,"[0.135739, 0.656734, 1.0, 1.584]",,
loc_0004411,we,few,/home/s_grudinin/code/university/vlf_analyzing/raw_vlf_data/raw_data/Broadband_Data_2026.03.25_17.45.00.bin,2.000000,4.000000,2,"[0.4779999852180481, 1.0]",manual_verified,,,
loc_0004410,we,few,/home/s_grudinin/code/university/vlf_analyzing/raw_vlf_data/raw_data/Broadband_Data_2026.03.25_17.45.00.bin,0.000000,2.000000,2,"[1.0, 1.4880000352859497]",manual_corrected,"[1.0, 1.488, 1.858132, 1.970885]",,
loc_0000897,we,few,/home/s_grudinin/code/university/vlf_analyzing/raw_vlf_data/raw_data/Broadband_Data_2026.03.25_16.46.00.bin,54.000000,56.000000,2,"[1.0, 1.965999960899353]",manual_corrected,"[1.0, 1.523762, 1.885348, 1.966]",,
loc_0002501,we,dense,/home/s_grudinin/code/university/vlf_analyzing/raw_vlf_data/raw_data/Broadband_Data_2026.03.25_17.13.00.bin,22.000000,24.000000,4,"[0.15600000321865082, 0.2240000069141388, 1.0, 1.7339999675750732]",manual_verified,,,
loc_0003478,we,dense,/home/s_grudinin/code/university/vlf_analyzing/raw_vlf_data/raw_data/Broadband_Data_2026.03.25_17.29.00.bin,56.000000,58.000000,4,"[0.07199999690055847, 0.13199999928474426, 0.5239999890327454, 1.0]",manual_corrected,"[0.072, 0.132, 0.524, 1.0, 1.718163]",,
loc_0002145,we,dense,/home/s_grudinin/code/university/vlf_analyzing/raw_vlf_data/raw_data/Broadband_Data_2026.03.25_17.07.00.bin,30.000000,32.000000,4,"[0.3799999952316284, 0.6539999842643738, 1.0, 1.371999979019165]",manual_verified,,,
loc_0002139,we,dense,/home/s_grudinin/code/university/vlf_analyzing/raw_vlf_data/raw_data/Broadband_Data_2026.03.25_17.07.00.bin,18.000000,20.000000,4,"[1.0, 1.0460000038146973, 1.0920000076293945, 1.3880000114440918]",manual_corrected,"[1.0, 1.046, 1.092, 1.388, 1.52765, 1.687059]",,
loc_0001710,we,dense,/home/s_grudinin/code/university/vlf_analyzing/raw_vlf_data/raw_data/Broadband_Data_2026.03.25_17.00.00.bin,0.000000,2.000000,4,"[0.921999990940094, 1.0, 1.6440000534057617, 1.7000000476837158]",manual_verified,,,
loc_0001489,we,dense,/home/s_grudinin/code/university/vlf_analyzing/raw_vlf_data/raw_data/Broadband_Data_2026.03.25_16.56.00.bin,38.000000,40.000000,4,"[0.871999979019165, 1.0, 1.0399999618530273, 1.215999960899353]",manual_verified,,,
loc_0001414,we,dense,/home/s_grudinin/code/university/vlf_analyzing/raw_vlf_data/raw_data/Broadband_Data_2026.03.25_16.55.00.bin,8.000000,10.000000,4,"[0.1599999964237213, 1.0, 1.649999976158142, 1.6859999895095825]",manual_corrected,"[0.16, 1.0, 1.65, 1.686, 1.850356]",,
loc_0001368,we,dense,/home/s_grudinin/code/university/vlf_analyzing/raw_vlf_data/raw_data/Broadband_Data_2026.03.25_16.54.00.bin,36.000000,38.000000,4,"[0.49799999594688416, 1.0, 1.1059999465942383, 1.9359999895095825]",manual_corrected,"[0.498, 1.0, 1.106, 1.850356, 1.936]",,
loc_0001247,we,dense,/home/s_grudinin/code/university/vlf_analyzing/raw_vlf_data/raw_data/Broadband_Data_2026.03.25_16.52.00.bin,34.000000,36.000000,4,"[0.1899999976158142, 0.8619999885559082, 1.0, 1.9019999504089355]",manual_corrected,"[0.19, 0.862, 0.886127, 1.0, 1.593747, 1.792036, 1.902]",,
loc_0000837,we,dense,/home/s_grudinin/code/university/vlf_analyzing/raw_vlf_data/raw_data/Broadband_Data_2026.03.25_16.45.00.bin,54.000000,56.000000,4,"[1.0, 1.3079999685287476, 1.3860000371932983, 1.9739999771118164]",manual_verified,,,
loc_0000815,we,dense,/home/s_grudinin/code/university/vlf_analyzing/raw_vlf_data/raw_data/Broadband_Data_2026.03.25_16.45.00.bin,10.000000,12.000000,4,"[0.03999999910593033, 0.4959999918937683, 0.8640000224113464, 1.0]",manual_corrected,"[0.04, 0.496, 0.864, 1.0, 1.768708, 1.834804]",,
loc_0000712,we,dense,/home/s_grudinin/code/university/vlf_analyzing/raw_vlf_data/raw_data/Broadband_Data_2026.03.25_16.43.00.bin,44.000000,46.000000,4,"[0.4000000059604645, 1.0, 1.3799999952316284, 1.9700000286102295]",manual_verified,,,
loc_0000571,we,dense,/home/s_grudinin/code/university/vlf_analyzing/raw_vlf_data/raw_data/Broadband_Data_2026.03.25_16.41.00.bin,2.000000,4.000000,4,"[0.6480000019073486, 1.0, 1.5140000581741333, 1.6920000314712524]",manual_verified,,,
loc_0000117,we,dense,/home/s_grudinin/code/university/vlf_analyzing/raw_vlf_data/raw_data/Broadband_Data_2026.03.25_16.33.00.bin,54.000000,56.000000,4,"[0.5239999890327454, 1.0, 1.6059999465942383, 1.8880000114440918]",manual_verified,,,
loc_0000100,we,dense,/home/s_grudinin/code/university/vlf_analyzing/raw_vlf_data/raw_data/Broadband_Data_2026.03.25_16.33.00.bin,20.000000,22.000000,4,"[0.27799999713897705, 0.7279999852180481, 1.0, 1.7139999866485596]",manual_corrected,"[0.147403, 0.240716, 0.278, 0.728, 1.0, 1.582083, 1.714]",,
loc_0003774,we,single,/home/s_grudinin/code/university/vlf_analyzing/raw_vlf_data/raw_data/Broadband_Data_2026.03.25_17.34.00.bin,48.000000,50.000000,1,[1.0],manual_verified,,,
loc_0003773,we,single,/home/s_grudinin/code/university/vlf_analyzing/raw_vlf_data/raw_data/Broadband_Data_2026.03.25_17.34.00.bin,46.000000,48.000000,1,[1.0],manual_corrected,"[1.0, 1.306033]",,
loc_0003772,we,single,/home/s_grudinin/code/university/vlf_analyzing/raw_vlf_data/raw_data/Broadband_Data_2026.03.25_17.34.00.bin,44.000000,46.000000,1,[1.0],manual_corrected,"[1.0, 1.966997]",,
loc_0003771,we,single,/home/s_grudinin/code/university/vlf_analyzing/raw_vlf_data/raw_data/Broadband_Data_2026.03.25_17.34.00.bin,42.000000,44.000000,1,[1.0],manual_corrected,"[0.061867, 1.0]",,
loc_0003770,we,single,/home/s_grudinin/code/university/vlf_analyzing/raw_vlf_data/raw_data/Broadband_Data_2026.03.25_17.34.00.bin,40.000000,42.000000,1,[1.0],manual_verified,,,
loc_0003769,we,single,/home/s_grudinin/code/university/vlf_analyzing/raw_vlf_data/raw_data/Broadband_Data_2026.03.25_17.34.00.bin,38.000000,40.000000,1,[1.0],manual_verified,,,
loc_0003768,we,single,/home/s_grudinin/code/university/vlf_analyzing/raw_vlf_data/raw_data/Broadband_Data_2026.03.25_17.34.00.bin,36.000000,38.000000,1,[1.0],manual_corrected,"[0.353468, 0.629518, 1.0, 1.376017]",,
loc_0003767,we,single,/home/s_grudinin/code/university/vlf_analyzing/raw_vlf_data/raw_data/Broadband_Data_2026.03.25_17.34.00.bin,34.000000,36.000000,1,[1.0],manual_verified,,,
loc_0003766,we,single,/home/s_grudinin/code/university/vlf_analyzing/raw_vlf_data/raw_data/Broadband_Data_2026.03.25_17.34.00.bin,32.000000,34.000000,1,[1.0],manual_corrected,"[1.0, 1.274929, 1.710387]",,
loc_0003765,we,single,/home/s_grudinin/code/university/vlf_analyzing/raw_vlf_data/raw_data/Broadband_Data_2026.03.25_17.34.00.bin,30.000000,32.000000,1,[1.0],manual_verified,,,
loc_0003764,we,single,/home/s_grudinin/code/university/vlf_analyzing/raw_vlf_data/raw_data/Broadband_Data_2026.03.25_17.34.00.bin,28.000000,30.000000,1,[1.0],manual_verified,,,
loc_0003762,we,single,/home/s_grudinin/code/university/vlf_analyzing/raw_vlf_data/raw_data/Broadband_Data_2026.03.25_17.34.00.bin,24.000000,26.000000,1,[1.0],manual_corrected,"[0.870575, 1.0]",,
loc_0003759,we,single,/home/s_grudinin/code/university/vlf_analyzing/raw_vlf_data/raw_data/Broadband_Data_2026.03.25_17.34.00.bin,18.000000,20.000000,1,[1.0],manual_verified,,,
loc_0003757,we,single,/home/s_grudinin/code/university/vlf_analyzing/raw_vlf_data/raw_data/Broadband_Data_2026.03.25_17.34.00.bin,14.000000,16.000000,1,[1.0],manual_verified,,,
loc_0003756,we,single,/home/s_grudinin/code/university/vlf_analyzing/raw_vlf_data/raw_data/Broadband_Data_2026.03.25_17.34.00.bin,12.000000,14.000000,1,[1.0],manual_corrected,"[0.213499, 0.921119, 1.0]",,
loc_0003754,we,single,/home/s_grudinin/code/university/vlf_analyzing/raw_vlf_data/raw_data/Broadband_Data_2026.03.25_17.34.00.bin,8.000000,10.000000,1,[1.0],manual_verified,,,
loc_0003753,we,single,/home/s_grudinin/code/university/vlf_analyzing/raw_vlf_data/raw_data/Broadband_Data_2026.03.25_17.34.00.bin,6.000000,8.000000,1,[1.0],manual_corrected,"[1.0, 1.201057, 1.819252]",,
loc_0003752,we,single,/home/s_grudinin/code/university/vlf_analyzing/raw_vlf_data/raw_data/Broadband_Data_2026.03.25_17.34.00.bin,4.000000,6.000000,1,[1.0],manual_corrected,"[1.0, 1.111632]",,
loc_0003750,we,single,/home/s_grudinin/code/university/vlf_analyzing/raw_vlf_data/raw_data/Broadband_Data_2026.03.25_17.34.00.bin,0.000000,2.000000,1,[1.0],manual_verified,,,
loc_0000896,we,few,/home/s_grudinin/code/university/vlf_analyzing/raw_vlf_data/raw_data/Broadband_Data_2026.03.25_16.46.00.bin,52.000000,54.000000,2,"[1.0, 1.7519999742507935]",manual_verified,,,
loc_0000895,we,few,/home/s_grudinin/code/university/vlf_analyzing/raw_vlf_data/raw_data/Broadband_Data_2026.03.25_16.46.00.bin,50.000000,52.000000,2,"[0.2460000067949295, 1.0]",manual_corrected,"[0.246, 1.0, 1.644291]",,
loc_0000888,we,few,/home/s_grudinin/code/university/vlf_analyzing/raw_vlf_data/raw_data/Broadband_Data_2026.03.25_16.46.00.bin,36.000000,38.000000,2,"[0.6899999976158142, 1.0]",manual_verified,,,
loc_0000887,we,few,/home/s_grudinin/code/university/vlf_analyzing/raw_vlf_data/raw_data/Broadband_Data_2026.03.25_16.46.00.bin,34.000000,36.000000,2,"[1.0, 1.2619999647140503]",manual_verified,,,
loc_0000885,we,few,/home/s_grudinin/code/university/vlf_analyzing/raw_vlf_data/raw_data/Broadband_Data_2026.03.25_16.46.00.bin,30.000000,32.000000,2,"[1.0, 1.1720000505447388]",manual_corrected,"[1.0, 1.172, 1.302145]",,
loc_0000883,we,few,/home/s_grudinin/code/university/vlf_analyzing/raw_vlf_data/raw_data/Broadband_Data_2026.03.25_16.46.00.bin,26.000000,28.000000,3,"[0.21199999749660492, 1.0, 1.5839999914169312]",manual_verified,,,
loc_0000880,we,few,/home/s_grudinin/code/university/vlf_analyzing/raw_vlf_data/raw_data/Broadband_Data_2026.03.25_16.46.00.bin,20.000000,22.000000,3,"[1.0, 1.246000051498413, 1.4900000095367432]",manual_corrected,"[0.890015, 1.0, 1.246, 1.49, 1.92034]",,
loc_0000872,we,few,/home/s_grudinin/code/university/vlf_analyzing/raw_vlf_data/raw_data/Broadband_Data_2026.03.25_16.46.00.bin,4.000000,6.000000,3,"[0.18000000715255737, 1.0, 1.809999942779541]",manual_verified,,,
loc_0000058,we,single,/home/s_grudinin/code/university/vlf_analyzing/raw_vlf_data/raw_data/Broadband_Data_2026.03.25_16.32.00.bin,56.000000,58.000000,1,[1.0],manual_corrected,"[1.0, 1.492658]",,
loc_0000057,we,single,/home/s_grudinin/code/university/vlf_analyzing/raw_vlf_data/raw_data/Broadband_Data_2026.03.25_16.32.00.bin,54.000000,56.000000,1,[1.0],manual_corrected,"[1.0, 1.827028]",,
loc_0000056,we,single,/home/s_grudinin/code/university/vlf_analyzing/raw_vlf_data/raw_data/Broadband_Data_2026.03.25_16.32.00.bin,52.000000,54.000000,1,[1.0],manual_verified,,,
loc_0000055,we,single,/home/s_grudinin/code/university/vlf_analyzing/raw_vlf_data/raw_data/Broadband_Data_2026.03.25_16.32.00.bin,50.000000,52.000000,1,[1.0],manual_verified,,,
loc_0000054,we,single,/home/s_grudinin/code/university/vlf_analyzing/raw_vlf_data/raw_data/Broadband_Data_2026.03.25_16.32.00.bin,48.000000,50.000000,1,[1.0],manual_verified,,,
loc_0000053,we,single,/home/s_grudinin/code/university/vlf_analyzing/raw_vlf_data/raw_data/Broadband_Data_2026.03.25_16.32.00.bin,46.000000,48.000000,1,[1.0],manual_corrected,"[1.0, 1.854244]",,
loc_0000052,we,single,/home/s_grudinin/code/university/vlf_analyzing/raw_vlf_data/raw_data/Broadband_Data_2026.03.25_16.32.00.bin,44.000000,46.000000,1,[1.0],manual_verified,,,
loc_0000051,we,single,/home/s_grudinin/code/university/vlf_analyzing/raw_vlf_data/raw_data/Broadband_Data_2026.03.25_16.32.00.bin,42.000000,44.000000,1,[1.0],manual_corrected,"[0.151291, 1.0]",,
loc_0000050,we,single,/home/s_grudinin/code/university/vlf_analyzing/raw_vlf_data/raw_data/Broadband_Data_2026.03.25_16.32.00.bin,40.000000,42.000000,1,[1.0],manual_corrected,"[0.019098, 1.0]",,
loc_0000049,we,single,/home/s_grudinin/code/university/vlf_analyzing/raw_vlf_data/raw_data/Broadband_Data_2026.03.25_16.32.00.bin,38.000000,40.000000,1,[1.0],manual_corrected,"[1.0, 1.819252, 1.830916]",,
loc_0000048,we,single,/home/s_grudinin/code/university/vlf_analyzing/raw_vlf_data/raw_data/Broadband_Data_2026.03.25_16.32.00.bin,36.000000,38.000000,1,[1.0],manual_corrected,"[0.120187, 1.0, 1.053312, 1.924228]",,
loc_0000045,we,single,/home/s_grudinin/code/university/vlf_analyzing/raw_vlf_data/raw_data/Broadband_Data_2026.03.25_16.32.00.bin,30.000000,32.000000,1,[1.0],manual_corrected,"[0.454557, 0.578973, 0.909455, 1.0, 1.193281, 1.302145, 1.698723]",,
loc_0000043,we,single,/home/s_grudinin/code/university/vlf_analyzing/raw_vlf_data/raw_data/Broadband_Data_2026.03.25_16.32.00.bin,26.000000,28.000000,1,[1.0],manual_verified,,,
loc_0000041,we,single,/home/s_grudinin/code/university/vlf_analyzing/raw_vlf_data/raw_data/Broadband_Data_2026.03.25_16.32.00.bin,22.000000,24.000000,1,[1.0],manual_verified,,,
loc_0000040,we,single,/home/s_grudinin/code/university/vlf_analyzing/raw_vlf_data/raw_data/Broadband_Data_2026.03.25_16.32.00.bin,20.000000,22.000000,1,[1.0],manual_corrected,"[0.621742, 1.0]",,
loc_0000039,we,single,/home/s_grudinin/code/university/vlf_analyzing/raw_vlf_data/raw_data/Broadband_Data_2026.03.25_16.32.00.bin,18.000000,20.000000,1,[1.0],manual_corrected,"[0.170731, 0.753934, 1.0]",,
loc_0000037,we,single,/home/s_grudinin/code/university/vlf_analyzing/raw_vlf_data/raw_data/Broadband_Data_2026.03.25_16.32.00.bin,14.000000,16.000000,1,[1.0],manual_corrected,"[0.598413, 0.62563, 1.0]",,
loc_0000036,we,single,/home/s_grudinin/code/university/vlf_analyzing/raw_vlf_data/raw_data/Broadband_Data_2026.03.25_16.32.00.bin,12.000000,14.000000,1,[1.0],manual_verified,,,
loc_0000035,we,single,/home/s_grudinin/code/university/vlf_analyzing/raw_vlf_data/raw_data/Broadband_Data_2026.03.25_16.32.00.bin,10.000000,12.000000,1,[1.0],manual_verified,,,
loc_0000033,we,single,/home/s_grudinin/code/university/vlf_analyzing/raw_vlf_data/raw_data/Broadband_Data_2026.03.25_16.32.00.bin,6.000000,8.000000,1,[1.0],manual_corrected,"[1.0, 1.745379, 1.955332]",,
loc_0000032,we,single,/home/s_grudinin/code/university/vlf_analyzing/raw_vlf_data/raw_data/Broadband_Data_2026.03.25_16.32.00.bin,4.000000,6.000000,1,[1.0],manual_corrected,"[1.0, 1.628739]",,
loc_0000031,we,single,/home/s_grudinin/code/university/vlf_analyzing/raw_vlf_data/raw_data/Broadband_Data_2026.03.25_16.32.00.bin,2.000000,4.000000,1,[1.0],manual_corrected,"[1.0, 1.278817]",,
loc_0000030,we,single,/home/s_grudinin/code/university/vlf_analyzing/raw_vlf_data/raw_data/Broadband_Data_2026.03.25_16.32.00.bin,0.000000,2.000000,1,[1.0],manual_corrected,"[1.0, 1.442114, 1.461554, 1.473218, 1.632627, 1.706499]",,
loc_0001559,we,single,/home/s_grudinin/code/university/vlf_analyzing/raw_vlf_data/raw_data/Broadband_Data_2026.03.25_16.57.00.bin,58.000000,60.000000,1,[1.0],manual_verified,,,
loc_0001558,we,single,/home/s_grudinin/code/university/vlf_analyzing/raw_vlf_data/raw_data/Broadband_Data_2026.03.25_16.57.00.bin,56.000000,58.000000,1,[1.0],manual_verified,,,
loc_0001557,we,single,/home/s_grudinin/code/university/vlf_analyzing/raw_vlf_data/raw_data/Broadband_Data_2026.03.25_16.57.00.bin,54.000000,56.000000,1,[1.0],manual_verified,,,
loc_0001554,we,single,/home/s_grudinin/code/university/vlf_analyzing/raw_vlf_data/raw_data/Broadband_Data_2026.03.25_16.57.00.bin,48.000000,50.000000,1,[1.0],manual_verified,,,
loc_0001553,we,single,/home/s_grudinin/code/university/vlf_analyzing/raw_vlf_data/raw_data/Broadband_Data_2026.03.25_16.57.00.bin,46.000000,48.000000,1,[1.0],manual_corrected,"[0.979439, 1.0]",,
loc_0001552,we,single,/home/s_grudinin/code/university/vlf_analyzing/raw_vlf_data/raw_data/Broadband_Data_2026.03.25_16.57.00.bin,44.000000,46.000000,1,[1.0],manual_verified,,,
loc_0001551,we,single,/home/s_grudinin/code/university/vlf_analyzing/raw_vlf_data/raw_data/Broadband_Data_2026.03.25_16.57.00.bin,42.000000,44.000000,1,[1.0],manual_corrected,"[0.691726, 1.0]",,
loc_0001550,we,single,/home/s_grudinin/code/university/vlf_analyzing/raw_vlf_data/raw_data/Broadband_Data_2026.03.25_16.57.00.bin,40.000000,42.000000,1,[1.0],manual_corrected,"[0.497325, 0.890015, 1.0, 1.399346, 1.838692]",,
loc_0001549,we,single,/home/s_grudinin/code/university/vlf_analyzing/raw_vlf_data/raw_data/Broadband_Data_2026.03.25_16.57.00.bin,38.000000,40.000000,1,[1.0],manual_verified,,,
loc_0001548,we,single,/home/s_grudinin/code/university/vlf_analyzing/raw_vlf_data/raw_data/Broadband_Data_2026.03.25_16.57.00.bin,36.000000,38.000000,1,[1.0],manual_verified,,,
loc_0001547,we,single,/home/s_grudinin/code/university/vlf_analyzing/raw_vlf_data/raw_data/Broadband_Data_2026.03.25_16.57.00.bin,34.000000,36.000000,1,[1.0],manual_verified,,,
loc_0001546,we,single,/home/s_grudinin/code/university/vlf_analyzing/raw_vlf_data/raw_data/Broadband_Data_2026.03.25_16.57.00.bin,32.000000,34.000000,1,[1.0],manual_corrected,"[1.0, 1.9009]",,
loc_0001545,we,single,/home/s_grudinin/code/university/vlf_analyzing/raw_vlf_data/raw_data/Broadband_Data_2026.03.25_16.57.00.bin,30.000000,32.000000,1,[1.0],manual_corrected,"[0.174619, 0.897791, 1.0]",,
loc_0001544,we,single,/home/s_grudinin/code/university/vlf_analyzing/raw_vlf_data/raw_data/Broadband_Data_2026.03.25_16.57.00.bin,28.000000,30.000000,1,[1.0],manual_verified,,,
loc_0001543,we,single,/home/s_grudinin/code/university/vlf_analyzing/raw_vlf_data/raw_data/Broadband_Data_2026.03.25_16.57.00.bin,26.000000,28.000000,1,[1.0],manual_corrected,"[0.652846, 1.0]",,
loc_0001542,we,single,/home/s_grudinin/code/university/vlf_analyzing/raw_vlf_data/raw_data/Broadband_Data_2026.03.25_16.57.00.bin,24.000000,26.000000,1,[1.0],manual_verified,,,
loc_0001540,we,single,/home/s_grudinin/code/university/vlf_analyzing/raw_vlf_data/raw_data/Broadband_Data_2026.03.25_16.57.00.bin,20.000000,22.000000,1,[1.0],manual_verified,,,
loc_0001539,we,single,/home/s_grudinin/code/university/vlf_analyzing/raw_vlf_data/raw_data/Broadband_Data_2026.03.25_16.57.00.bin,18.000000,20.000000,1,[1.0],manual_corrected,"[0.085195, 1.0]",,
loc_0001538,we,single,/home/s_grudinin/code/university/vlf_analyzing/raw_vlf_data/raw_data/Broadband_Data_2026.03.25_16.57.00.bin,16.000000,18.000000,1,[1.0],manual_verified,,,
loc_0001535,we,single,/home/s_grudinin/code/university/vlf_analyzing/raw_vlf_data/raw_data/Broadband_Data_2026.03.25_16.57.00.bin,10.000000,12.000000,1,[1.0],manual_verified,,,
loc_0001534,we,single,/home/s_grudinin/code/university/vlf_analyzing/raw_vlf_data/raw_data/Broadband_Data_2026.03.25_16.57.00.bin,8.000000,10.000000,1,[1.0],manual_verified,,,
loc_0001533,we,single,/home/s_grudinin/code/university/vlf_analyzing/raw_vlf_data/raw_data/Broadband_Data_2026.03.25_16.57.00.bin,6.000000,8.000000,1,[1.0],manual_verified,,,
loc_0001532,we,single,/home/s_grudinin/code/university/vlf_analyzing/raw_vlf_data/raw_data/Broadband_Data_2026.03.25_16.57.00.bin,4.000000,6.000000,1,[1.0],manual_corrected,"[0.275708, 1.0]",,
loc_0001530,we,single,/home/s_grudinin/code/university/vlf_analyzing/raw_vlf_data/raw_data/Broadband_Data_2026.03.25_16.57.00.bin,0.000000,2.000000,1,[1.0],manual_verified,,,
loc_0002519,we,single,/home/s_grudinin/code/university/vlf_analyzing/raw_vlf_data/raw_data/Broadband_Data_2026.03.25_17.13.00.bin,58.000000,60.000000,1,[1.0],manual_verified,,,
loc_0002518,we,single,/home/s_grudinin/code/university/vlf_analyzing/raw_vlf_data/raw_data/Broadband_Data_2026.03.25_17.13.00.bin,56.000000,58.000000,1,[1.0],manual_corrected,"[1.0, 1.259377]",,
loc_0002515,we,single,/home/s_grudinin/code/university/vlf_analyzing/raw_vlf_data/raw_data/Broadband_Data_2026.03.25_17.13.00.bin,50.000000,52.000000,1,[1.0],manual_corrected,"[0.334028, 1.0]",,
loc_0002514,we,single,/home/s_grudinin/code/university/vlf_analyzing/raw_vlf_data/raw_data/Broadband_Data_2026.03.25_17.13.00.bin,48.000000,50.000000,1,[1.0],manual_verified,,,
loc_0002513,we,single,/home/s_grudinin/code/university/vlf_analyzing/raw_vlf_data/raw_data/Broadband_Data_2026.03.25_17.13.00.bin,46.000000,48.000000,1,[1.0],manual_corrected,"[0.306812, 0.890015, 1.0, 1.033872]",,
loc_0002512,we,single,/home/s_grudinin/code/university/vlf_analyzing/raw_vlf_data/raw_data/Broadband_Data_2026.03.25_17.13.00.bin,44.000000,46.000000,1,[1.0],manual_corrected,"[1.0, 1.224385]",,
loc_0002511,we,single,/home/s_grudinin/code/university/vlf_analyzing/raw_vlf_data/raw_data/Broadband_Data_2026.03.25_17.13.00.bin,42.000000,44.000000,1,[1.0],manual_corrected,"[0.816143, 1.0]",,
loc_0002505,we,single,/home/s_grudinin/code/university/vlf_analyzing/raw_vlf_data/raw_data/Broadband_Data_2026.03.25_17.13.00.bin,30.000000,32.000000,1,[1.0],manual_verified,,,
loc_0002504,we,single,/home/s_grudinin/code/university/vlf_analyzing/raw_vlf_data/raw_data/Broadband_Data_2026.03.25_17.13.00.bin,28.000000,30.000000,1,[1.0],manual_corrected,"[1.0, 1.702611]",,
loc_0002503,we,single,/home/s_grudinin/code/university/vlf_analyzing/raw_vlf_data/raw_data/Broadband_Data_2026.03.25_17.13.00.bin,26.000000,28.000000,1,[1.0],manual_corrected,"[0.279596, 1.0]",,
loc_0002499,we,single,/home/s_grudinin/code/university/vlf_analyzing/raw_vlf_data/raw_data/Broadband_Data_2026.03.25_17.13.00.bin,18.000000,20.000000,1,[1.0],manual_verified,,,
