channel,segment_index,segment_start_s,segment_end_s,predicted_event_count,max_heatmap,predicted_event_times_inside_s_json
ns,0,0.0,2.0,2,0.5681543946266174,"[0.75, 1.2419999837875366]"
ns,1,2.0,4.0,5,0.9581936597824097,"[0.11999999731779099, 0.15800000727176666, 0.6000000238418579, 0.6480000019073486, 0.7860000133514404]"
ns,2,4.0,6.0,2,0.4788060784339905,"[0.843999981880188, 1.8960000276565552]"
ns,3,6.0,8.0,1,0.4979628324508667,[1.9019999504089355]
ns,4,8.0,10.0,1,0.6386565566062927,[1.1239999532699585]
ns,5,10.0,12.0,2,0.9018391370773315,"[0.8740000128746033, 1.3300000429153442]"
ns,6,12.0,14.0,1,0.4751850962638855,[0.9940000176429749]
ns,7,14.0,16.0,4,0.7785935997962952,"[0.9079999923706055, 1.4040000438690186, 1.6399999856948853, 1.944000005722046]"
ns,8,16.0,18.0,6,0.9465171694755554,"[0.4880000054836273, 0.8180000185966492, 1.2200000286102295, 1.4299999475479126, 1.4900000095367432, 1.534000039100647]"
ns,9,18.0,20.0,3,0.9691169857978821,"[0.33399999141693115, 0.49000000953674316, 1.1779999732971191]"
ns,10,20.0,22.0,1,0.7797479629516602,[1.4919999837875366]
ns,11,22.0,24.0,4,0.9618127942085266,"[0.21199999749660492, 1.3040000200271606, 1.8639999628067017, 1.899999976158142]"
ns,12,24.0,26.0,3,0.782561182975769,"[0.3319999873638153, 0.6399999856948853, 0.7559999823570251]"
ns,13,26.0,28.0,2,0.8013690114021301,"[0.45399999618530273, 0.6399999856948853]"
ns,14,28.0,30.0,5,0.8213074803352356,"[0.8159999847412109, 0.9179999828338623, 1.6740000247955322, 1.8339999914169312, 1.9019999504089355]"
ns,15,30.0,32.0,3,0.9939788579940796,"[0.03799999877810478, 0.7400000095367432, 1.25]"
ns,16,32.0,34.0,4,0.5097089409828186,"[0.9539999961853027, 1.3819999694824219, 1.4780000448226929, 1.805999994277954]"
ns,17,34.0,36.0,0,0.24966923892498016,[]
ns,18,36.0,38.0,2,0.6276434659957886,"[0.5, 1.034000039100647]"
ns,19,38.0,40.0,2,0.9309674501419067,"[0.5419999957084656, 1.0579999685287476]"
ns,20,40.0,42.0,4,0.48866936564445496,"[0.6019999980926514, 0.6340000033378601, 0.8960000276565552, 1.1160000562667847]"
ns,21,42.0,44.0,3,0.8796095848083496,"[0.03400000184774399, 0.9940000176429749, 1.531999945640564]"
ns,22,44.0,46.0,4,0.9895800948143005,"[0.9539999961853027, 1.5180000066757202, 1.5679999589920044, 1.9220000505447388]"
ns,23,46.0,48.0,4,0.8758504390716553,"[0.14800000190734863, 0.40400001406669617, 0.8759999871253967, 0.9980000257492065]"
ns,24,48.0,50.0,0,0.1540772020816803,[]
ns,25,50.0,52.0,6,0.9769732356071472,"[0.8999999761581421, 0.949999988079071, 1.0579999685287476, 1.1640000343322754, 1.5080000162124634, 1.934000015258789]"
ns,26,52.0,54.0,1,0.6156995892524719,[1.4079999923706055]
ns,27,54.0,56.0,3,0.9717278480529785,"[0.41600000858306885, 0.9800000190734863, 1.0759999752044678]"
ns,28,56.0,58.0,2,0.9808623194694519,"[0.20200000703334808, 1.8680000305175781]"
ns,29,58.0,60.0,2,0.9940105080604553,"[0.5619999766349792, 1.2000000476837158]"
we,0,0.0,2.0,8,0.9958874583244324,"[0.2680000066757202, 0.3720000088214874, 0.5759999752044678, 0.7519999742507935, 0.8140000104904175, 1.0, 1.2480000257492065, 1.909999966621399]"
we,1,2.0,4.0,12,0.9956592917442322,"[0.12800000607967377, 0.6060000061988831, 0.6480000019073486, 0.9120000004768372, 1.0, 1.0920000076293945, 1.159999966621399, 1.3200000524520874, 1.6519999504089355, 1.7039999961853027, 1.8860000371932983, 1.9220000505447388]"
we,2,4.0,6.0,11,0.9962766766548157,"[0.5920000076293945, 0.6499999761581421, 0.7279999852180481, 0.8019999861717224, 0.8479999899864197, 0.9660000205039978, 1.0, 1.503999948501587, 1.7979999780654907, 1.8960000276565552, 1.9320000410079956]"
we,3,6.0,8.0,8,0.9962524771690369,"[0.052000001072883606, 0.11999999731779099, 0.21400000154972076, 0.5979999899864197, 0.7459999918937683, 1.0, 1.253999948501587, 1.434000015258789]"
we,4,8.0,10.0,7,0.9962253570556641,"[0.3019999861717224, 0.47200000286102295, 0.734000027179718, 1.0, 1.121999979019165, 1.2640000581741333, 1.4759999513626099]"
we,5,10.0,12.0,9,0.9961633682250977,"[0.052000001072883606, 0.10400000214576721, 0.878000020980835, 1.0, 1.1859999895095825, 1.3339999914169312, 1.6540000438690186, 1.75600004196167, 1.9079999923706055]"
we,6,12.0,14.0,5,0.9962334036827087,"[0.7940000295639038, 1.0, 1.2860000133514404, 1.8040000200271606, 1.8459999561309814]"
we,7,14.0,16.0,10,0.9961996674537659,"[0.17800000309944153, 0.9100000262260437, 1.0, 1.3240000009536743, 1.409999966621399, 1.5240000486373901, 1.6440000534057617, 1.684000015258789, 1.8279999494552612, 1.9800000190734863]"
we,8,16.0,18.0,13,0.9964978694915771,"[0.10199999809265137, 0.4560000002384186, 0.5600000023841858, 0.8240000009536743, 0.8999999761581421, 0.9639999866485596, 1.0, 1.222000002861023, 1.4359999895095825, 1.49399995803833, 1.5399999618530273, 1.7139999866485596, 1.7480000257492065]"
we,9,18.0,20.0,8,0.9964540004730225,"[0.026000000536441803, 0.13199999928474426, 0.33799999952316284, 0.49399998784065247, 0.9039999842643738, 1.0, 1.1799999475479126, 1.899999976158142]"
we,10,20.0,22.0,6,0.9963346719741821,"[0.12600000202655792, 1.0, 1.0740000009536743, 1.1740000247955322, 1.4980000257492065, 1.590000033378601]"
we,11,22.0,24.0,14,0.9962998032569885,"[0.2160000056028366, 0.257999986410141, 0.5400000214576721, 0.7080000042915344, 0.8299999833106995, 0.8999999761581421, 1.0, 1.093999981880188, 1.305999994277954, 1.5099999904632568, 1.8639999628067017, 1.8960000276565552, 1.944000005722046, 1.9800000190734863]"
we,12,24.0,26.0,17,0.9963940978050232,"[0.03400000184774399, 0.30399999022483826, 0.335999995470047, 0.3720000088214874, 0.42399999499320984, 0.49000000953674316, 0.6460000276565552, 0.765999972820282, 0.8840000033378601, 1.0, 1.184000015258789, 1.2200000286102295, 1.3200000524520874, 1.4359999895095825, 1.5499999523162842, 1.5839999914169312, 1.6740000247955322]"
we,13,26.0,28.0,11,0.994358241558075,"[0.17000000178813934, 0.8220000267028809, 0.9459999799728394, 1.0, 1.0420000553131104, 1.1019999980926514, 1.3619999885559082, 1.565999984741211, 1.6440000534057617, 1.6759999990463257, 1.9079999923706055]"
we,14,28.0,30.0,12,0.9966505169868469,"[0.4480000138282776, 0.578000009059906, 0.6079999804496765, 0.6499999761581421, 0.6899999976158142, 0.7720000147819519, 0.8220000267028809, 0.9179999828338623, 1.0, 1.1260000467300415, 1.6779999732971191, 1.9119999408721924]"
we,15,30.0,32.0,9,0.9968133568763733,"[0.03999999910593033, 0.30000001192092896, 0.3499999940395355, 0.7400000095367432, 1.0, 1.25, 1.6019999980926514, 1.7599999904632568, 1.9600000381469727]"
we,16,32.0,34.0,15,0.9960669875144958,"[0.10999999940395355, 0.39399999380111694, 0.5479999780654907, 0.5799999833106995, 0.6179999709129333, 0.8119999766349792, 0.9179999828338623, 0.9599999785423279, 1.0, 1.1640000343322754, 1.3839999437332153, 1.4839999675750732, 1.6380000114440918, 1.6979999542236328, 1.815999984741211]"
we,17,34.0,36.0,7,0.9966391324996948,"[0.014000000432133675, 0.12800000607967377, 0.44200000166893005, 0.8259999752044678, 0.8659999966621399, 1.0, 1.8660000562667847]"
we,18,36.0,38.0,11,0.9966422319412231,"[0.11599999666213989, 0.2619999945163727, 0.5059999823570251, 0.7519999742507935, 0.8199999928474426, 1.0, 1.034000039100647, 1.2380000352859497, 1.2999999523162842, 1.8040000200271606, 1.9220000505447388]"
we,19,38.0,40.0,10,0.9966977834701538,"[0.15000000596046448, 0.31200000643730164, 0.414000004529953, 0.8299999833106995, 0.9660000205039978, 1.0, 1.0579999685287476, 1.1039999723434448, 1.5219999551773071, 1.7719999551773071]"
we,20,40.0,42.0,11,0.9964752793312073,"[0.12999999523162842, 0.6399999856948853, 0.9340000152587891, 1.0, 1.0399999618530273, 1.121999979019165, 1.1579999923706055, 1.246000051498413, 1.2960000038146973, 1.409999966621399, 1.5199999809265137]"
we,21,42.0,44.0,12,0.9957560896873474,"[0.03799999877810478, 0.1720000058412552, 0.21799999475479126, 0.44999998807907104, 0.7639999985694885, 0.9279999732971191, 1.0, 1.2879999876022339, 1.3559999465942383, 1.4620000123977661, 1.531999945640564, 1.9739999771118164]"
we,22,44.0,46.0,12,0.996480405330658,"[0.1340000033378601, 0.20600000023841858, 0.23800000548362732, 0.8360000252723694, 0.878000020980835, 0.9599999785423279, 1.0, 1.0420000553131104, 1.1679999828338623, 1.5180000066757202, 1.6579999923706055, 1.8359999656677246]"
we,23,46.0,48.0,12,0.9956387877464294,"[0.057999998331069946, 0.25, 0.46399998664855957, 0.6359999775886536, 0.8220000267028809, 0.8759999871253967, 0.9440000057220459, 0.9980000257492065, 1.055999994277954, 1.2039999961853027, 1.6260000467300415, 1.6720000505447388]"
we,24,48.0,50.0,9,0.9964249730110168,"[0.29600000381469727, 0.5120000243186951, 0.5519999861717224, 0.7620000243186951, 0.9120000004768372, 0.9660000205039978, 1.0, 1.218000054359436, 1.6519999504089355]"
we,25,50.0,52.0,7,0.9964613318443298,"[0.17800000309944153, 0.2919999957084656, 0.4059999883174896, 1.0, 1.0640000104904175, 1.1720000505447388, 1.9420000314712524]"
we,26,52.0,54.0,12,0.996408998966217,"[0.14800000190734863, 0.4259999990463257, 0.7139999866485596, 0.9559999704360962, 1.0, 1.100000023841858, 1.4140000343322754, 1.5440000295639038, 1.600000023841858, 1.7000000476837158, 1.812000036239624, 1.9600000381469727]"
we,27,54.0,56.0,9,0.9960812926292419,"[0.1340000033378601, 0.27000001072883606, 0.38999998569488525, 0.41999998688697815, 0.5759999752044678, 0.6579999923706055, 0.734000027179718, 0.8659999966621399, 1.0]"
we,28,56.0,58.0,16,0.996124804019928,"[0.20600000023841858, 0.46399998664855957, 0.7039999961853027, 0.7540000081062317, 0.8180000185966492, 0.8880000114440918, 1.0, 1.0740000009536743, 1.2400000095367432, 1.4500000476837158, 1.4819999933242798, 1.590000033378601, 1.6859999895095825, 1.7699999809265137, 1.7999999523162842, 1.8680000305175781]"
we,29,58.0,60.0,6,0.9965840578079224,"[0.09200000017881393, 0.13600000739097595, 0.5619999766349792, 1.0, 1.0859999656677246, 1.190000057220459]"
