raw_root,relative_path,absolute_path_before_cleanup,size_bytes,mtime_iso
raw_vlf_data,june/Broadband_Data_2026.06.15_12.33.00.bin,/home/s_grudinin/code/university/vlf_analyzing/raw_vlf_data/june/Broadband_Data_2026.06.15_12.33.00.bin,24000818,2026-06-21T20:01:19
raw_vlf_data,june/Broadband_Data_2026.06.15_12.34.00.bin,/home/s_grudinin/code/university/vlf_analyzing/raw_vlf_data/june/Broadband_Data_2026.06.15_12.34.00.bin,24000818,2026-06-21T20:01:21
raw_vlf_data,june/Broadband_Data_2026.06.15_12.35.00.bin,/home/s_grudinin/code/university/vlf_analyzing/raw_vlf_data/june/Broadband_Data_2026.06.15_12.35.00.bin,24000818,2026-06-21T20:01:23
raw_vlf_data,june/Broadband_Data_2026.06.15_12.36.00.bin,/home/s_grudinin/code/university/vlf_analyzing/raw_vlf_data/june/Broadband_Data_2026.06.15_12.36.00.bin,24000818,2026-06-21T20:01:25
raw_vlf_data,june/full_spectrograms/Broadband_Data_2026.06.15_12.33.00_ns_full_spectrogram.png,/home/s_grudinin/code/university/vlf_analyzing/raw_vlf_data/june/full_spectrograms/Broadband_Data_2026.06.15_12.33.00_ns_full_spectrogram.png,4112608,2026-06-21T20:03:43
raw_vlf_data,june/full_spectrograms/Broadband_Data_2026.06.15_12.33.00_we_full_spectrogram.png,/home/s_grudinin/code/university/vlf_analyzing/raw_vlf_data/june/full_spectrograms/Broadband_Data_2026.06.15_12.33.00_we_full_spectrogram.png,4084102,2026-06-21T20:03:45
raw_vlf_data,june/full_spectrograms/Broadband_Data_2026.06.15_12.34.00_ns_full_spectrogram.png,/home/s_grudinin/code/university/vlf_analyzing/raw_vlf_data/june/full_spectrograms/Broadband_Data_2026.06.15_12.34.00_ns_full_spectrogram.png,4110874,2026-06-21T20:03:48
raw_vlf_data,june/full_spectrograms/Broadband_Data_2026.06.15_12.34.00_we_full_spectrogram.png,/home/s_grudinin/code/university/vlf_analyzing/raw_vlf_data/june/full_spectrograms/Broadband_Data_2026.06.15_12.34.00_we_full_spectrogram.png,4094156,2026-06-21T20:03:50
raw_vlf_data,june/full_spectrograms/Broadband_Data_2026.06.15_12.35.00_ns_full_spectrogram.png,/home/s_grudinin/code/university/vlf_analyzing/raw_vlf_data/june/full_spectrograms/Broadband_Data_2026.06.15_12.35.00_ns_full_spectrogram.png,4110963,2026-06-21T20:03:53
raw_vlf_data,june/full_spectrograms/Broadband_Data_2026.06.15_12.35.00_we_full_spectrogram.png,/home/s_grudinin/code/university/vlf_analyzing/raw_vlf_data/june/full_spectrograms/Broadband_Data_2026.06.15_12.35.00_we_full_spectrogram.png,4085628,2026-06-21T20:03:56
raw_vlf_data,june/full_spectrograms/Broadband_Data_2026.06.15_12.36.00_ns_full_spectrogram.png,/home/s_grudinin/code/university/vlf_analyzing/raw_vlf_data/june/full_spectrograms/Broadband_Data_2026.06.15_12.36.00_ns_full_spectrogram.png,4111952,2026-06-21T20:03:58
raw_vlf_data,june/full_spectrograms/Broadband_Data_2026.06.15_12.36.00_we_full_spectrogram.png,/home/s_grudinin/code/university/vlf_analyzing/raw_vlf_data/june/full_spectrograms/Broadband_Data_2026.06.15_12.36.00_we_full_spectrogram.png,4079011,2026-06-21T20:04:01
raw_vlf_data,june/full_spectrograms/README.md,/home/s_grudinin/code/university/vlf_analyzing/raw_vlf_data/june/full_spectrograms/README.md,443,2026-06-21T20:04:01
raw_vlf_data,raw_data/Broadband_Data_2026.03.25_16.32.00.bin,/home/s_grudinin/code/university/vlf_analyzing/raw_vlf_data/raw_data/Broadband_Data_2026.03.25_16.32.00.bin,24000818,2026-06-02T17:19:33
raw_vlf_data,raw_data/Broadband_Data_2026.03.25_16.33.00.bin,/home/s_grudinin/code/university/vlf_analyzing/raw_vlf_data/raw_data/Broadband_Data_2026.03.25_16.33.00.bin,24000818,2026-06-02T17:19:33
raw_vlf_data,raw_data/Broadband_Data_2026.03.25_16.34.00.bin,/home/s_grudinin/code/university/vlf_analyzing/raw_vlf_data/raw_data/Broadband_Data_2026.03.25_16.34.00.bin,24000818,2026-06-02T17:19:33
raw_vlf_data,raw_data/Broadband_Data_2026.03.25_16.35.00.bin,/home/s_grudinin/code/university/vlf_analyzing/raw_vlf_data/raw_data/Broadband_Data_2026.03.25_16.35.00.bin,24000818,2026-06-02T17:19:33
raw_vlf_data,raw_data/Broadband_Data_2026.03.25_16.36.00.bin,/home/s_grudinin/code/university/vlf_analyzing/raw_vlf_data/raw_data/Broadband_Data_2026.03.25_16.36.00.bin,24000818,2026-06-02T17:19:33
raw_vlf_data,raw_data/Broadband_Data_2026.03.25_16.37.00.bin,/home/s_grudinin/code/university/vlf_analyzing/raw_vlf_data/raw_data/Broadband_Data_2026.03.25_16.37.00.bin,24000818,2026-06-02T17:19:33
raw_vlf_data,raw_data/Broadband_Data_2026.03.25_16.38.00.bin,/home/s_grudinin/code/university/vlf_analyzing/raw_vlf_data/raw_data/Broadband_Data_2026.03.25_16.38.00.bin,24000818,2026-06-02T17:19:33
raw_vlf_data,raw_data/Broadband_Data_2026.03.25_16.39.00.bin,/home/s_grudinin/code/university/vlf_analyzing/raw_vlf_data/raw_data/Broadband_Data_2026.03.25_16.39.00.bin,24000818,2026-06-02T17:19:33
raw_vlf_data,raw_data/Broadband_Data_2026.03.25_16.40.00.bin,/home/s_grudinin/code/university/vlf_analyzing/raw_vlf_data/raw_data/Broadband_Data_2026.03.25_16.40.00.bin,24000818,2026-06-02T17:19:33
raw_vlf_data,raw_data/Broadband_Data_2026.03.25_16.41.00.bin,/home/s_grudinin/code/university/vlf_analyzing/raw_vlf_data/raw_data/Broadband_Data_2026.03.25_16.41.00.bin,24000818,2026-06-02T17:19:33
raw_vlf_data,raw_data/Broadband_Data_2026.03.25_16.42.00.bin,/home/s_grudinin/code/university/vlf_analyzing/raw_vlf_data/raw_data/Broadband_Data_2026.03.25_16.42.00.bin,24000818,2026-06-02T17:19:33
raw_vlf_data,raw_data/Broadband_Data_2026.03.25_16.43.00.bin,/home/s_grudinin/code/university/vlf_analyzing/raw_vlf_data/raw_data/Broadband_Data_2026.03.25_16.43.00.bin,24000818,2026-06-02T17:19:33
raw_vlf_data,raw_data/Broadband_Data_2026.03.25_16.44.00.bin,/home/s_grudinin/code/university/vlf_analyzing/raw_vlf_data/raw_data/Broadband_Data_2026.03.25_16.44.00.bin,24000818,2026-06-02T17:19:33
raw_vlf_data,raw_data/Broadband_Data_2026.03.25_16.45.00.bin,/home/s_grudinin/code/university/vlf_analyzing/raw_vlf_data/raw_data/Broadband_Data_2026.03.25_16.45.00.bin,24000818,2026-06-02T17:19:33
raw_vlf_data,raw_data/Broadband_Data_2026.03.25_16.46.00.bin,/home/s_grudinin/code/university/vlf_analyzing/raw_vlf_data/raw_data/Broadband_Data_2026.03.25_16.46.00.bin,24000818,2026-06-02T17:19:33
raw_vlf_data,raw_data/Broadband_Data_2026.03.25_16.47.00.bin,/home/s_grudinin/code/university/vlf_analyzing/raw_vlf_data/raw_data/Broadband_Data_2026.03.25_16.47.00.bin,24000818,2026-06-02T17:19:33
raw_vlf_data,raw_data/Broadband_Data_2026.03.25_16.48.00.bin,/home/s_grudinin/code/university/vlf_analyzing/raw_vlf_data/raw_data/Broadband_Data_2026.03.25_16.48.00.bin,24000818,2026-06-02T17:19:33
raw_vlf_data,raw_data/Broadband_Data_2026.03.25_16.49.00.bin,/home/s_grudinin/code/university/vlf_analyzing/raw_vlf_data/raw_data/Broadband_Data_2026.03.25_16.49.00.bin,24000818,2026-06-02T17:19:33
raw_vlf_data,raw_data/Broadband_Data_2026.03.25_16.50.00.bin,/home/s_grudinin/code/university/vlf_analyzing/raw_vlf_data/raw_data/Broadband_Data_2026.03.25_16.50.00.bin,24000818,2026-06-02T17:19:33
raw_vlf_data,raw_data/Broadband_Data_2026.03.25_16.51.00.bin,/home/s_grudinin/code/university/vlf_analyzing/raw_vlf_data/raw_data/Broadband_Data_2026.03.25_16.51.00.bin,24000818,2026-06-02T17:19:33
raw_vlf_data,raw_data/Broadband_Data_2026.03.25_16.52.00.bin,/home/s_grudinin/code/university/vlf_analyzing/raw_vlf_data/raw_data/Broadband_Data_2026.03.25_16.52.00.bin,24000818,2026-06-02T17:19:33
raw_vlf_data,raw_data/Broadband_Data_2026.03.25_16.53.00.bin,/home/s_grudinin/code/university/vlf_analyzing/raw_vlf_data/raw_data/Broadband_Data_2026.03.25_16.53.00.bin,24000818,2026-06-02T17:19:33
raw_vlf_data,raw_data/Broadband_Data_2026.03.25_16.54.00.bin,/home/s_grudinin/code/university/vlf_analyzing/raw_vlf_data/raw_data/Broadband_Data_2026.03.25_16.54.00.bin,24000818,2026-06-02T17:19:33
raw_vlf_data,raw_data/Broadband_Data_2026.03.25_16.55.00.bin,/home/s_grudinin/code/university/vlf_analyzing/raw_vlf_data/raw_data/Broadband_Data_2026.03.25_16.55.00.bin,24000818,2026-06-02T17:19:33
raw_vlf_data,raw_data/Broadband_Data_2026.03.25_16.56.00.bin,/home/s_grudinin/code/university/vlf_analyzing/raw_vlf_data/raw_data/Broadband_Data_2026.03.25_16.56.00.bin,24000818,2026-06-02T17:19:33
raw_vlf_data,raw_data/Broadband_Data_2026.03.25_16.57.00.bin,/home/s_grudinin/code/university/vlf_analyzing/raw_vlf_data/raw_data/Broadband_Data_2026.03.25_16.57.00.bin,24000818,2026-06-02T17:19:33
raw_vlf_data,raw_data/Broadband_Data_2026.03.25_16.58.00.bin,/home/s_grudinin/code/university/vlf_analyzing/raw_vlf_data/raw_data/Broadband_Data_2026.03.25_16.58.00.bin,24000818,2026-06-02T17:19:33
raw_vlf_data,raw_data/Broadband_Data_2026.03.25_16.59.00.bin,/home/s_grudinin/code/university/vlf_analyzing/raw_vlf_data/raw_data/Broadband_Data_2026.03.25_16.59.00.bin,24000818,2026-06-02T17:19:33
raw_vlf_data,raw_data/Broadband_Data_2026.03.25_17.00.00.bin,/home/s_grudinin/code/university/vlf_analyzing/raw_vlf_data/raw_data/Broadband_Data_2026.03.25_17.00.00.bin,24000818,2026-06-02T17:19:33
raw_vlf_data,raw_data/Broadband_Data_2026.03.25_17.01.00.bin,/home/s_grudinin/code/university/vlf_analyzing/raw_vlf_data/raw_data/Broadband_Data_2026.03.25_17.01.00.bin,24000818,2026-06-02T17:19:33
raw_vlf_data,raw_data/Broadband_Data_2026.03.25_17.02.00.bin,/home/s_grudinin/code/university/vlf_analyzing/raw_vlf_data/raw_data/Broadband_Data_2026.03.25_17.02.00.bin,24000818,2026-06-02T17:19:33
raw_vlf_data,raw_data/Broadband_Data_2026.03.25_17.03.00.bin,/home/s_grudinin/code/university/vlf_analyzing/raw_vlf_data/raw_data/Broadband_Data_2026.03.25_17.03.00.bin,24000818,2026-06-02T17:19:33
raw_vlf_data,raw_data/Broadband_Data_2026.03.25_17.04.00.bin,/home/s_grudinin/code/university/vlf_analyzing/raw_vlf_data/raw_data/Broadband_Data_2026.03.25_17.04.00.bin,24000818,2026-06-02T17:19:33
raw_vlf_data,raw_data/Broadband_Data_2026.03.25_17.05.00.bin,/home/s_grudinin/code/university/vlf_analyzing/raw_vlf_data/raw_data/Broadband_Data_2026.03.25_17.05.00.bin,24000818,2026-06-02T17:19:33
raw_vlf_data,raw_data/Broadband_Data_2026.03.25_17.06.00.bin,/home/s_grudinin/code/university/vlf_analyzing/raw_vlf_data/raw_data/Broadband_Data_2026.03.25_17.06.00.bin,24000818,2026-06-02T17:19:33
raw_vlf_data,raw_data/Broadband_Data_2026.03.25_17.07.00.bin,/home/s_grudinin/code/university/vlf_analyzing/raw_vlf_data/raw_data/Broadband_Data_2026.03.25_17.07.00.bin,24000818,2026-06-02T17:19:33
raw_vlf_data,raw_data/Broadband_Data_2026.03.25_17.08.00.bin,/home/s_grudinin/code/university/vlf_analyzing/raw_vlf_data/raw_data/Broadband_Data_2026.03.25_17.08.00.bin,24000818,2026-06-02T17:19:33
raw_vlf_data,raw_data/Broadband_Data_2026.03.25_17.09.00.bin,/home/s_grudinin/code/university/vlf_analyzing/raw_vlf_data/raw_data/Broadband_Data_2026.03.25_17.09.00.bin,24000818,2026-06-02T17:19:33
raw_vlf_data,raw_data/Broadband_Data_2026.03.25_17.10.00.bin,/home/s_grudinin/code/university/vlf_analyzing/raw_vlf_data/raw_data/Broadband_Data_2026.03.25_17.10.00.bin,24000818,2026-06-02T17:19:33
raw_vlf_data,raw_data/Broadband_Data_2026.03.25_17.11.00.bin,/home/s_grudinin/code/university/vlf_analyzing/raw_vlf_data/raw_data/Broadband_Data_2026.03.25_17.11.00.bin,24000818,2026-06-02T17:19:33
raw_vlf_data,raw_data/Broadband_Data_2026.03.25_17.12.00.bin,/home/s_grudinin/code/university/vlf_analyzing/raw_vlf_data/raw_data/Broadband_Data_2026.03.25_17.12.00.bin,24000818,2026-06-02T17:19:33
raw_vlf_data,raw_data/Broadband_Data_2026.03.25_17.13.00.bin,/home/s_grudinin/code/university/vlf_analyzing/raw_vlf_data/raw_data/Broadband_Data_2026.03.25_17.13.00.bin,24000818,2026-06-02T17:19:33
raw_vlf_data,raw_data/Broadband_Data_2026.03.25_17.14.00.bin,/home/s_grudinin/code/university/vlf_analyzing/raw_vlf_data/raw_data/Broadband_Data_2026.03.25_17.14.00.bin,24000818,2026-06-02T17:19:33
raw_vlf_data,raw_data/Broadband_Data_2026.03.25_17.15.00.bin,/home/s_grudinin/code/university/vlf_analyzing/raw_vlf_data/raw_data/Broadband_Data_2026.03.25_17.15.00.bin,24000818,2026-06-02T17:19:33
raw_vlf_data,raw_data/Broadband_Data_2026.03.25_17.16.00.bin,/home/s_grudinin/code/university/vlf_analyzing/raw_vlf_data/raw_data/Broadband_Data_2026.03.25_17.16.00.bin,24000818,2026-06-02T17:19:33
raw_vlf_data,raw_data/Broadband_Data_2026.03.25_17.17.00.bin,/home/s_grudinin/code/university/vlf_analyzing/raw_vlf_data/raw_data/Broadband_Data_2026.03.25_17.17.00.bin,24000818,2026-06-02T17:19:33
raw_vlf_data,raw_data/Broadband_Data_2026.03.25_17.18.00.bin,/home/s_grudinin/code/university/vlf_analyzing/raw_vlf_data/raw_data/Broadband_Data_2026.03.25_17.18.00.bin,24000818,2026-06-02T17:19:33
raw_vlf_data,raw_data/Broadband_Data_2026.03.25_17.19.00.bin,/home/s_grudinin/code/university/vlf_analyzing/raw_vlf_data/raw_data/Broadband_Data_2026.03.25_17.19.00.bin,24000818,2026-06-02T17:19:33
raw_vlf_data,raw_data/Broadband_Data_2026.03.25_17.20.00.bin,/home/s_grudinin/code/university/vlf_analyzing/raw_vlf_data/raw_data/Broadband_Data_2026.03.25_17.20.00.bin,24000818,2026-06-02T17:19:33
raw_vlf_data,raw_data/Broadband_Data_2026.03.25_17.21.00.bin,/home/s_grudinin/code/university/vlf_analyzing/raw_vlf_data/raw_data/Broadband_Data_2026.03.25_17.21.00.bin,24000818,2026-06-02T17:19:33
raw_vlf_data,raw_data/Broadband_Data_2026.03.25_17.22.00.bin,/home/s_grudinin/code/university/vlf_analyzing/raw_vlf_data/raw_data/Broadband_Data_2026.03.25_17.22.00.bin,24000818,2026-06-02T17:19:33
raw_vlf_data,raw_data/Broadband_Data_2026.03.25_17.23.00.bin,/home/s_grudinin/code/university/vlf_analyzing/raw_vlf_data/raw_data/Broadband_Data_2026.03.25_17.23.00.bin,24000818,2026-06-02T17:19:33
raw_vlf_data,raw_data/Broadband_Data_2026.03.25_17.24.00.bin,/home/s_grudinin/code/university/vlf_analyzing/raw_vlf_data/raw_data/Broadband_Data_2026.03.25_17.24.00.bin,24000818,2026-06-02T17:19:33
raw_vlf_data,raw_data/Broadband_Data_2026.03.25_17.25.00.bin,/home/s_grudinin/code/university/vlf_analyzing/raw_vlf_data/raw_data/Broadband_Data_2026.03.25_17.25.00.bin,24000818,2026-06-02T17:19:33
raw_vlf_data,raw_data/Broadband_Data_2026.03.25_17.26.00.bin,/home/s_grudinin/code/university/vlf_analyzing/raw_vlf_data/raw_data/Broadband_Data_2026.03.25_17.26.00.bin,24000818,2026-06-02T17:19:33
raw_vlf_data,raw_data/Broadband_Data_2026.03.25_17.27.00.bin,/home/s_grudinin/code/university/vlf_analyzing/raw_vlf_data/raw_data/Broadband_Data_2026.03.25_17.27.00.bin,24000818,2026-06-02T17:19:33
raw_vlf_data,raw_data/Broadband_Data_2026.03.25_17.28.00.bin,/home/s_grudinin/code/university/vlf_analyzing/raw_vlf_data/raw_data/Broadband_Data_2026.03.25_17.28.00.bin,24000818,2026-06-02T17:19:33
raw_vlf_data,raw_data/Broadband_Data_2026.03.25_17.29.00.bin,/home/s_grudinin/code/university/vlf_analyzing/raw_vlf_data/raw_data/Broadband_Data_2026.03.25_17.29.00.bin,24000818,2026-06-02T17:19:33
raw_vlf_data,raw_data/Broadband_Data_2026.03.25_17.30.00.bin,/home/s_grudinin/code/university/vlf_analyzing/raw_vlf_data/raw_data/Broadband_Data_2026.03.25_17.30.00.bin,24000818,2026-06-02T17:19:33
raw_vlf_data,raw_data/Broadband_Data_2026.03.25_17.31.00.bin,/home/s_grudinin/code/university/vlf_analyzing/raw_vlf_data/raw_data/Broadband_Data_2026.03.25_17.31.00.bin,24000818,2026-06-02T17:19:33
raw_vlf_data,raw_data/Broadband_Data_2026.03.25_17.32.00.bin,/home/s_grudinin/code/university/vlf_analyzing/raw_vlf_data/raw_data/Broadband_Data_2026.03.25_17.32.00.bin,24000818,2026-06-02T17:19:33
raw_vlf_data,raw_data/Broadband_Data_2026.03.25_17.33.00.bin,/home/s_grudinin/code/university/vlf_analyzing/raw_vlf_data/raw_data/Broadband_Data_2026.03.25_17.33.00.bin,24000818,2026-06-02T17:19:33
raw_vlf_data,raw_data/Broadband_Data_2026.03.25_17.34.00.bin,/home/s_grudinin/code/university/vlf_analyzing/raw_vlf_data/raw_data/Broadband_Data_2026.03.25_17.34.00.bin,24000818,2026-06-02T17:19:33
raw_vlf_data,raw_data/Broadband_Data_2026.03.25_17.35.00.bin,/home/s_grudinin/code/university/vlf_analyzing/raw_vlf_data/raw_data/Broadband_Data_2026.03.25_17.35.00.bin,24000818,2026-06-02T17:19:33
raw_vlf_data,raw_data/Broadband_Data_2026.03.25_17.36.00.bin,/home/s_grudinin/code/university/vlf_analyzing/raw_vlf_data/raw_data/Broadband_Data_2026.03.25_17.36.00.bin,24000818,2026-06-02T17:19:33
raw_vlf_data,raw_data/Broadband_Data_2026.03.25_17.37.00.bin,/home/s_grudinin/code/university/vlf_analyzing/raw_vlf_data/raw_data/Broadband_Data_2026.03.25_17.37.00.bin,24000818,2026-06-02T17:19:33
raw_vlf_data,raw_data/Broadband_Data_2026.03.25_17.38.00.bin,/home/s_grudinin/code/university/vlf_analyzing/raw_vlf_data/raw_data/Broadband_Data_2026.03.25_17.38.00.bin,24000818,2026-06-02T17:19:33
raw_vlf_data,raw_data/Broadband_Data_2026.03.25_17.39.00.bin,/home/s_grudinin/code/university/vlf_analyzing/raw_vlf_data/raw_data/Broadband_Data_2026.03.25_17.39.00.bin,24000818,2026-06-02T17:19:33
raw_vlf_data,raw_data/Broadband_Data_2026.03.25_17.40.00.bin,/home/s_grudinin/code/university/vlf_analyzing/raw_vlf_data/raw_data/Broadband_Data_2026.03.25_17.40.00.bin,24000818,2026-06-02T17:19:33
raw_vlf_data,raw_data/Broadband_Data_2026.03.25_17.41.00.bin,/home/s_grudinin/code/university/vlf_analyzing/raw_vlf_data/raw_data/Broadband_Data_2026.03.25_17.41.00.bin,24000818,2026-06-02T17:19:33
raw_vlf_data,raw_data/Broadband_Data_2026.03.25_17.42.00.bin,/home/s_grudinin/code/university/vlf_analyzing/raw_vlf_data/raw_data/Broadband_Data_2026.03.25_17.42.00.bin,24000818,2026-06-02T17:19:34
raw_vlf_data,raw_data/Broadband_Data_2026.03.25_17.43.00.bin,/home/s_grudinin/code/university/vlf_analyzing/raw_vlf_data/raw_data/Broadband_Data_2026.03.25_17.43.00.bin,24000818,2026-06-02T17:19:33
raw_vlf_data,raw_data/Broadband_Data_2026.03.25_17.44.00.bin,/home/s_grudinin/code/university/vlf_analyzing/raw_vlf_data/raw_data/Broadband_Data_2026.03.25_17.44.00.bin,24000818,2026-06-02T17:19:33
raw_vlf_data,raw_data/Broadband_Data_2026.03.25_17.45.00.bin,/home/s_grudinin/code/university/vlf_analyzing/raw_vlf_data/raw_data/Broadband_Data_2026.03.25_17.45.00.bin,24000818,2026-06-02T17:19:33
raw_vlf_data,raw_data/Broadband_Data_2026.03.25_17.46.00.bin,/home/s_grudinin/code/university/vlf_analyzing/raw_vlf_data/raw_data/Broadband_Data_2026.03.25_17.46.00.bin,24000818,2026-06-02T17:19:33
raw_vlf_data,raw_data/Broadband_Data_2026.03.25_17.47.00.bin,/home/s_grudinin/code/university/vlf_analyzing/raw_vlf_data/raw_data/Broadband_Data_2026.03.25_17.47.00.bin,24000818,2026-06-02T17:19:33
raw_vlf_data,raw_data/Broadband_Data_2026.03.25_17.48.00.bin,/home/s_grudinin/code/university/vlf_analyzing/raw_vlf_data/raw_data/Broadband_Data_2026.03.25_17.48.00.bin,24000818,2026-06-02T17:19:33
raw_vlf_data,raw_data/Broadband_Data_2026.03.25_17.49.00.bin,/home/s_grudinin/code/university/vlf_analyzing/raw_vlf_data/raw_data/Broadband_Data_2026.03.25_17.49.00.bin,24000818,2026-06-02T17:19:33
raw_vlf_data,raw_data/Broadband_Data_2026.03.25_17.50.00.bin,/home/s_grudinin/code/university/vlf_analyzing/raw_vlf_data/raw_data/Broadband_Data_2026.03.25_17.50.00.bin,24000818,2026-06-02T17:19:33
raw_vlf_data,raw_data/Broadband_Data_2026.03.25_17.51.00.bin,/home/s_grudinin/code/university/vlf_analyzing/raw_vlf_data/raw_data/Broadband_Data_2026.03.25_17.51.00.bin,24000818,2026-06-02T17:19:33
raw_vlf_data,raw_data/Broadband_Data_2026.03.25_17.52.00.bin,/home/s_grudinin/code/university/vlf_analyzing/raw_vlf_data/raw_data/Broadband_Data_2026.03.25_17.52.00.bin,24000818,2026-06-02T17:19:33
raw_vlf_data,raw_data/Broadband_Data_2026.03.25_17.53.00.bin,/home/s_grudinin/code/university/vlf_analyzing/raw_vlf_data/raw_data/Broadband_Data_2026.03.25_17.53.00.bin,24000818,2026-06-02T17:19:33
raw_vlf_data,raw_data/Broadband_Data_2026.03.25_17.54.00.bin,/home/s_grudinin/code/university/vlf_analyzing/raw_vlf_data/raw_data/Broadband_Data_2026.03.25_17.54.00.bin,24000818,2026-06-02T17:19:33
raw_vlf_data,raw_data/Broadband_Data_2026.03.25_17.55.00.bin,/home/s_grudinin/code/university/vlf_analyzing/raw_vlf_data/raw_data/Broadband_Data_2026.03.25_17.55.00.bin,24000818,2026-06-02T17:19:33
raw_vlf_data,raw_data/Broadband_Data_2026.03.25_17.56.00.bin,/home/s_grudinin/code/university/vlf_analyzing/raw_vlf_data/raw_data/Broadband_Data_2026.03.25_17.56.00.bin,24000818,2026-06-02T17:19:33
raw_vlf_data,raw_data/Broadband_Data_2026.03.25_17.57.00.bin,/home/s_grudinin/code/university/vlf_analyzing/raw_vlf_data/raw_data/Broadband_Data_2026.03.25_17.57.00.bin,24000818,2026-06-02T17:19:33
raw_vlf_data,raw_data/Broadband_Data_2026.03.25_17.58.00.bin,/home/s_grudinin/code/university/vlf_analyzing/raw_vlf_data/raw_data/Broadband_Data_2026.03.25_17.58.00.bin,24000818,2026-06-02T17:19:33
raw_vlf_data,raw_data/Broadband_Data_2026.03.25_17.59.00.bin,/home/s_grudinin/code/university/vlf_analyzing/raw_vlf_data/raw_data/Broadband_Data_2026.03.25_17.59.00.bin,24000818,2026-06-02T17:19:33
raw_vlf_data,raw_data/Broadband_Data_2026.03.25_18.00.00.bin,/home/s_grudinin/code/university/vlf_analyzing/raw_vlf_data/raw_data/Broadband_Data_2026.03.25_18.00.00.bin,24000818,2026-06-02T17:19:33
raw_vlf_data,raw_data/Broadband_Data_2026.03.25_18.01.00.bin,/home/s_grudinin/code/university/vlf_analyzing/raw_vlf_data/raw_data/Broadband_Data_2026.03.25_18.01.00.bin,24000818,2026-06-02T17:19:33
raw_vlf_data,raw_data/Broadband_Data_2026.03.25_18.02.00.bin,/home/s_grudinin/code/university/vlf_analyzing/raw_vlf_data/raw_data/Broadband_Data_2026.03.25_18.02.00.bin,24000818,2026-06-02T17:19:33
raw_vlf_data,raw_data/Broadband_Data_2026.03.25_18.03.00.bin,/home/s_grudinin/code/university/vlf_analyzing/raw_vlf_data/raw_data/Broadband_Data_2026.03.25_18.03.00.bin,24000818,2026-06-02T17:19:33
raw_vlf_data,raw_data/Broadband_Data_2026.03.25_18.04.00.bin,/home/s_grudinin/code/university/vlf_analyzing/raw_vlf_data/raw_data/Broadband_Data_2026.03.25_18.04.00.bin,24000818,2026-06-02T17:19:34
raw_vlf_data,raw_data/Broadband_Data_2026.03.25_18.05.00.bin,/home/s_grudinin/code/university/vlf_analyzing/raw_vlf_data/raw_data/Broadband_Data_2026.03.25_18.05.00.bin,24000818,2026-06-02T17:19:33
raw_vlf_data,raw_data/Broadband_Data_2026.03.25_18.06.00.bin,/home/s_grudinin/code/university/vlf_analyzing/raw_vlf_data/raw_data/Broadband_Data_2026.03.25_18.06.00.bin,24000818,2026-06-02T17:19:33
raw_vlf_data,raw_data/Broadband_Data_2026.03.25_18.07.00.bin,/home/s_grudinin/code/university/vlf_analyzing/raw_vlf_data/raw_data/Broadband_Data_2026.03.25_18.07.00.bin,24000818,2026-06-02T17:19:33
raw_vlf_data,raw_data/Broadband_Data_2026.03.25_18.08.00.bin,/home/s_grudinin/code/university/vlf_analyzing/raw_vlf_data/raw_data/Broadband_Data_2026.03.25_18.08.00.bin,24000818,2026-06-02T17:19:33
raw_vlf_data,raw_data/Broadband_Data_2026.03.25_18.09.00.bin,/home/s_grudinin/code/university/vlf_analyzing/raw_vlf_data/raw_data/Broadband_Data_2026.03.25_18.09.00.bin,24000818,2026-06-02T17:19:33
raw_vlf_data,raw_data/Broadband_Data_2026.03.25_18.10.00.bin,/home/s_grudinin/code/university/vlf_analyzing/raw_vlf_data/raw_data/Broadband_Data_2026.03.25_18.10.00.bin,24000818,2026-06-02T17:19:35
raw_vlf_data,raw_data/Broadband_Data_2026.03.25_18.11.00.bin,/home/s_grudinin/code/university/vlf_analyzing/raw_vlf_data/raw_data/Broadband_Data_2026.03.25_18.11.00.bin,24000818,2026-06-02T17:19:33
raw_vlf_data,raw_data_v2/Broadband_Data_2026.03.25_18.12.00.bin,/home/s_grudinin/code/university/vlf_analyzing/raw_vlf_data/raw_data_v2/Broadband_Data_2026.03.25_18.12.00.bin,24000818,2026-06-02T17:19:05
raw_vlf_data,raw_data_v2/Broadband_Data_2026.03.25_18.13.00.bin,/home/s_grudinin/code/university/vlf_analyzing/raw_vlf_data/raw_data_v2/Broadband_Data_2026.03.25_18.13.00.bin,24000818,2026-06-02T17:19:05
raw_vlf_data,raw_data_v2/Broadband_Data_2026.03.25_18.14.00.bin,/home/s_grudinin/code/university/vlf_analyzing/raw_vlf_data/raw_data_v2/Broadband_Data_2026.03.25_18.14.00.bin,24000818,2026-06-02T17:19:05
raw_vlf_data,raw_data_v2/Broadband_Data_2026.03.25_18.15.00.bin,/home/s_grudinin/code/university/vlf_analyzing/raw_vlf_data/raw_data_v2/Broadband_Data_2026.03.25_18.15.00.bin,24000818,2026-06-02T17:19:05
raw_vlf_data,raw_data_v2/Broadband_Data_2026.03.25_18.16.00.bin,/home/s_grudinin/code/university/vlf_analyzing/raw_vlf_data/raw_data_v2/Broadband_Data_2026.03.25_18.16.00.bin,24000818,2026-06-02T17:19:05
raw_vlf_data,raw_data_v2/Broadband_Data_2026.03.25_18.17.00.bin,/home/s_grudinin/code/university/vlf_analyzing/raw_vlf_data/raw_data_v2/Broadband_Data_2026.03.25_18.17.00.bin,24000818,2026-06-02T17:19:05
raw_vlf_data,raw_data_v2/Broadband_Data_2026.03.25_18.18.00.bin,/home/s_grudinin/code/university/vlf_analyzing/raw_vlf_data/raw_data_v2/Broadband_Data_2026.03.25_18.18.00.bin,24000818,2026-06-02T17:19:05
raw_vlf_data,raw_data_v2/Broadband_Data_2026.03.25_18.19.00.bin,/home/s_grudinin/code/university/vlf_analyzing/raw_vlf_data/raw_data_v2/Broadband_Data_2026.03.25_18.19.00.bin,24000818,2026-06-02T17:19:05
raw_vlf_data,raw_data_v2/Broadband_Data_2026.03.25_18.20.00.bin,/home/s_grudinin/code/university/vlf_analyzing/raw_vlf_data/raw_data_v2/Broadband_Data_2026.03.25_18.20.00.bin,24000818,2026-06-02T17:19:05
raw_vlf_data,raw_data_v2/Broadband_Data_2026.03.25_18.21.00.bin,/home/s_grudinin/code/university/vlf_analyzing/raw_vlf_data/raw_data_v2/Broadband_Data_2026.03.25_18.21.00.bin,24000818,2026-06-02T17:19:05
raw_vlf_data,raw_data_v2/Broadband_Data_2026.03.25_18.22.00.bin,/home/s_grudinin/code/university/vlf_analyzing/raw_vlf_data/raw_data_v2/Broadband_Data_2026.03.25_18.22.00.bin,24000818,2026-06-02T17:19:05
raw_vlf_data,raw_data_v2/Broadband_Data_2026.03.25_18.23.00.bin,/home/s_grudinin/code/university/vlf_analyzing/raw_vlf_data/raw_data_v2/Broadband_Data_2026.03.25_18.23.00.bin,24000818,2026-06-02T17:19:05
raw_vlf_data,raw_data_v2/Broadband_Data_2026.03.25_18.24.00.bin,/home/s_grudinin/code/university/vlf_analyzing/raw_vlf_data/raw_data_v2/Broadband_Data_2026.03.25_18.24.00.bin,24000818,2026-06-02T17:19:05
raw_vlf_data,raw_data_v2/Broadband_Data_2026.03.25_18.25.00.bin,/home/s_grudinin/code/university/vlf_analyzing/raw_vlf_data/raw_data_v2/Broadband_Data_2026.03.25_18.25.00.bin,24000818,2026-06-02T17:19:05
raw_vlf_data,raw_data_v2/Broadband_Data_2026.03.25_18.26.00.bin,/home/s_grudinin/code/university/vlf_analyzing/raw_vlf_data/raw_data_v2/Broadband_Data_2026.03.25_18.26.00.bin,24000818,2026-06-02T17:19:05
raw_vlf_data,raw_data_v2/Broadband_Data_2026.03.25_18.27.00.bin,/home/s_grudinin/code/university/vlf_analyzing/raw_vlf_data/raw_data_v2/Broadband_Data_2026.03.25_18.27.00.bin,24000818,2026-06-02T17:19:05
raw_vlf_data,raw_data_v2/Broadband_Data_2026.03.25_18.28.00.bin,/home/s_grudinin/code/university/vlf_analyzing/raw_vlf_data/raw_data_v2/Broadband_Data_2026.03.25_18.28.00.bin,24000818,2026-06-02T17:19:05
raw_vlf_data,raw_data_v2/Broadband_Data_2026.03.25_18.29.00.bin,/home/s_grudinin/code/university/vlf_analyzing/raw_vlf_data/raw_data_v2/Broadband_Data_2026.03.25_18.29.00.bin,24000818,2026-06-02T17:19:05
raw_vlf_data,raw_data_v2/Broadband_Data_2026.03.25_18.30.00.bin,/home/s_grudinin/code/university/vlf_analyzing/raw_vlf_data/raw_data_v2/Broadband_Data_2026.03.25_18.30.00.bin,24000818,2026-06-02T17:19:05
raw_vlf_data,raw_data_v2/Broadband_Data_2026.03.25_18.31.00.bin,/home/s_grudinin/code/university/vlf_analyzing/raw_vlf_data/raw_data_v2/Broadband_Data_2026.03.25_18.31.00.bin,24000818,2026-06-02T17:19:05
raw_vlf_data,raw_data_v2/Broadband_Data_2026.03.25_18.32.00.bin,/home/s_grudinin/code/university/vlf_analyzing/raw_vlf_data/raw_data_v2/Broadband_Data_2026.03.25_18.32.00.bin,24000818,2026-06-02T17:19:05
raw_vlf_data,raw_data_v2/Broadband_Data_2026.03.25_18.33.00.bin,/home/s_grudinin/code/university/vlf_analyzing/raw_vlf_data/raw_data_v2/Broadband_Data_2026.03.25_18.33.00.bin,24000818,2026-06-02T17:19:05
raw_vlf_data,raw_data_v2/Broadband_Data_2026.03.25_18.34.00.bin,/home/s_grudinin/code/university/vlf_analyzing/raw_vlf_data/raw_data_v2/Broadband_Data_2026.03.25_18.34.00.bin,24000818,2026-06-02T17:19:05
raw_vlf_data,raw_data_v2/Broadband_Data_2026.03.25_18.35.00.bin,/home/s_grudinin/code/university/vlf_analyzing/raw_vlf_data/raw_data_v2/Broadband_Data_2026.03.25_18.35.00.bin,24000818,2026-06-02T17:19:05
raw_vlf_data,raw_data_v2/Broadband_Data_2026.03.25_18.36.00.bin,/home/s_grudinin/code/university/vlf_analyzing/raw_vlf_data/raw_data_v2/Broadband_Data_2026.03.25_18.36.00.bin,24000818,2026-06-02T17:19:05
raw_vlf_data,raw_data_v2/Broadband_Data_2026.03.25_18.37.00.bin,/home/s_grudinin/code/university/vlf_analyzing/raw_vlf_data/raw_data_v2/Broadband_Data_2026.03.25_18.37.00.bin,24000818,2026-06-02T17:19:05
raw_vlf_data,raw_data_v2/Broadband_Data_2026.03.25_18.38.00.bin,/home/s_grudinin/code/university/vlf_analyzing/raw_vlf_data/raw_data_v2/Broadband_Data_2026.03.25_18.38.00.bin,24000818,2026-06-02T17:19:05
raw_vlf_data,raw_data_v2/Broadband_Data_2026.03.25_18.39.00.bin,/home/s_grudinin/code/university/vlf_analyzing/raw_vlf_data/raw_data_v2/Broadband_Data_2026.03.25_18.39.00.bin,24000818,2026-06-02T17:19:05
raw_vlf_data,raw_data_v2/Broadband_Data_2026.03.25_18.40.00.bin,/home/s_grudinin/code/university/vlf_analyzing/raw_vlf_data/raw_data_v2/Broadband_Data_2026.03.25_18.40.00.bin,24000818,2026-06-02T17:19:05
raw_vlf_data,raw_data_v2/Broadband_Data_2026.03.25_18.41.00.bin,/home/s_grudinin/code/university/vlf_analyzing/raw_vlf_data/raw_data_v2/Broadband_Data_2026.03.25_18.41.00.bin,24000818,2026-06-02T17:19:05
raw_vlf_data,raw_data_v2/Broadband_Data_2026.03.25_18.42.00.bin,/home/s_grudinin/code/university/vlf_analyzing/raw_vlf_data/raw_data_v2/Broadband_Data_2026.03.25_18.42.00.bin,24000818,2026-06-02T17:19:06
raw_vlf_data,raw_data_v2/Broadband_Data_2026.03.25_18.43.00.bin,/home/s_grudinin/code/university/vlf_analyzing/raw_vlf_data/raw_data_v2/Broadband_Data_2026.03.25_18.43.00.bin,24000818,2026-06-02T17:19:05
raw_vlf_data,raw_data_v2/Broadband_Data_2026.03.25_18.44.00.bin,/home/s_grudinin/code/university/vlf_analyzing/raw_vlf_data/raw_data_v2/Broadband_Data_2026.03.25_18.44.00.bin,24000818,2026-06-02T17:19:05
raw_vlf_data,raw_data_v2/Broadband_Data_2026.03.25_18.45.00.bin,/home/s_grudinin/code/university/vlf_analyzing/raw_vlf_data/raw_data_v2/Broadband_Data_2026.03.25_18.45.00.bin,24000818,2026-06-02T17:19:05
raw_vlf_data,raw_data_v2/Broadband_Data_2026.03.25_18.46.00.bin,/home/s_grudinin/code/university/vlf_analyzing/raw_vlf_data/raw_data_v2/Broadband_Data_2026.03.25_18.46.00.bin,24000818,2026-06-02T17:19:05
raw_vlf_data,raw_data_v2/Broadband_Data_2026.03.25_18.47.00.bin,/home/s_grudinin/code/university/vlf_analyzing/raw_vlf_data/raw_data_v2/Broadband_Data_2026.03.25_18.47.00.bin,24000818,2026-06-02T17:19:05
raw_vlf_data,raw_data_v2/Broadband_Data_2026.03.25_18.48.00.bin,/home/s_grudinin/code/university/vlf_analyzing/raw_vlf_data/raw_data_v2/Broadband_Data_2026.03.25_18.48.00.bin,24000818,2026-06-02T17:19:05
raw_vlf_data,raw_data_v2/Broadband_Data_2026.03.25_18.49.00.bin,/home/s_grudinin/code/university/vlf_analyzing/raw_vlf_data/raw_data_v2/Broadband_Data_2026.03.25_18.49.00.bin,24000818,2026-06-02T17:19:05
raw_vlf_data,raw_data_v2/Broadband_Data_2026.03.25_18.50.00.bin,/home/s_grudinin/code/university/vlf_analyzing/raw_vlf_data/raw_data_v2/Broadband_Data_2026.03.25_18.50.00.bin,24000818,2026-06-02T17:19:05
raw_vlf_data,raw_data_v2/Broadband_Data_2026.03.25_18.51.00.bin,/home/s_grudinin/code/university/vlf_analyzing/raw_vlf_data/raw_data_v2/Broadband_Data_2026.03.25_18.51.00.bin,24000818,2026-06-02T17:19:06
raw_vlf_data,raw_data_v2/Broadband_Data_2026.03.25_18.52.00.bin,/home/s_grudinin/code/university/vlf_analyzing/raw_vlf_data/raw_data_v2/Broadband_Data_2026.03.25_18.52.00.bin,24000818,2026-06-02T17:19:05
raw_vlf_data,raw_data_v2/Broadband_Data_2026.03.25_18.53.00.bin,/home/s_grudinin/code/university/vlf_analyzing/raw_vlf_data/raw_data_v2/Broadband_Data_2026.03.25_18.53.00.bin,24000818,2026-06-02T17:19:05
raw_vlf_data,raw_data_v2/Broadband_Data_2026.03.25_18.54.00.bin,/home/s_grudinin/code/university/vlf_analyzing/raw_vlf_data/raw_data_v2/Broadband_Data_2026.03.25_18.54.00.bin,24000818,2026-06-02T17:19:05
raw_vlf_data,raw_data_v2/Broadband_Data_2026.03.25_18.55.00.bin,/home/s_grudinin/code/university/vlf_analyzing/raw_vlf_data/raw_data_v2/Broadband_Data_2026.03.25_18.55.00.bin,24000818,2026-06-02T17:19:05
raw_vlf_data,raw_data_v2/Broadband_Data_2026.03.25_18.56.00.bin,/home/s_grudinin/code/university/vlf_analyzing/raw_vlf_data/raw_data_v2/Broadband_Data_2026.03.25_18.56.00.bin,24000818,2026-06-02T17:19:05
raw_vlf_data,raw_data_v2/Broadband_Data_2026.03.25_18.57.00.bin,/home/s_grudinin/code/university/vlf_analyzing/raw_vlf_data/raw_data_v2/Broadband_Data_2026.03.25_18.57.00.bin,24000818,2026-06-02T17:19:05
raw_vlf_data,raw_data_v2/Broadband_Data_2026.03.25_18.58.00.bin,/home/s_grudinin/code/university/vlf_analyzing/raw_vlf_data/raw_data_v2/Broadband_Data_2026.03.25_18.58.00.bin,24000818,2026-06-02T17:19:08
raw_vlf_data,raw_data_v2/Broadband_Data_2026.03.25_18.59.00.bin,/home/s_grudinin/code/university/vlf_analyzing/raw_vlf_data/raw_data_v2/Broadband_Data_2026.03.25_18.59.00.bin,24000818,2026-06-02T17:19:05
raw_vlf_data,raw_data_v2/Broadband_Data_2026.03.25_19.00.00.bin,/home/s_grudinin/code/university/vlf_analyzing/raw_vlf_data/raw_data_v2/Broadband_Data_2026.03.25_19.00.00.bin,24000818,2026-06-02T17:19:05
raw_vlf_data,raw_data_v2/Broadband_Data_2026.03.25_19.01.00.bin,/home/s_grudinin/code/university/vlf_analyzing/raw_vlf_data/raw_data_v2/Broadband_Data_2026.03.25_19.01.00.bin,24000818,2026-06-02T17:19:05
raw_vlf_data,raw_data_v2/Broadband_Data_2026.03.25_19.02.00.bin,/home/s_grudinin/code/university/vlf_analyzing/raw_vlf_data/raw_data_v2/Broadband_Data_2026.03.25_19.02.00.bin,24000818,2026-06-02T17:19:05
raw_vlf_data,raw_data_v2/Broadband_Data_2026.03.25_19.03.00.bin,/home/s_grudinin/code/university/vlf_analyzing/raw_vlf_data/raw_data_v2/Broadband_Data_2026.03.25_19.03.00.bin,24000818,2026-06-02T17:19:05
raw_vlf_data,raw_data_v2/Broadband_Data_2026.03.25_19.04.00.bin,/home/s_grudinin/code/university/vlf_analyzing/raw_vlf_data/raw_data_v2/Broadband_Data_2026.03.25_19.04.00.bin,24000818,2026-06-02T17:19:05
raw_vlf_data,raw_data_v2/Broadband_Data_2026.03.25_19.05.00.bin,/home/s_grudinin/code/university/vlf_analyzing/raw_vlf_data/raw_data_v2/Broadband_Data_2026.03.25_19.05.00.bin,24000818,2026-06-02T17:19:05
raw_vlf_data,raw_data_v2/Broadband_Data_2026.03.25_19.06.00.bin,/home/s_grudinin/code/university/vlf_analyzing/raw_vlf_data/raw_data_v2/Broadband_Data_2026.03.25_19.06.00.bin,24000818,2026-06-02T17:19:05
raw_vlf_data,raw_data_v2/Broadband_Data_2026.03.25_19.07.00.bin,/home/s_grudinin/code/university/vlf_analyzing/raw_vlf_data/raw_data_v2/Broadband_Data_2026.03.25_19.07.00.bin,24000818,2026-06-02T17:19:05
raw_vlf_data,raw_data_v2/Broadband_Data_2026.03.25_19.08.00.bin,/home/s_grudinin/code/university/vlf_analyzing/raw_vlf_data/raw_data_v2/Broadband_Data_2026.03.25_19.08.00.bin,24000818,2026-06-02T17:19:05
raw_vlf_data,raw_data_v2/Broadband_Data_2026.03.25_19.09.00.bin,/home/s_grudinin/code/university/vlf_analyzing/raw_vlf_data/raw_data_v2/Broadband_Data_2026.03.25_19.09.00.bin,24000818,2026-06-02T17:19:05
raw_vlf_data,raw_data_v2/Broadband_Data_2026.03.25_19.10.00.bin,/home/s_grudinin/code/university/vlf_analyzing/raw_vlf_data/raw_data_v2/Broadband_Data_2026.03.25_19.10.00.bin,24000818,2026-06-02T17:19:05
raw_vlf_data,raw_data_v2/Broadband_Data_2026.03.25_19.11.00.bin,/home/s_grudinin/code/university/vlf_analyzing/raw_vlf_data/raw_data_v2/Broadband_Data_2026.03.25_19.11.00.bin,24000818,2026-06-02T17:19:05
raw_vlf_data,raw_data_v2/Broadband_Data_2026.03.25_19.12.00.bin,/home/s_grudinin/code/university/vlf_analyzing/raw_vlf_data/raw_data_v2/Broadband_Data_2026.03.25_19.12.00.bin,24000818,2026-06-02T17:19:05
raw_vlf_data,raw_data_v2/Broadband_Data_2026.03.25_19.13.00.bin,/home/s_grudinin/code/university/vlf_analyzing/raw_vlf_data/raw_data_v2/Broadband_Data_2026.03.25_19.13.00.bin,24000818,2026-06-02T17:19:05
raw_vlf_data,raw_data_v2/Broadband_Data_2026.03.25_19.14.00.bin,/home/s_grudinin/code/university/vlf_analyzing/raw_vlf_data/raw_data_v2/Broadband_Data_2026.03.25_19.14.00.bin,24000818,2026-06-02T17:19:05
raw_vlf_data,raw_data_v2/Broadband_Data_2026.03.25_19.15.00.bin,/home/s_grudinin/code/university/vlf_analyzing/raw_vlf_data/raw_data_v2/Broadband_Data_2026.03.25_19.15.00.bin,24000818,2026-06-02T17:19:05
raw_vlf_data,raw_data_v2/Broadband_Data_2026.03.25_19.16.00.bin,/home/s_grudinin/code/university/vlf_analyzing/raw_vlf_data/raw_data_v2/Broadband_Data_2026.03.25_19.16.00.bin,24000818,2026-06-02T17:19:05
raw_vlf_data,raw_data_v2/Broadband_Data_2026.03.25_19.17.00.bin,/home/s_grudinin/code/university/vlf_analyzing/raw_vlf_data/raw_data_v2/Broadband_Data_2026.03.25_19.17.00.bin,24000818,2026-06-02T17:19:05
raw_vlf_data,raw_data_v2/Broadband_Data_2026.03.25_19.18.00.bin,/home/s_grudinin/code/university/vlf_analyzing/raw_vlf_data/raw_data_v2/Broadband_Data_2026.03.25_19.18.00.bin,24000818,2026-06-02T17:19:05
raw_vlf_data,raw_data_v2/Broadband_Data_2026.03.25_19.19.00.bin,/home/s_grudinin/code/university/vlf_analyzing/raw_vlf_data/raw_data_v2/Broadband_Data_2026.03.25_19.19.00.bin,24000818,2026-06-02T17:19:06
raw_vlf_data,raw_data_v2/Broadband_Data_2026.03.25_19.20.00.bin,/home/s_grudinin/code/university/vlf_analyzing/raw_vlf_data/raw_data_v2/Broadband_Data_2026.03.25_19.20.00.bin,24000818,2026-06-02T17:19:05
raw_vlf_data,raw_data_v2/Broadband_Data_2026.03.25_19.21.00.bin,/home/s_grudinin/code/university/vlf_analyzing/raw_vlf_data/raw_data_v2/Broadband_Data_2026.03.25_19.21.00.bin,24000818,2026-06-02T17:19:05
raw_vlf_data,raw_data_v2/Broadband_Data_2026.03.25_19.22.00.bin,/home/s_grudinin/code/university/vlf_analyzing/raw_vlf_data/raw_data_v2/Broadband_Data_2026.03.25_19.22.00.bin,24000818,2026-06-02T17:19:05
raw_vlf_data,raw_data_v2/Broadband_Data_2026.03.25_19.23.00.bin,/home/s_grudinin/code/university/vlf_analyzing/raw_vlf_data/raw_data_v2/Broadband_Data_2026.03.25_19.23.00.bin,24000818,2026-06-02T17:19:05
raw_vlf_data,raw_data_v2/Broadband_Data_2026.03.25_19.24.00.bin,/home/s_grudinin/code/university/vlf_analyzing/raw_vlf_data/raw_data_v2/Broadband_Data_2026.03.25_19.24.00.bin,24000818,2026-06-02T17:19:05
raw_vlf_data,raw_data_v2/Broadband_Data_2026.03.25_19.25.00.bin,/home/s_grudinin/code/university/vlf_analyzing/raw_vlf_data/raw_data_v2/Broadband_Data_2026.03.25_19.25.00.bin,24000818,2026-06-02T17:19:05
raw_vlf_data,raw_data_v2/Broadband_Data_2026.03.25_19.26.00.bin,/home/s_grudinin/code/university/vlf_analyzing/raw_vlf_data/raw_data_v2/Broadband_Data_2026.03.25_19.26.00.bin,24000818,2026-06-02T17:19:06
raw_vlf_data,raw_data_v2/Broadband_Data_2026.03.25_19.27.00.bin,/home/s_grudinin/code/university/vlf_analyzing/raw_vlf_data/raw_data_v2/Broadband_Data_2026.03.25_19.27.00.bin,24000818,2026-06-02T17:19:05
raw_vlf_data,raw_data_v2/Broadband_Data_2026.03.25_19.28.00.bin,/home/s_grudinin/code/university/vlf_analyzing/raw_vlf_data/raw_data_v2/Broadband_Data_2026.03.25_19.28.00.bin,24000818,2026-06-02T17:19:05
raw_vlf_data,raw_data_v2/Broadband_Data_2026.03.25_19.29.00.bin,/home/s_grudinin/code/university/vlf_analyzing/raw_vlf_data/raw_data_v2/Broadband_Data_2026.03.25_19.29.00.bin,24000818,2026-06-02T17:19:08
raw_vlf_data,raw_data_v2/Broadband_Data_2026.03.25_19.30.00.bin,/home/s_grudinin/code/university/vlf_analyzing/raw_vlf_data/raw_data_v2/Broadband_Data_2026.03.25_19.30.00.bin,24000818,2026-06-02T17:19:06
raw_vlf_data,raw_data_v2/Broadband_Data_2026.03.25_19.31.00.bin,/home/s_grudinin/code/university/vlf_analyzing/raw_vlf_data/raw_data_v2/Broadband_Data_2026.03.25_19.31.00.bin,24000818,2026-06-02T17:19:05
raw_vlf_data,raw_data_v2/Broadband_Data_2026.03.25_19.32.00.bin,/home/s_grudinin/code/university/vlf_analyzing/raw_vlf_data/raw_data_v2/Broadband_Data_2026.03.25_19.32.00.bin,24000818,2026-06-02T17:19:05
raw_vlf_data,raw_data_v2/Broadband_Data_2026.03.25_19.33.00.bin,/home/s_grudinin/code/university/vlf_analyzing/raw_vlf_data/raw_data_v2/Broadband_Data_2026.03.25_19.33.00.bin,24000818,2026-06-02T17:19:06
raw_vlf_data,raw_data_v2/Broadband_Data_2026.03.25_19.34.00.bin,/home/s_grudinin/code/university/vlf_analyzing/raw_vlf_data/raw_data_v2/Broadband_Data_2026.03.25_19.34.00.bin,24000818,2026-06-02T17:19:05
raw_vlf_data,raw_data_v2/Broadband_Data_2026.03.25_19.35.00.bin,/home/s_grudinin/code/university/vlf_analyzing/raw_vlf_data/raw_data_v2/Broadband_Data_2026.03.25_19.35.00.bin,24000818,2026-06-02T17:19:06
raw_vlf_data,raw_data_v2/Broadband_Data_2026.03.25_19.36.00.bin,/home/s_grudinin/code/university/vlf_analyzing/raw_vlf_data/raw_data_v2/Broadband_Data_2026.03.25_19.36.00.bin,24000818,2026-06-02T17:19:06
raw_vlf_data,raw_data_v2/Broadband_Data_2026.03.25_19.37.00.bin,/home/s_grudinin/code/university/vlf_analyzing/raw_vlf_data/raw_data_v2/Broadband_Data_2026.03.25_19.37.00.bin,24000818,2026-06-02T17:19:06
raw_vlf_data,raw_data_v2/Broadband_Data_2026.03.25_19.38.00.bin,/home/s_grudinin/code/university/vlf_analyzing/raw_vlf_data/raw_data_v2/Broadband_Data_2026.03.25_19.38.00.bin,24000818,2026-06-02T17:19:05
raw_vlf_data,raw_data_v2/Broadband_Data_2026.03.25_19.39.00.bin,/home/s_grudinin/code/university/vlf_analyzing/raw_vlf_data/raw_data_v2/Broadband_Data_2026.03.25_19.39.00.bin,24000818,2026-06-02T17:19:06
raw_vlf_data,raw_data_v2/Broadband_Data_2026.03.25_19.40.00.bin,/home/s_grudinin/code/university/vlf_analyzing/raw_vlf_data/raw_data_v2/Broadband_Data_2026.03.25_19.40.00.bin,24000818,2026-06-02T17:19:05
raw_vlf_data,raw_data_v2/Broadband_Data_2026.03.25_19.41.00.bin,/home/s_grudinin/code/university/vlf_analyzing/raw_vlf_data/raw_data_v2/Broadband_Data_2026.03.25_19.41.00.bin,24000818,2026-06-02T17:19:08
raw_vlf_data,raw_data_v2/Broadband_Data_2026.03.25_19.42.00.bin,/home/s_grudinin/code/university/vlf_analyzing/raw_vlf_data/raw_data_v2/Broadband_Data_2026.03.25_19.42.00.bin,24000818,2026-06-02T17:19:06
raw_vlf_data,raw_data_v2/Broadband_Data_2026.03.25_19.43.00.bin,/home/s_grudinin/code/university/vlf_analyzing/raw_vlf_data/raw_data_v2/Broadband_Data_2026.03.25_19.43.00.bin,24000818,2026-06-02T17:19:06
raw_vlf_data,raw_data_v2/Broadband_Data_2026.03.25_19.44.00.bin,/home/s_grudinin/code/university/vlf_analyzing/raw_vlf_data/raw_data_v2/Broadband_Data_2026.03.25_19.44.00.bin,24000818,2026-06-02T17:19:06
raw_vlf_data,raw_data_v2/Broadband_Data_2026.03.25_19.45.00.bin,/home/s_grudinin/code/university/vlf_analyzing/raw_vlf_data/raw_data_v2/Broadband_Data_2026.03.25_19.45.00.bin,24000818,2026-06-02T17:19:06
raw_vlf_data,raw_data_v2/Broadband_Data_2026.03.25_19.46.00.bin,/home/s_grudinin/code/university/vlf_analyzing/raw_vlf_data/raw_data_v2/Broadband_Data_2026.03.25_19.46.00.bin,24000818,2026-06-02T17:19:06
raw_vlf_data,raw_data_v2/Broadband_Data_2026.03.25_19.47.00.bin,/home/s_grudinin/code/university/vlf_analyzing/raw_vlf_data/raw_data_v2/Broadband_Data_2026.03.25_19.47.00.bin,24000818,2026-06-02T17:19:06
raw_vlf_data,raw_data_v2/Broadband_Data_2026.03.25_19.48.00.bin,/home/s_grudinin/code/university/vlf_analyzing/raw_vlf_data/raw_data_v2/Broadband_Data_2026.03.25_19.48.00.bin,24000818,2026-06-02T17:19:06
raw_vlf_data,raw_data_v2/Broadband_Data_2026.03.25_19.49.00.bin,/home/s_grudinin/code/university/vlf_analyzing/raw_vlf_data/raw_data_v2/Broadband_Data_2026.03.25_19.49.00.bin,24000818,2026-06-02T17:19:06
raw_vlf_data,raw_data_v2/Broadband_Data_2026.03.25_19.50.00.bin,/home/s_grudinin/code/university/vlf_analyzing/raw_vlf_data/raw_data_v2/Broadband_Data_2026.03.25_19.50.00.bin,24000818,2026-06-02T17:19:08
raw_vlf_data,raw_data_v2/Broadband_Data_2026.03.25_19.51.00.bin,/home/s_grudinin/code/university/vlf_analyzing/raw_vlf_data/raw_data_v2/Broadband_Data_2026.03.25_19.51.00.bin,24000818,2026-06-02T17:19:06
raw_vlf_data,raw_data_v2/Broadband_Data_2026.03.25_19.52.00.bin,/home/s_grudinin/code/university/vlf_analyzing/raw_vlf_data/raw_data_v2/Broadband_Data_2026.03.25_19.52.00.bin,24000818,2026-06-02T17:19:06
raw_vlf_data,raw_data_v2/Broadband_Data_2026.03.25_19.53.00.bin,/home/s_grudinin/code/university/vlf_analyzing/raw_vlf_data/raw_data_v2/Broadband_Data_2026.03.25_19.53.00.bin,24000818,2026-06-02T17:19:06
raw_vlf_data,raw_data_v2/Broadband_Data_2026.03.25_19.54.00.bin,/home/s_grudinin/code/university/vlf_analyzing/raw_vlf_data/raw_data_v2/Broadband_Data_2026.03.25_19.54.00.bin,24000818,2026-06-02T17:19:08
raw_vlf_data,raw_data_v2/Broadband_Data_2026.03.25_19.55.00.bin,/home/s_grudinin/code/university/vlf_analyzing/raw_vlf_data/raw_data_v2/Broadband_Data_2026.03.25_19.55.00.bin,24000818,2026-06-02T17:19:06
raw_vlf_data,raw_data_v2/Broadband_Data_2026.03.25_19.56.00.bin,/home/s_grudinin/code/university/vlf_analyzing/raw_vlf_data/raw_data_v2/Broadband_Data_2026.03.25_19.56.00.bin,24000818,2026-06-02T17:19:06
raw_vlf_data,raw_data_v2/Broadband_Data_2026.03.25_19.57.00.bin,/home/s_grudinin/code/university/vlf_analyzing/raw_vlf_data/raw_data_v2/Broadband_Data_2026.03.25_19.57.00.bin,24000818,2026-06-02T17:19:06
raw_vlf_data,raw_data_v2/Broadband_Data_2026.03.25_19.58.00.bin,/home/s_grudinin/code/university/vlf_analyzing/raw_vlf_data/raw_data_v2/Broadband_Data_2026.03.25_19.58.00.bin,24000818,2026-06-02T17:19:06
raw_vlf_data,raw_data_v2/Broadband_Data_2026.03.25_19.59.00.bin,/home/s_grudinin/code/university/vlf_analyzing/raw_vlf_data/raw_data_v2/Broadband_Data_2026.03.25_19.59.00.bin,24000818,2026-06-02T17:19:06
raw_vlf_data,raw_data_v2/Broadband_Data_2026.03.25_20.00.00.bin,/home/s_grudinin/code/university/vlf_analyzing/raw_vlf_data/raw_data_v2/Broadband_Data_2026.03.25_20.00.00.bin,24000818,2026-06-02T17:19:06
raw_vlf_data,raw_data_v2/Broadband_Data_2026.03.25_20.01.00.bin,/home/s_grudinin/code/university/vlf_analyzing/raw_vlf_data/raw_data_v2/Broadband_Data_2026.03.25_20.01.00.bin,24000818,2026-06-02T17:19:07
raw_vlf_data,raw_data_v2/Broadband_Data_2026.03.25_20.02.00.bin,/home/s_grudinin/code/university/vlf_analyzing/raw_vlf_data/raw_data_v2/Broadband_Data_2026.03.25_20.02.00.bin,24000818,2026-06-02T17:19:06
raw_vlf_data,raw_data_v2/Broadband_Data_2026.03.25_20.03.00.bin,/home/s_grudinin/code/university/vlf_analyzing/raw_vlf_data/raw_data_v2/Broadband_Data_2026.03.25_20.03.00.bin,24000818,2026-06-02T17:19:07
raw_vlf_data,raw_data_v2/Broadband_Data_2026.03.25_20.04.00.bin,/home/s_grudinin/code/university/vlf_analyzing/raw_vlf_data/raw_data_v2/Broadband_Data_2026.03.25_20.04.00.bin,24000818,2026-06-02T17:19:06
raw_vlf_data,raw_data_v2/Broadband_Data_2026.03.25_20.05.00.bin,/home/s_grudinin/code/university/vlf_analyzing/raw_vlf_data/raw_data_v2/Broadband_Data_2026.03.25_20.05.00.bin,24000818,2026-06-02T17:19:06
raw_vlf_data,raw_data_v2/Broadband_Data_2026.03.25_20.06.00.bin,/home/s_grudinin/code/university/vlf_analyzing/raw_vlf_data/raw_data_v2/Broadband_Data_2026.03.25_20.06.00.bin,24000818,2026-06-02T17:19:08
raw_vlf_data,raw_data_v2/Broadband_Data_2026.03.25_20.07.00.bin,/home/s_grudinin/code/university/vlf_analyzing/raw_vlf_data/raw_data_v2/Broadband_Data_2026.03.25_20.07.00.bin,24000818,2026-06-02T17:19:06
raw_vlf_data,raw_data_v2/Broadband_Data_2026.03.25_20.08.00.bin,/home/s_grudinin/code/university/vlf_analyzing/raw_vlf_data/raw_data_v2/Broadband_Data_2026.03.25_20.08.00.bin,24000818,2026-06-02T17:19:06
raw_vlf_data,raw_data_v2/Broadband_Data_2026.03.25_20.09.00.bin,/home/s_grudinin/code/university/vlf_analyzing/raw_vlf_data/raw_data_v2/Broadband_Data_2026.03.25_20.09.00.bin,24000818,2026-06-02T17:19:06
raw_vlf_data,raw_data_v2/Broadband_Data_2026.03.25_20.10.00.bin,/home/s_grudinin/code/university/vlf_analyzing/raw_vlf_data/raw_data_v2/Broadband_Data_2026.03.25_20.10.00.bin,24000818,2026-06-02T17:19:06
raw_vlf_data,raw_data_v2/Broadband_Data_2026.03.25_20.11.00.bin,/home/s_grudinin/code/university/vlf_analyzing/raw_vlf_data/raw_data_v2/Broadband_Data_2026.03.25_20.11.00.bin,24000818,2026-06-02T17:19:06
raw_data,Broadband_Data_2026.03.25_16.31.00.bin,/home/s_grudinin/code/university/vlf_analyzing/raw_data/Broadband_Data_2026.03.25_16.31.00.bin,24000818,2026-04-17T03:39:45
raw_data,Broadband_Data_2026.03.25_16.31.00_burst_detection_detections.csv,/home/s_grudinin/code/university/vlf_analyzing/raw_data/Broadband_Data_2026.03.25_16.31.00_burst_detection_detections.csv,3794,2026-05-06T17:38:33
raw_data,Broadband_Data_2026.03.25_16.31.00_burst_detection_seg000_000.000-002.000s.png,/home/s_grudinin/code/university/vlf_analyzing/raw_data/Broadband_Data_2026.03.25_16.31.00_burst_detection_seg000_000.000-002.000s.png,686171,2026-05-06T17:38:47
raw_data,Broadband_Data_2026.03.25_16.31.00_burst_detection_seg000_000.000-060.000s.png,/home/s_grudinin/code/university/vlf_analyzing/raw_data/Broadband_Data_2026.03.25_16.31.00_burst_detection_seg000_000.000-060.000s.png,990921,2026-05-06T17:38:00
raw_data,Broadband_Data_2026.03.25_16.31.00_burst_detection_seg001_002.000-004.000s.png,/home/s_grudinin/code/university/vlf_analyzing/raw_data/Broadband_Data_2026.03.25_16.31.00_burst_detection_seg001_002.000-004.000s.png,707747,2026-05-06T17:38:50
raw_data,Broadband_Data_2026.03.25_16.31.00_burst_detection_seg002_004.000-006.000s.png,/home/s_grudinin/code/university/vlf_analyzing/raw_data/Broadband_Data_2026.03.25_16.31.00_burst_detection_seg002_004.000-006.000s.png,702897,2026-05-06T17:38:54
raw_data,Broadband_Data_2026.03.25_16.31.00_burst_detection_seg003_006.000-008.000s.png,/home/s_grudinin/code/university/vlf_analyzing/raw_data/Broadband_Data_2026.03.25_16.31.00_burst_detection_seg003_006.000-008.000s.png,718190,2026-05-06T17:38:58
raw_data,Broadband_Data_2026.03.25_16.31.00_burst_detection_seg004_008.000-010.000s.png,/home/s_grudinin/code/university/vlf_analyzing/raw_data/Broadband_Data_2026.03.25_16.31.00_burst_detection_seg004_008.000-010.000s.png,722892,2026-05-06T17:39:03
raw_data,Broadband_Data_2026.03.25_16.31.00_burst_detection_seg005_010.000-012.000s.png,/home/s_grudinin/code/university/vlf_analyzing/raw_data/Broadband_Data_2026.03.25_16.31.00_burst_detection_seg005_010.000-012.000s.png,708593,2026-05-06T17:39:06
raw_data,Broadband_Data_2026.03.25_16.31.00_burst_detection_seg006_012.000-014.000s.png,/home/s_grudinin/code/university/vlf_analyzing/raw_data/Broadband_Data_2026.03.25_16.31.00_burst_detection_seg006_012.000-014.000s.png,691619,2026-05-06T17:39:10
raw_data,Broadband_Data_2026.03.25_16.31.00_burst_detection_seg007_014.000-016.000s.png,/home/s_grudinin/code/university/vlf_analyzing/raw_data/Broadband_Data_2026.03.25_16.31.00_burst_detection_seg007_014.000-016.000s.png,705844,2026-05-06T17:39:14
raw_data,Broadband_Data_2026.03.25_16.31.00_burst_detection_seg008_016.000-018.000s.png,/home/s_grudinin/code/university/vlf_analyzing/raw_data/Broadband_Data_2026.03.25_16.31.00_burst_detection_seg008_016.000-018.000s.png,711233,2026-05-06T17:39:17
raw_data,Broadband_Data_2026.03.25_16.31.00_burst_detection_seg009_018.000-020.000s.png,/home/s_grudinin/code/university/vlf_analyzing/raw_data/Broadband_Data_2026.03.25_16.31.00_burst_detection_seg009_018.000-020.000s.png,697553,2026-05-06T17:39:21
raw_data,Broadband_Data_2026.03.25_16.31.00_burst_detection_seg010_020.000-022.000s.png,/home/s_grudinin/code/university/vlf_analyzing/raw_data/Broadband_Data_2026.03.25_16.31.00_burst_detection_seg010_020.000-022.000s.png,703302,2026-05-06T17:39:27
raw_data,Broadband_Data_2026.03.25_16.31.00_burst_detection_seg011_022.000-024.000s.png,/home/s_grudinin/code/university/vlf_analyzing/raw_data/Broadband_Data_2026.03.25_16.31.00_burst_detection_seg011_022.000-024.000s.png,695786,2026-05-06T17:39:38
raw_data,Broadband_Data_2026.03.25_16.31.00_ns_oscillogram.png,/home/s_grudinin/code/university/vlf_analyzing/raw_data/Broadband_Data_2026.03.25_16.31.00_ns_oscillogram.png,145302,2026-05-21T17:05:57
raw_data,Broadband_Data_2026.03.25_16.31.00_spectrogram.png,/home/s_grudinin/code/university/vlf_analyzing/raw_data/Broadband_Data_2026.03.25_16.31.00_spectrogram.png,5746482,2026-05-21T17:07:43
raw_data,Broadband_Data_2026.03.25_16.31.00_spectrogram_jet.png,/home/s_grudinin/code/university/vlf_analyzing/raw_data/Broadband_Data_2026.03.25_16.31.00_spectrogram_jet.png,4705878,2026-05-21T17:08:15
new_test_raw_data,Broadband_Data_2026.06.02_13.51.00.bin,/home/s_grudinin/code/university/vlf_analyzing/new_test_raw_data/Broadband_Data_2026.06.02_13.51.00.bin,24000818,2026-06-02T23:39:50
new_test_raw_data,raw_v2/Broadband_Data_2026.03.26_21.48.00.bin,/home/s_grudinin/code/university/vlf_analyzing/new_test_raw_data/raw_v2/Broadband_Data_2026.03.26_21.48.00.bin,24000818,2026-06-03T01:09:32
new_test_raw_data,raw_v2/Broadband_Data_2026.03.26_21.49.00.bin,/home/s_grudinin/code/university/vlf_analyzing/new_test_raw_data/raw_v2/Broadband_Data_2026.03.26_21.49.00.bin,24000818,2026-06-03T01:09:33
new_test_raw_data,raw_v2/Broadband_Data_2026.03.26_21.50.00.bin,/home/s_grudinin/code/university/vlf_analyzing/new_test_raw_data/raw_v2/Broadband_Data_2026.03.26_21.50.00.bin,24000818,2026-06-03T01:09:36
new_test_raw_data,raw_v2/Broadband_Data_2026.03.27_09.59.00.bin,/home/s_grudinin/code/university/vlf_analyzing/new_test_raw_data/raw_v2/Broadband_Data_2026.03.27_09.59.00.bin,24000818,2026-06-03T01:09:38
new_test_raw_data,raw_v2/Broadband_Data_2026.03.27_10.00.00.bin,/home/s_grudinin/code/university/vlf_analyzing/new_test_raw_data/raw_v2/Broadband_Data_2026.03.27_10.00.00.bin,24000818,2026-06-03T01:09:39
new_test_raw_data,raw_v2/Broadband_Data_2026.03.27_14.35.00.bin,/home/s_grudinin/code/university/vlf_analyzing/new_test_raw_data/raw_v2/Broadband_Data_2026.03.27_14.35.00.bin,24000818,2026-06-03T01:09:41
new_test_raw_data,raw_v2/Broadband_Data_2026.03.27_14.36.00.bin,/home/s_grudinin/code/university/vlf_analyzing/new_test_raw_data/raw_v2/Broadband_Data_2026.03.27_14.36.00.bin,24000818,2026-06-03T01:09:43
new_test_raw_data,raw_v2/Broadband_Data_2026.03.27_18.24.00.bin,/home/s_grudinin/code/university/vlf_analyzing/new_test_raw_data/raw_v2/Broadband_Data_2026.03.27_18.24.00.bin,24000818,2026-06-03T01:09:45
new_test_raw_data,raw_v2/Broadband_Data_2026.03.27_18.25.00.bin,/home/s_grudinin/code/university/vlf_analyzing/new_test_raw_data/raw_v2/Broadband_Data_2026.03.27_18.25.00.bin,24000818,2026-06-03T01:09:46
new_test_raw_data,spectrograms/full/Broadband_Data_2026.06.02_13.51.00_ns_full.png,/home/s_grudinin/code/university/vlf_analyzing/new_test_raw_data/spectrograms/full/Broadband_Data_2026.06.02_13.51.00_ns_full.png,4772232,2026-06-02T23:43:16
new_test_raw_data,spectrograms/full/Broadband_Data_2026.06.02_13.51.00_we_full.png,/home/s_grudinin/code/university/vlf_analyzing/new_test_raw_data/spectrograms/full/Broadband_Data_2026.06.02_13.51.00_we_full.png,5100456,2026-06-02T23:43:16
new_test_raw_data,spectrograms/segments_20_30khz/Broadband_Data_2026.06.02_13.51.00_ns_20_30khz_seg000_000.000-002.000s.png,/home/s_grudinin/code/university/vlf_analyzing/new_test_raw_data/spectrograms/segments_20_30khz/Broadband_Data_2026.06.02_13.51.00_ns_20_30khz_seg000_000.000-002.000s.png,591501,2026-06-02T23:43:14
new_test_raw_data,spectrograms/segments_20_30khz/Broadband_Data_2026.06.02_13.51.00_ns_20_30khz_seg001_002.000-004.000s.png,/home/s_grudinin/code/university/vlf_analyzing/new_test_raw_data/spectrograms/segments_20_30khz/Broadband_Data_2026.06.02_13.51.00_ns_20_30khz_seg001_002.000-004.000s.png,595467,2026-06-02T23:43:15
new_test_raw_data,spectrograms/segments_20_30khz/Broadband_Data_2026.06.02_13.51.00_ns_20_30khz_seg002_004.000-006.000s.png,/home/s_grudinin/code/university/vlf_analyzing/new_test_raw_data/spectrograms/segments_20_30khz/Broadband_Data_2026.06.02_13.51.00_ns_20_30khz_seg002_004.000-006.000s.png,593316,2026-06-02T23:43:17
new_test_raw_data,spectrograms/segments_20_30khz/Broadband_Data_2026.06.02_13.51.00_ns_20_30khz_seg003_006.000-008.000s.png,/home/s_grudinin/code/university/vlf_analyzing/new_test_raw_data/spectrograms/segments_20_30khz/Broadband_Data_2026.06.02_13.51.00_ns_20_30khz_seg003_006.000-008.000s.png,590131,2026-06-02T23:43:18
new_test_raw_data,spectrograms/segments_20_30khz/Broadband_Data_2026.06.02_13.51.00_ns_20_30khz_seg004_008.000-010.000s.png,/home/s_grudinin/code/university/vlf_analyzing/new_test_raw_data/spectrograms/segments_20_30khz/Broadband_Data_2026.06.02_13.51.00_ns_20_30khz_seg004_008.000-010.000s.png,588662,2026-06-02T23:43:19
new_test_raw_data,spectrograms/segments_20_30khz/Broadband_Data_2026.06.02_13.51.00_ns_20_30khz_seg005_010.000-012.000s.png,/home/s_grudinin/code/university/vlf_analyzing/new_test_raw_data/spectrograms/segments_20_30khz/Broadband_Data_2026.06.02_13.51.00_ns_20_30khz_seg005_010.000-012.000s.png,590962,2026-06-02T23:43:21
new_test_raw_data,spectrograms/segments_20_30khz/Broadband_Data_2026.06.02_13.51.00_ns_20_30khz_seg006_012.000-014.000s.png,/home/s_grudinin/code/university/vlf_analyzing/new_test_raw_data/spectrograms/segments_20_30khz/Broadband_Data_2026.06.02_13.51.00_ns_20_30khz_seg006_012.000-014.000s.png,584171,2026-06-02T23:43:22
new_test_raw_data,spectrograms/segments_20_30khz/Broadband_Data_2026.06.02_13.51.00_ns_20_30khz_seg007_014.000-016.000s.png,/home/s_grudinin/code/university/vlf_analyzing/new_test_raw_data/spectrograms/segments_20_30khz/Broadband_Data_2026.06.02_13.51.00_ns_20_30khz_seg007_014.000-016.000s.png,591659,2026-06-02T23:43:23
new_test_raw_data,spectrograms/segments_20_30khz/Broadband_Data_2026.06.02_13.51.00_ns_20_30khz_seg008_016.000-018.000s.png,/home/s_grudinin/code/university/vlf_analyzing/new_test_raw_data/spectrograms/segments_20_30khz/Broadband_Data_2026.06.02_13.51.00_ns_20_30khz_seg008_016.000-018.000s.png,598776,2026-06-02T23:43:24
new_test_raw_data,spectrograms/segments_20_30khz/Broadband_Data_2026.06.02_13.51.00_ns_20_30khz_seg009_018.000-020.000s.png,/home/s_grudinin/code/university/vlf_analyzing/new_test_raw_data/spectrograms/segments_20_30khz/Broadband_Data_2026.06.02_13.51.00_ns_20_30khz_seg009_018.000-020.000s.png,592358,2026-06-02T23:43:25
new_test_raw_data,spectrograms/segments_20_30khz/Broadband_Data_2026.06.02_13.51.00_ns_20_30khz_seg010_020.000-022.000s.png,/home/s_grudinin/code/university/vlf_analyzing/new_test_raw_data/spectrograms/segments_20_30khz/Broadband_Data_2026.06.02_13.51.00_ns_20_30khz_seg010_020.000-022.000s.png,588847,2026-06-02T23:43:26
new_test_raw_data,spectrograms/segments_20_30khz/Broadband_Data_2026.06.02_13.51.00_ns_20_30khz_seg011_022.000-024.000s.png,/home/s_grudinin/code/university/vlf_analyzing/new_test_raw_data/spectrograms/segments_20_30khz/Broadband_Data_2026.06.02_13.51.00_ns_20_30khz_seg011_022.000-024.000s.png,599548,2026-06-02T23:43:27
new_test_raw_data,spectrograms/segments_20_30khz/Broadband_Data_2026.06.02_13.51.00_ns_20_30khz_seg012_024.000-026.000s.png,/home/s_grudinin/code/university/vlf_analyzing/new_test_raw_data/spectrograms/segments_20_30khz/Broadband_Data_2026.06.02_13.51.00_ns_20_30khz_seg012_024.000-026.000s.png,597445,2026-06-02T23:43:28
new_test_raw_data,spectrograms/segments_20_30khz/Broadband_Data_2026.06.02_13.51.00_ns_20_30khz_seg013_026.000-028.000s.png,/home/s_grudinin/code/university/vlf_analyzing/new_test_raw_data/spectrograms/segments_20_30khz/Broadband_Data_2026.06.02_13.51.00_ns_20_30khz_seg013_026.000-028.000s.png,592424,2026-06-02T23:43:29
new_test_raw_data,spectrograms/segments_20_30khz/Broadband_Data_2026.06.02_13.51.00_ns_20_30khz_seg014_028.000-030.000s.png,/home/s_grudinin/code/university/vlf_analyzing/new_test_raw_data/spectrograms/segments_20_30khz/Broadband_Data_2026.06.02_13.51.00_ns_20_30khz_seg014_028.000-030.000s.png,594610,2026-06-02T23:43:30
new_test_raw_data,spectrograms/segments_20_30khz/Broadband_Data_2026.06.02_13.51.00_ns_20_30khz_seg015_030.000-032.000s.png,/home/s_grudinin/code/university/vlf_analyzing/new_test_raw_data/spectrograms/segments_20_30khz/Broadband_Data_2026.06.02_13.51.00_ns_20_30khz_seg015_030.000-032.000s.png,591382,2026-06-02T23:43:31
new_test_raw_data,spectrograms/segments_20_30khz/Broadband_Data_2026.06.02_13.51.00_ns_20_30khz_seg016_032.000-034.000s.png,/home/s_grudinin/code/university/vlf_analyzing/new_test_raw_data/spectrograms/segments_20_30khz/Broadband_Data_2026.06.02_13.51.00_ns_20_30khz_seg016_032.000-034.000s.png,593520,2026-06-02T23:43:32
new_test_raw_data,spectrograms/segments_20_30khz/Broadband_Data_2026.06.02_13.51.00_ns_20_30khz_seg017_034.000-036.000s.png,/home/s_grudinin/code/university/vlf_analyzing/new_test_raw_data/spectrograms/segments_20_30khz/Broadband_Data_2026.06.02_13.51.00_ns_20_30khz_seg017_034.000-036.000s.png,591438,2026-06-02T23:43:33
new_test_raw_data,spectrograms/segments_20_30khz/Broadband_Data_2026.06.02_13.51.00_ns_20_30khz_seg018_036.000-038.000s.png,/home/s_grudinin/code/university/vlf_analyzing/new_test_raw_data/spectrograms/segments_20_30khz/Broadband_Data_2026.06.02_13.51.00_ns_20_30khz_seg018_036.000-038.000s.png,592688,2026-06-02T23:43:34
new_test_raw_data,spectrograms/segments_20_30khz/Broadband_Data_2026.06.02_13.51.00_ns_20_30khz_seg019_038.000-040.000s.png,/home/s_grudinin/code/university/vlf_analyzing/new_test_raw_data/spectrograms/segments_20_30khz/Broadband_Data_2026.06.02_13.51.00_ns_20_30khz_seg019_038.000-040.000s.png,593310,2026-06-02T23:43:35
new_test_raw_data,spectrograms/segments_20_30khz/Broadband_Data_2026.06.02_13.51.00_ns_20_30khz_seg020_040.000-042.000s.png,/home/s_grudinin/code/university/vlf_analyzing/new_test_raw_data/spectrograms/segments_20_30khz/Broadband_Data_2026.06.02_13.51.00_ns_20_30khz_seg020_040.000-042.000s.png,596143,2026-06-02T23:43:37
new_test_raw_data,spectrograms/segments_20_30khz/Broadband_Data_2026.06.02_13.51.00_ns_20_30khz_seg021_042.000-044.000s.png,/home/s_grudinin/code/university/vlf_analyzing/new_test_raw_data/spectrograms/segments_20_30khz/Broadband_Data_2026.06.02_13.51.00_ns_20_30khz_seg021_042.000-044.000s.png,591303,2026-06-02T23:43:38
new_test_raw_data,spectrograms/segments_20_30khz/Broadband_Data_2026.06.02_13.51.00_ns_20_30khz_seg022_044.000-046.000s.png,/home/s_grudinin/code/university/vlf_analyzing/new_test_raw_data/spectrograms/segments_20_30khz/Broadband_Data_2026.06.02_13.51.00_ns_20_30khz_seg022_044.000-046.000s.png,605248,2026-06-02T23:43:39
new_test_raw_data,spectrograms/segments_20_30khz/Broadband_Data_2026.06.02_13.51.00_ns_20_30khz_seg023_046.000-048.000s.png,/home/s_grudinin/code/university/vlf_analyzing/new_test_raw_data/spectrograms/segments_20_30khz/Broadband_Data_2026.06.02_13.51.00_ns_20_30khz_seg023_046.000-048.000s.png,598054,2026-06-02T23:43:40
new_test_raw_data,spectrograms/segments_20_30khz/Broadband_Data_2026.06.02_13.51.00_ns_20_30khz_seg024_048.000-050.000s.png,/home/s_grudinin/code/university/vlf_analyzing/new_test_raw_data/spectrograms/segments_20_30khz/Broadband_Data_2026.06.02_13.51.00_ns_20_30khz_seg024_048.000-050.000s.png,590645,2026-06-02T23:43:41
new_test_raw_data,spectrograms/segments_20_30khz/Broadband_Data_2026.06.02_13.51.00_ns_20_30khz_seg025_050.000-052.000s.png,/home/s_grudinin/code/university/vlf_analyzing/new_test_raw_data/spectrograms/segments_20_30khz/Broadband_Data_2026.06.02_13.51.00_ns_20_30khz_seg025_050.000-052.000s.png,596228,2026-06-02T23:43:42
new_test_raw_data,spectrograms/segments_20_30khz/Broadband_Data_2026.06.02_13.51.00_ns_20_30khz_seg026_052.000-054.000s.png,/home/s_grudinin/code/university/vlf_analyzing/new_test_raw_data/spectrograms/segments_20_30khz/Broadband_Data_2026.06.02_13.51.00_ns_20_30khz_seg026_052.000-054.000s.png,591630,2026-06-02T23:43:43
new_test_raw_data,spectrograms/segments_20_30khz/Broadband_Data_2026.06.02_13.51.00_ns_20_30khz_seg027_054.000-056.000s.png,/home/s_grudinin/code/university/vlf_analyzing/new_test_raw_data/spectrograms/segments_20_30khz/Broadband_Data_2026.06.02_13.51.00_ns_20_30khz_seg027_054.000-056.000s.png,592705,2026-06-02T23:43:44
new_test_raw_data,spectrograms/segments_20_30khz/Broadband_Data_2026.06.02_13.51.00_ns_20_30khz_seg028_056.000-058.000s.png,/home/s_grudinin/code/university/vlf_analyzing/new_test_raw_data/spectrograms/segments_20_30khz/Broadband_Data_2026.06.02_13.51.00_ns_20_30khz_seg028_056.000-058.000s.png,598954,2026-06-02T23:43:45
new_test_raw_data,spectrograms/segments_20_30khz/Broadband_Data_2026.06.02_13.51.00_ns_20_30khz_seg029_058.000-060.000s.png,/home/s_grudinin/code/university/vlf_analyzing/new_test_raw_data/spectrograms/segments_20_30khz/Broadband_Data_2026.06.02_13.51.00_ns_20_30khz_seg029_058.000-060.000s.png,593698,2026-06-02T23:43:46
new_test_raw_data,spectrograms/segments_20_30khz/Broadband_Data_2026.06.02_13.51.00_we_20_30khz_seg000_000.000-002.000s.png,/home/s_grudinin/code/university/vlf_analyzing/new_test_raw_data/spectrograms/segments_20_30khz/Broadband_Data_2026.06.02_13.51.00_we_20_30khz_seg000_000.000-002.000s.png,579160,2026-06-02T23:43:14
new_test_raw_data,spectrograms/segments_20_30khz/Broadband_Data_2026.06.02_13.51.00_we_20_30khz_seg001_002.000-004.000s.png,/home/s_grudinin/code/university/vlf_analyzing/new_test_raw_data/spectrograms/segments_20_30khz/Broadband_Data_2026.06.02_13.51.00_we_20_30khz_seg001_002.000-004.000s.png,583359,2026-06-02T23:43:15
new_test_raw_data,spectrograms/segments_20_30khz/Broadband_Data_2026.06.02_13.51.00_we_20_30khz_seg002_004.000-006.000s.png,/home/s_grudinin/code/university/vlf_analyzing/new_test_raw_data/spectrograms/segments_20_30khz/Broadband_Data_2026.06.02_13.51.00_we_20_30khz_seg002_004.000-006.000s.png,580333,2026-06-02T23:43:17
new_test_raw_data,spectrograms/segments_20_30khz/Broadband_Data_2026.06.02_13.51.00_we_20_30khz_seg003_006.000-008.000s.png,/home/s_grudinin/code/university/vlf_analyzing/new_test_raw_data/spectrograms/segments_20_30khz/Broadband_Data_2026.06.02_13.51.00_we_20_30khz_seg003_006.000-008.000s.png,575343,2026-06-02T23:43:18
new_test_raw_data,spectrograms/segments_20_30khz/Broadband_Data_2026.06.02_13.51.00_we_20_30khz_seg004_008.000-010.000s.png,/home/s_grudinin/code/university/vlf_analyzing/new_test_raw_data/spectrograms/segments_20_30khz/Broadband_Data_2026.06.02_13.51.00_we_20_30khz_seg004_008.000-010.000s.png,576583,2026-06-02T23:43:19
new_test_raw_data,spectrograms/segments_20_30khz/Broadband_Data_2026.06.02_13.51.00_we_20_30khz_seg005_010.000-012.000s.png,/home/s_grudinin/code/university/vlf_analyzing/new_test_raw_data/spectrograms/segments_20_30khz/Broadband_Data_2026.06.02_13.51.00_we_20_30khz_seg005_010.000-012.000s.png,580946,2026-06-02T23:43:20
new_test_raw_data,spectrograms/segments_20_30khz/Broadband_Data_2026.06.02_13.51.00_we_20_30khz_seg006_012.000-014.000s.png,/home/s_grudinin/code/university/vlf_analyzing/new_test_raw_data/spectrograms/segments_20_30khz/Broadband_Data_2026.06.02_13.51.00_we_20_30khz_seg006_012.000-014.000s.png,560367,2026-06-02T23:43:22
new_test_raw_data,spectrograms/segments_20_30khz/Broadband_Data_2026.06.02_13.51.00_we_20_30khz_seg007_014.000-016.000s.png,/home/s_grudinin/code/university/vlf_analyzing/new_test_raw_data/spectrograms/segments_20_30khz/Broadband_Data_2026.06.02_13.51.00_we_20_30khz_seg007_014.000-016.000s.png,580368,2026-06-02T23:43:23
new_test_raw_data,spectrograms/segments_20_30khz/Broadband_Data_2026.06.02_13.51.00_we_20_30khz_seg008_016.000-018.000s.png,/home/s_grudinin/code/university/vlf_analyzing/new_test_raw_data/spectrograms/segments_20_30khz/Broadband_Data_2026.06.02_13.51.00_we_20_30khz_seg008_016.000-018.000s.png,593496,2026-06-02T23:43:24
new_test_raw_data,spectrograms/segments_20_30khz/Broadband_Data_2026.06.02_13.51.00_we_20_30khz_seg009_018.000-020.000s.png,/home/s_grudinin/code/university/vlf_analyzing/new_test_raw_data/spectrograms/segments_20_30khz/Broadband_Data_2026.06.02_13.51.00_we_20_30khz_seg009_018.000-020.000s.png,579808,2026-06-02T23:43:25
new_test_raw_data,spectrograms/segments_20_30khz/Broadband_Data_2026.06.02_13.51.00_we_20_30khz_seg010_020.000-022.000s.png,/home/s_grudinin/code/university/vlf_analyzing/new_test_raw_data/spectrograms/segments_20_30khz/Broadband_Data_2026.06.02_13.51.00_we_20_30khz_seg010_020.000-022.000s.png,576481,2026-06-02T23:43:26
new_test_raw_data,spectrograms/segments_20_30khz/Broadband_Data_2026.06.02_13.51.00_we_20_30khz_seg011_022.000-024.000s.png,/home/s_grudinin/code/university/vlf_analyzing/new_test_raw_data/spectrograms/segments_20_30khz/Broadband_Data_2026.06.02_13.51.00_we_20_30khz_seg011_022.000-024.000s.png,593481,2026-06-02T23:43:27
new_test_raw_data,spectrograms/segments_20_30khz/Broadband_Data_2026.06.02_13.51.00_we_20_30khz_seg012_024.000-026.000s.png,/home/s_grudinin/code/university/vlf_analyzing/new_test_raw_data/spectrograms/segments_20_30khz/Broadband_Data_2026.06.02_13.51.00_we_20_30khz_seg012_024.000-026.000s.png,597157,2026-06-02T23:43:28
new_test_raw_data,spectrograms/segments_20_30khz/Broadband_Data_2026.06.02_13.51.00_we_20_30khz_seg013_026.000-028.000s.png,/home/s_grudinin/code/university/vlf_analyzing/new_test_raw_data/spectrograms/segments_20_30khz/Broadband_Data_2026.06.02_13.51.00_we_20_30khz_seg013_026.000-028.000s.png,581540,2026-06-02T23:43:29
new_test_raw_data,spectrograms/segments_20_30khz/Broadband_Data_2026.06.02_13.51.00_we_20_30khz_seg014_028.000-030.000s.png,/home/s_grudinin/code/university/vlf_analyzing/new_test_raw_data/spectrograms/segments_20_30khz/Broadband_Data_2026.06.02_13.51.00_we_20_30khz_seg014_028.000-030.000s.png,583105,2026-06-02T23:43:30
new_test_raw_data,spectrograms/segments_20_30khz/Broadband_Data_2026.06.02_13.51.00_we_20_30khz_seg015_030.000-032.000s.png,/home/s_grudinin/code/university/vlf_analyzing/new_test_raw_data/spectrograms/segments_20_30khz/Broadband_Data_2026.06.02_13.51.00_we_20_30khz_seg015_030.000-032.000s.png,573195,2026-06-02T23:43:31
new_test_raw_data,spectrograms/segments_20_30khz/Broadband_Data_2026.06.02_13.51.00_we_20_30khz_seg016_032.000-034.000s.png,/home/s_grudinin/code/university/vlf_analyzing/new_test_raw_data/spectrograms/segments_20_30khz/Broadband_Data_2026.06.02_13.51.00_we_20_30khz_seg016_032.000-034.000s.png,591302,2026-06-02T23:43:32
new_test_raw_data,spectrograms/segments_20_30khz/Broadband_Data_2026.06.02_13.51.00_we_20_30khz_seg017_034.000-036.000s.png,/home/s_grudinin/code/university/vlf_analyzing/new_test_raw_data/spectrograms/segments_20_30khz/Broadband_Data_2026.06.02_13.51.00_we_20_30khz_seg017_034.000-036.000s.png,581373,2026-06-02T23:43:33
new_test_raw_data,spectrograms/segments_20_30khz/Broadband_Data_2026.06.02_13.51.00_we_20_30khz_seg018_036.000-038.000s.png,/home/s_grudinin/code/university/vlf_analyzing/new_test_raw_data/spectrograms/segments_20_30khz/Broadband_Data_2026.06.02_13.51.00_we_20_30khz_seg018_036.000-038.000s.png,579883,2026-06-02T23:43:34
new_test_raw_data,spectrograms/segments_20_30khz/Broadband_Data_2026.06.02_13.51.00_we_20_30khz_seg019_038.000-040.000s.png,/home/s_grudinin/code/university/vlf_analyzing/new_test_raw_data/spectrograms/segments_20_30khz/Broadband_Data_2026.06.02_13.51.00_we_20_30khz_seg019_038.000-040.000s.png,583122,2026-06-02T23:43:35
new_test_raw_data,spectrograms/segments_20_30khz/Broadband_Data_2026.06.02_13.51.00_we_20_30khz_seg020_040.000-042.000s.png,/home/s_grudinin/code/university/vlf_analyzing/new_test_raw_data/spectrograms/segments_20_30khz/Broadband_Data_2026.06.02_13.51.00_we_20_30khz_seg020_040.000-042.000s.png,581395,2026-06-02T23:43:36
new_test_raw_data,spectrograms/segments_20_30khz/Broadband_Data_2026.06.02_13.51.00_we_20_30khz_seg021_042.000-044.000s.png,/home/s_grudinin/code/university/vlf_analyzing/new_test_raw_data/spectrograms/segments_20_30khz/Broadband_Data_2026.06.02_13.51.00_we_20_30khz_seg021_042.000-044.000s.png,575992,2026-06-02T23:43:37
new_test_raw_data,spectrograms/segments_20_30khz/Broadband_Data_2026.06.02_13.51.00_we_20_30khz_seg022_044.000-046.000s.png,/home/s_grudinin/code/university/vlf_analyzing/new_test_raw_data/spectrograms/segments_20_30khz/Broadband_Data_2026.06.02_13.51.00_we_20_30khz_seg022_044.000-046.000s.png,588937,2026-06-02T23:43:39
new_test_raw_data,spectrograms/segments_20_30khz/Broadband_Data_2026.06.02_13.51.00_we_20_30khz_seg023_046.000-048.000s.png,/home/s_grudinin/code/university/vlf_analyzing/new_test_raw_data/spectrograms/segments_20_30khz/Broadband_Data_2026.06.02_13.51.00_we_20_30khz_seg023_046.000-048.000s.png,588640,2026-06-02T23:43:40
new_test_raw_data,spectrograms/segments_20_30khz/Broadband_Data_2026.06.02_13.51.00_we_20_30khz_seg024_048.000-050.000s.png,/home/s_grudinin/code/university/vlf_analyzing/new_test_raw_data/spectrograms/segments_20_30khz/Broadband_Data_2026.06.02_13.51.00_we_20_30khz_seg024_048.000-050.000s.png,577409,2026-06-02T23:43:41
new_test_raw_data,spectrograms/segments_20_30khz/Broadband_Data_2026.06.02_13.51.00_we_20_30khz_seg025_050.000-052.000s.png,/home/s_grudinin/code/university/vlf_analyzing/new_test_raw_data/spectrograms/segments_20_30khz/Broadband_Data_2026.06.02_13.51.00_we_20_30khz_seg025_050.000-052.000s.png,586628,2026-06-02T23:43:42
new_test_raw_data,spectrograms/segments_20_30khz/Broadband_Data_2026.06.02_13.51.00_we_20_30khz_seg026_052.000-054.000s.png,/home/s_grudinin/code/university/vlf_analyzing/new_test_raw_data/spectrograms/segments_20_30khz/Broadband_Data_2026.06.02_13.51.00_we_20_30khz_seg026_052.000-054.000s.png,584302,2026-06-02T23:43:43
new_test_raw_data,spectrograms/segments_20_30khz/Broadband_Data_2026.06.02_13.51.00_we_20_30khz_seg027_054.000-056.000s.png,/home/s_grudinin/code/university/vlf_analyzing/new_test_raw_data/spectrograms/segments_20_30khz/Broadband_Data_2026.06.02_13.51.00_we_20_30khz_seg027_054.000-056.000s.png,575100,2026-06-02T23:43:44
new_test_raw_data,spectrograms/segments_20_30khz/Broadband_Data_2026.06.02_13.51.00_we_20_30khz_seg028_056.000-058.000s.png,/home/s_grudinin/code/university/vlf_analyzing/new_test_raw_data/spectrograms/segments_20_30khz/Broadband_Data_2026.06.02_13.51.00_we_20_30khz_seg028_056.000-058.000s.png,590334,2026-06-02T23:43:45
new_test_raw_data,spectrograms/segments_20_30khz/Broadband_Data_2026.06.02_13.51.00_we_20_30khz_seg029_058.000-060.000s.png,/home/s_grudinin/code/university/vlf_analyzing/new_test_raw_data/spectrograms/segments_20_30khz/Broadband_Data_2026.06.02_13.51.00_we_20_30khz_seg029_058.000-060.000s.png,575803,2026-06-02T23:43:46
