file_name,file_datetime,channel,segments,events,events_per_minute,mean_events_per_segment,max_heatmap,mean_heatmap
Broadband_Data_2026.03.25_16.32.00.bin,2026-03-25T16:32:00,ns,30,166,166.0,5.533333333333333,0.9965431094169617,0.07511402207116286
Broadband_Data_2026.03.25_16.32.00.bin,2026-03-25T16:32:00,we,30,78,78.0,2.6,0.997347354888916,0.04440287587543328
Broadband_Data_2026.03.25_16.33.00.bin,2026-03-25T16:33:00,ns,30,125,125.0,4.166666666666667,0.9989151954650879,0.06283742723365625
Broadband_Data_2026.03.25_16.33.00.bin,2026-03-25T16:33:00,we,30,67,67.0,2.2333333333333334,0.9971829652786255,0.04270153840382894
Broadband_Data_2026.03.25_16.34.00.bin,2026-03-25T16:34:00,ns,30,154,154.0,5.133333333333334,0.9980570673942566,0.0691014975309372
Broadband_Data_2026.03.25_16.34.00.bin,2026-03-25T16:34:00,we,30,54,54.0,1.8,0.997020423412323,0.03985697316626708
Broadband_Data_2026.03.25_16.35.00.bin,2026-03-25T16:35:00,ns,30,152,152.0,5.066666666666666,0.9989101886749268,0.07332598163435856
Broadband_Data_2026.03.25_16.35.00.bin,2026-03-25T16:35:00,we,30,66,66.0,2.2,0.9979801774024963,0.04625640648106734
Broadband_Data_2026.03.25_16.36.00.bin,2026-03-25T16:36:00,ns,30,171,171.0,5.7,0.9991282820701599,0.07714179325848818
Broadband_Data_2026.03.25_16.36.00.bin,2026-03-25T16:36:00,we,30,70,70.0,2.3333333333333335,0.9979280233383179,0.04889788242677848
Broadband_Data_2026.03.25_16.37.00.bin,2026-03-25T16:37:00,ns,30,172,172.0,5.733333333333333,0.998711109161377,0.07612813791881005
Broadband_Data_2026.03.25_16.37.00.bin,2026-03-25T16:37:00,we,30,70,70.0,2.3333333333333335,0.9978487491607666,0.04916256579260032
Broadband_Data_2026.03.25_16.38.00.bin,2026-03-25T16:38:00,ns,30,179,179.0,5.966666666666667,0.9981574416160583,0.08059749901294708
Broadband_Data_2026.03.25_16.38.00.bin,2026-03-25T16:38:00,we,30,79,79.0,2.6333333333333333,0.9978797435760498,0.0517287561049064
Broadband_Data_2026.03.25_16.39.00.bin,2026-03-25T16:39:00,ns,30,177,177.0,5.9,0.9989033937454224,0.081332753226161
Broadband_Data_2026.03.25_16.39.00.bin,2026-03-25T16:39:00,we,30,83,83.0,2.7666666666666666,0.9978780746459961,0.05134514905512333
Broadband_Data_2026.03.25_16.40.00.bin,2026-03-25T16:40:00,ns,30,179,179.0,5.966666666666667,0.9986563920974731,0.0828348411868016
Broadband_Data_2026.03.25_16.40.00.bin,2026-03-25T16:40:00,we,30,67,67.0,2.2333333333333334,0.9978935122489929,0.053673433636625606
Broadband_Data_2026.03.25_16.41.00.bin,2026-03-25T16:41:00,ns,30,161,161.0,5.366666666666666,0.99871826171875,0.07523942217230797
Broadband_Data_2026.03.25_16.41.00.bin,2026-03-25T16:41:00,we,30,72,72.0,2.4,0.9979131817817688,0.04930888849000136
Broadband_Data_2026.03.25_16.42.00.bin,2026-03-25T16:42:00,ns,30,155,155.0,5.166666666666667,0.9987338185310364,0.07524732736249765
Broadband_Data_2026.03.25_16.42.00.bin,2026-03-25T16:42:00,we,30,87,87.0,2.9,0.9979382157325745,0.050414256379008295
Broadband_Data_2026.03.25_16.43.00.bin,2026-03-25T16:43:00,ns,30,174,174.0,5.8,0.9989262223243713,0.07927299657215675
Broadband_Data_2026.03.25_16.43.00.bin,2026-03-25T16:43:00,we,30,83,83.0,2.7666666666666666,0.9982407093048096,0.05186889618635178
Broadband_Data_2026.03.25_16.44.00.bin,2026-03-25T16:44:00,ns,30,161,161.0,5.366666666666666,0.9989435076713562,0.07142756221195062
Broadband_Data_2026.03.25_16.44.00.bin,2026-03-25T16:44:00,we,30,69,69.0,2.3,0.9978840947151184,0.04682883011798064
Broadband_Data_2026.03.25_16.45.00.bin,2026-03-25T16:45:00,ns,30,173,173.0,5.766666666666667,0.9989678859710693,0.07722164255877335
Broadband_Data_2026.03.25_16.45.00.bin,2026-03-25T16:45:00,we,30,80,80.0,2.6666666666666665,0.9977977275848389,0.05124451977511247
Broadband_Data_2026.03.25_16.46.00.bin,2026-03-25T16:46:00,ns,30,166,166.0,5.533333333333333,0.9985988736152649,0.07346095306177934
Broadband_Data_2026.03.25_16.46.00.bin,2026-03-25T16:46:00,we,30,71,71.0,2.3666666666666667,0.9979154467582703,0.047228230908513066
Broadband_Data_2026.03.25_16.47.00.bin,2026-03-25T16:47:00,ns,30,161,161.0,5.366666666666666,0.9992431402206421,0.0745362269381682
Broadband_Data_2026.03.25_16.47.00.bin,2026-03-25T16:47:00,we,30,72,72.0,2.4,0.9986781477928162,0.04769860493640105
Broadband_Data_2026.03.25_16.48.00.bin,2026-03-25T16:48:00,ns,30,149,149.0,4.966666666666667,0.9982592463493347,0.06993838784595331
Broadband_Data_2026.03.25_16.48.00.bin,2026-03-25T16:48:00,we,30,56,56.0,1.8666666666666667,0.9977685213088989,0.04360867006083329
Broadband_Data_2026.03.25_16.49.00.bin,2026-03-25T16:49:00,ns,30,190,190.0,6.333333333333333,0.9977610111236572,0.08232181991140047
Broadband_Data_2026.03.25_16.49.00.bin,2026-03-25T16:49:00,we,30,83,83.0,2.7666666666666666,0.9978464841842651,0.05238055276374022
Broadband_Data_2026.03.25_16.50.00.bin,2026-03-25T16:50:00,ns,30,175,175.0,5.833333333333333,0.9991888403892517,0.07392696378131708
Broadband_Data_2026.03.25_16.50.00.bin,2026-03-25T16:50:00,we,30,75,75.0,2.5,0.9978826642036438,0.04626940128703912
Broadband_Data_2026.03.25_16.51.00.bin,2026-03-25T16:51:00,ns,30,148,148.0,4.933333333333334,0.997405469417572,0.06801766144732634
Broadband_Data_2026.03.25_16.51.00.bin,2026-03-25T16:51:00,we,30,57,57.0,1.9,0.9979804158210754,0.043533715729912124
Broadband_Data_2026.03.25_16.52.00.bin,2026-03-25T16:52:00,ns,30,151,151.0,5.033333333333333,0.9988917708396912,0.0706653152902921
Broadband_Data_2026.03.25_16.52.00.bin,2026-03-25T16:52:00,we,30,77,77.0,2.566666666666667,0.9979815483093262,0.04846506714820862
Broadband_Data_2026.03.25_16.53.00.bin,2026-03-25T16:53:00,ns,30,184,184.0,6.133333333333334,0.998308539390564,0.07726920414716006
Broadband_Data_2026.03.25_16.53.00.bin,2026-03-25T16:53:00,we,30,83,83.0,2.7666666666666666,0.9976992011070251,0.05127643172939619
Broadband_Data_2026.03.25_16.54.00.bin,2026-03-25T16:54:00,ns,30,175,175.0,5.833333333333333,0.9980165958404541,0.07643029913306236
Broadband_Data_2026.03.25_16.54.00.bin,2026-03-25T16:54:00,we,30,103,103.0,3.433333333333333,0.9979787468910217,0.053785930201411244
Broadband_Data_2026.03.25_16.55.00.bin,2026-03-25T16:55:00,ns,30,179,179.0,5.966666666666667,0.9989230036735535,0.07936583509047826
Broadband_Data_2026.03.25_16.55.00.bin,2026-03-25T16:55:00,we,30,96,96.0,3.2,0.9977510571479797,0.053880940501888595
Broadband_Data_2026.03.25_16.56.00.bin,2026-03-25T16:56:00,ns,30,137,137.0,4.566666666666666,0.9974924325942993,0.06776078380644321
Broadband_Data_2026.03.25_16.56.00.bin,2026-03-25T16:56:00,we,30,70,70.0,2.3333333333333335,0.9978535771369934,0.04860306742290656
Broadband_Data_2026.03.25_16.57.00.bin,2026-03-25T16:57:00,ns,30,156,156.0,5.2,0.997574508190155,0.0746158899118503
Broadband_Data_2026.03.25_16.57.00.bin,2026-03-25T16:57:00,we,30,72,72.0,2.4,0.9978805780410767,0.05009909979999065
Broadband_Data_2026.03.25_16.58.00.bin,2026-03-25T16:58:00,ns,30,179,179.0,5.966666666666667,0.9980975985527039,0.08519535337885221
Broadband_Data_2026.03.25_16.58.00.bin,2026-03-25T16:58:00,we,30,90,90.0,3.0,0.9977675676345825,0.05925434132417043
Broadband_Data_2026.03.25_16.59.00.bin,2026-03-25T16:59:00,ns,30,190,190.0,6.333333333333333,0.9984777569770813,0.09038934409618378
Broadband_Data_2026.03.25_16.59.00.bin,2026-03-25T16:59:00,we,30,151,151.0,5.033333333333333,0.998001754283905,0.07111791496475538
Broadband_Data_2026.03.25_17.00.00.bin,2026-03-25T17:00:00,ns,30,179,179.0,5.966666666666667,0.998894989490509,0.07943728975951672
Broadband_Data_2026.03.25_17.00.00.bin,2026-03-25T17:00:00,we,30,82,82.0,2.7333333333333334,0.9980233907699585,0.053288501252730686
Broadband_Data_2026.03.25_17.01.00.bin,2026-03-25T17:01:00,ns,30,161,161.0,5.366666666666666,0.9991022348403931,0.07299377831319968
Broadband_Data_2026.03.25_17.01.00.bin,2026-03-25T17:01:00,we,30,64,64.0,2.1333333333333333,0.9979050159454346,0.04776578185458978
Broadband_Data_2026.03.25_17.02.00.bin,2026-03-25T17:02:00,ns,30,149,149.0,4.966666666666667,0.9986945986747742,0.07268881642570098
Broadband_Data_2026.03.25_17.02.00.bin,2026-03-25T17:02:00,we,30,69,69.0,2.3,0.9979575872421265,0.04950443853934606
Broadband_Data_2026.03.25_17.03.00.bin,2026-03-25T17:03:00,ns,30,139,139.0,4.633333333333334,0.9976245760917664,0.06392418183386325
Broadband_Data_2026.03.25_17.03.00.bin,2026-03-25T17:03:00,we,30,65,65.0,2.1666666666666665,0.9978813529014587,0.04431208310027917
Broadband_Data_2026.03.25_17.04.00.bin,2026-03-25T17:04:00,ns,30,153,153.0,5.1,0.9989240765571594,0.07136628478765487
Broadband_Data_2026.03.25_17.04.00.bin,2026-03-25T17:04:00,we,30,75,75.0,2.5,0.9979962706565857,0.04697001265982787
Broadband_Data_2026.03.25_17.05.00.bin,2026-03-25T17:05:00,ns,30,161,161.0,5.366666666666666,0.9982699155807495,0.07193677723407746
Broadband_Data_2026.03.25_17.05.00.bin,2026-03-25T17:05:00,we,30,71,71.0,2.3666666666666667,0.998023271560669,0.048521971330046654
Broadband_Data_2026.03.25_17.06.00.bin,2026-03-25T17:06:00,ns,30,152,152.0,5.066666666666666,0.9980102181434631,0.07205475972344479
Broadband_Data_2026.03.25_17.06.00.bin,2026-03-25T17:06:00,we,30,68,68.0,2.2666666666666666,0.9978629946708679,0.04915933298567931
Broadband_Data_2026.03.25_17.07.00.bin,2026-03-25T17:07:00,ns,30,168,168.0,5.6,0.9987189769744873,0.08064547441899776
Broadband_Data_2026.03.25_17.07.00.bin,2026-03-25T17:07:00,we,30,75,75.0,2.5,0.9980524778366089,0.05281714548667272
Broadband_Data_2026.03.25_17.08.00.bin,2026-03-25T17:08:00,ns,30,164,164.0,5.466666666666667,0.9977018237113953,0.0793813823411862
Broadband_Data_2026.03.25_17.08.00.bin,2026-03-25T17:08:00,we,30,85,85.0,2.8333333333333335,0.9978813529014587,0.05396400801837444
Broadband_Data_2026.03.25_17.09.00.bin,2026-03-25T17:09:00,ns,30,145,145.0,4.833333333333333,0.9982632994651794,0.07579639591276646
Broadband_Data_2026.03.25_17.09.00.bin,2026-03-25T17:09:00,we,30,92,92.0,3.066666666666667,0.9978231191635132,0.059584425017237666
Broadband_Data_2026.03.25_17.10.00.bin,2026-03-25T17:10:00,ns,30,137,137.0,4.566666666666666,0.9982183575630188,0.07298142239451408
Broadband_Data_2026.03.25_17.10.00.bin,2026-03-25T17:10:00,we,30,85,85.0,2.8333333333333335,0.9976118803024292,0.05653100373844306
Broadband_Data_2026.03.25_17.11.00.bin,2026-03-25T17:11:00,ns,30,140,140.0,4.666666666666667,0.9986757636070251,0.06435980703681707
Broadband_Data_2026.03.25_17.11.00.bin,2026-03-25T17:11:00,we,30,63,63.0,2.1,0.9983867406845093,0.043984961385528244
Broadband_Data_2026.03.25_17.12.00.bin,2026-03-25T17:12:00,ns,30,121,121.0,4.033333333333333,0.9981709718704224,0.06039012111723423
Broadband_Data_2026.03.25_17.12.00.bin,2026-03-25T17:12:00,we,30,64,64.0,2.1333333333333333,0.9980473518371582,0.04343971125781536
Broadband_Data_2026.03.25_17.13.00.bin,2026-03-25T17:13:00,ns,30,134,134.0,4.466666666666667,0.9989318251609802,0.06590819805860519
Broadband_Data_2026.03.25_17.13.00.bin,2026-03-25T17:13:00,we,30,70,70.0,2.3333333333333335,0.9981489181518555,0.04531227834522724
Broadband_Data_2026.03.25_17.14.00.bin,2026-03-25T17:14:00,ns,30,121,121.0,4.033333333333333,0.9990412592887878,0.06103588193655014
Broadband_Data_2026.03.25_17.14.00.bin,2026-03-25T17:14:00,we,30,56,56.0,1.8666666666666667,0.9982989430427551,0.04261297546327114
Broadband_Data_2026.03.25_17.15.00.bin,2026-03-25T17:15:00,ns,30,121,121.0,4.033333333333333,0.9986782670021057,0.06323798062900703
Broadband_Data_2026.03.25_17.15.00.bin,2026-03-25T17:15:00,we,30,66,66.0,2.2,0.9982481002807617,0.047140669201811154
Broadband_Data_2026.03.25_17.16.00.bin,2026-03-25T17:16:00,ns,30,149,149.0,4.966666666666667,0.9987753033638,0.0703612893819809
Broadband_Data_2026.03.25_17.16.00.bin,2026-03-25T17:16:00,we,30,69,69.0,2.3,0.99797123670578,0.045468396569291754
Broadband_Data_2026.03.25_17.17.00.bin,2026-03-25T17:17:00,ns,30,153,153.0,5.1,0.9993446469306946,0.06828990491727988
Broadband_Data_2026.03.25_17.17.00.bin,2026-03-25T17:17:00,we,30,77,77.0,2.566666666666667,0.998863697052002,0.04814837065835794
Broadband_Data_2026.03.25_17.18.00.bin,2026-03-25T17:18:00,ns,30,168,168.0,5.6,0.9986257553100586,0.08411048191289107
Broadband_Data_2026.03.25_17.18.00.bin,2026-03-25T17:18:00,we,30,132,132.0,4.4,0.9979321956634521,0.06837861326833566
Broadband_Data_2026.03.25_17.19.00.bin,2026-03-25T17:19:00,ns,30,194,194.0,6.466666666666667,0.9985945820808411,0.08615619453291098
Broadband_Data_2026.03.25_17.19.00.bin,2026-03-25T17:19:00,we,30,87,87.0,2.9,0.9972149133682251,0.05785877319673697
Broadband_Data_2026.03.25_17.20.00.bin,2026-03-25T17:20:00,ns,30,199,199.0,6.633333333333334,0.9988119602203369,0.08952754040559133
Broadband_Data_2026.03.25_17.20.00.bin,2026-03-25T17:20:00,we,30,82,82.0,2.7333333333333334,0.9971945285797119,0.05412350458403428
Broadband_Data_2026.03.25_17.21.00.bin,2026-03-25T17:21:00,ns,30,174,174.0,5.8,0.9987898468971252,0.08272787779569626
Broadband_Data_2026.03.25_17.21.00.bin,2026-03-25T17:21:00,we,30,69,69.0,2.3,0.997394323348999,0.04864469369252523
Broadband_Data_2026.03.25_17.22.00.bin,2026-03-25T17:22:00,ns,30,197,197.0,6.566666666666666,0.9990929365158081,0.08621803497274717
Broadband_Data_2026.03.25_17.22.00.bin,2026-03-25T17:22:00,we,30,78,78.0,2.6,0.997568666934967,0.04896884759267171
Broadband_Data_2026.03.25_17.23.00.bin,2026-03-25T17:23:00,ns,30,140,140.0,4.666666666666667,0.9978037476539612,0.06778741156061491
Broadband_Data_2026.03.25_17.23.00.bin,2026-03-25T17:23:00,we,30,66,66.0,2.2,0.9973127245903015,0.04325495796899001
Broadband_Data_2026.03.25_17.24.00.bin,2026-03-25T17:24:00,ns,30,159,159.0,5.3,0.9989953637123108,0.07699048717816671
Broadband_Data_2026.03.25_17.24.00.bin,2026-03-25T17:24:00,we,30,71,71.0,2.3666666666666667,0.9982796907424927,0.04475118244687716
Broadband_Data_2026.03.25_17.25.00.bin,2026-03-25T17:25:00,ns,30,139,139.0,4.633333333333334,0.9987045526504517,0.0675288020943602
Broadband_Data_2026.03.25_17.25.00.bin,2026-03-25T17:25:00,we,30,63,63.0,2.1,0.9979671835899353,0.04422902911901474
Broadband_Data_2026.03.25_17.26.00.bin,2026-03-25T17:26:00,ns,30,133,133.0,4.433333333333334,0.9989532232284546,0.0698339535544316
Broadband_Data_2026.03.25_17.26.00.bin,2026-03-25T17:26:00,we,30,63,63.0,2.1,0.9978445768356323,0.046957649663090704
Broadband_Data_2026.03.25_17.27.00.bin,2026-03-25T17:27:00,ns,30,172,172.0,5.733333333333333,0.9986817240715027,0.07765476057926814
Broadband_Data_2026.03.25_17.27.00.bin,2026-03-25T17:27:00,we,30,78,78.0,2.6,0.9978857636451721,0.04994362418850263
Broadband_Data_2026.03.25_17.28.00.bin,2026-03-25T17:28:00,ns,30,133,133.0,4.433333333333334,0.999026894569397,0.06299748693903287
Broadband_Data_2026.03.25_17.28.00.bin,2026-03-25T17:28:00,we,30,55,55.0,1.8333333333333333,0.9977117776870728,0.041636621579527855
Broadband_Data_2026.03.25_17.29.00.bin,2026-03-25T17:29:00,ns,30,142,142.0,4.733333333333333,0.9992029070854187,0.07070369372765223
Broadband_Data_2026.03.25_17.29.00.bin,2026-03-25T17:29:00,we,30,65,65.0,2.1666666666666665,0.9978700876235962,0.04955977002779643
Broadband_Data_2026.03.25_17.30.00.bin,2026-03-25T17:30:00,ns,30,152,152.0,5.066666666666666,0.9976626634597778,0.07247242132822672
Broadband_Data_2026.03.25_17.30.00.bin,2026-03-25T17:30:00,we,30,73,73.0,2.433333333333333,0.9980218410491943,0.05106703167160352
Broadband_Data_2026.03.25_17.31.00.bin,2026-03-25T17:31:00,ns,30,151,151.0,5.033333333333333,0.9988440275192261,0.07015964426100255
Broadband_Data_2026.03.25_17.31.00.bin,2026-03-25T17:31:00,we,30,85,85.0,2.8333333333333335,0.9977121353149414,0.05198833594719569
Broadband_Data_2026.03.25_17.32.00.bin,2026-03-25T17:32:00,ns,30,133,133.0,4.433333333333334,0.9990240335464478,0.06604180547098319
Broadband_Data_2026.03.25_17.32.00.bin,2026-03-25T17:32:00,we,30,74,74.0,2.466666666666667,0.9979738593101501,0.04715184606611729
Broadband_Data_2026.03.25_17.33.00.bin,2026-03-25T17:33:00,ns,30,127,127.0,4.233333333333333,0.9983966946601868,0.06586440155903499
Broadband_Data_2026.03.25_17.33.00.bin,2026-03-25T17:33:00,we,30,70,70.0,2.3333333333333335,0.9979825019836426,0.046408697962760925
Broadband_Data_2026.03.25_17.34.00.bin,2026-03-25T17:34:00,ns,30,142,142.0,4.733333333333333,0.9991099238395691,0.07096853305896124
Broadband_Data_2026.03.25_17.34.00.bin,2026-03-25T17:34:00,we,30,64,64.0,2.1333333333333333,0.9986104965209961,0.04459681125978629
Broadband_Data_2026.03.25_17.35.00.bin,2026-03-25T17:35:00,ns,30,141,141.0,4.7,0.9983199238777161,0.06895391643047333
Broadband_Data_2026.03.25_17.35.00.bin,2026-03-25T17:35:00,we,30,69,69.0,2.3,0.9980694651603699,0.044074823458989464
Broadband_Data_2026.03.25_17.36.00.bin,2026-03-25T17:36:00,ns,30,151,151.0,5.033333333333333,0.9988435506820679,0.07107671238481998
Broadband_Data_2026.03.25_17.36.00.bin,2026-03-25T17:36:00,we,30,70,70.0,2.3333333333333335,0.9981424808502197,0.04526306986808777
Broadband_Data_2026.03.25_17.37.00.bin,2026-03-25T17:37:00,ns,30,163,163.0,5.433333333333334,0.998885452747345,0.07846509839097658
Broadband_Data_2026.03.25_17.37.00.bin,2026-03-25T17:37:00,we,30,71,71.0,2.3666666666666667,0.9978863596916199,0.05147930507858594
Broadband_Data_2026.03.25_17.38.00.bin,2026-03-25T17:38:00,ns,30,149,149.0,4.966666666666667,0.9991660118103027,0.0726355484376351
Broadband_Data_2026.03.25_17.38.00.bin,2026-03-25T17:38:00,we,30,63,63.0,2.1,0.9980273842811584,0.048868499944607416
Broadband_Data_2026.03.25_17.39.00.bin,2026-03-25T17:39:00,ns,30,153,153.0,5.1,0.9990096092224121,0.07552875181039174
Broadband_Data_2026.03.25_17.39.00.bin,2026-03-25T17:39:00,we,30,73,73.0,2.433333333333333,0.9979526996612549,0.049330023676157
Broadband_Data_2026.03.25_17.40.00.bin,2026-03-25T17:40:00,ns,30,155,155.0,5.166666666666667,0.9974520802497864,0.0721645557632049
Broadband_Data_2026.03.25_17.40.00.bin,2026-03-25T17:40:00,we,30,75,75.0,2.5,0.9978047013282776,0.051696654533346494
Broadband_Data_2026.03.25_17.41.00.bin,2026-03-25T17:41:00,ns,30,157,157.0,5.233333333333333,0.9990148544311523,0.07527994985381763
Broadband_Data_2026.03.25_17.41.00.bin,2026-03-25T17:41:00,we,30,65,65.0,2.1666666666666665,0.9981533885002136,0.0466190913071235
Broadband_Data_2026.03.25_17.42.00.bin,2026-03-25T17:42:00,ns,30,148,148.0,4.933333333333334,0.9990530610084534,0.06702087024847667
Broadband_Data_2026.03.25_17.42.00.bin,2026-03-25T17:42:00,we,30,60,60.0,2.0,0.998012900352478,0.04292670873304208
Broadband_Data_2026.03.25_17.43.00.bin,2026-03-25T17:43:00,ns,30,162,162.0,5.4,0.9980237483978271,0.0731062193090717
Broadband_Data_2026.03.25_17.43.00.bin,2026-03-25T17:43:00,we,30,78,78.0,2.6,0.9981039762496948,0.048499205708503725
Broadband_Data_2026.03.25_17.44.00.bin,2026-03-25T17:44:00,ns,30,134,134.0,4.466666666666667,0.9988923668861389,0.06659233619769414
Broadband_Data_2026.03.25_17.44.00.bin,2026-03-25T17:44:00,we,30,76,76.0,2.533333333333333,0.9983416795730591,0.047322974726557734
Broadband_Data_2026.03.25_17.45.00.bin,2026-03-25T17:45:00,ns,30,147,147.0,4.9,0.9989495873451233,0.07162060365080833
Broadband_Data_2026.03.25_17.45.00.bin,2026-03-25T17:45:00,we,30,73,73.0,2.433333333333333,0.9979902505874634,0.04971516169607639
Broadband_Data_2026.03.25_17.46.00.bin,2026-03-25T17:46:00,ns,30,177,177.0,5.9,0.9985357522964478,0.08253057822585105
Broadband_Data_2026.03.25_17.46.00.bin,2026-03-25T17:46:00,we,30,82,82.0,2.7333333333333334,0.9980352520942688,0.05731606259942055
Broadband_Data_2026.03.25_17.47.00.bin,2026-03-25T17:47:00,ns,30,147,147.0,4.9,0.9974830746650696,0.07493672880033651
Broadband_Data_2026.03.25_17.47.00.bin,2026-03-25T17:47:00,we,30,76,76.0,2.533333333333333,0.9979604482650757,0.05555389188230038
Broadband_Data_2026.03.25_17.48.00.bin,2026-03-25T17:48:00,ns,30,127,127.0,4.233333333333333,0.9989168643951416,0.07677220727006594
Broadband_Data_2026.03.25_17.48.00.bin,2026-03-25T17:48:00,we,30,57,57.0,1.9,0.9977887868881226,0.05394592049221198
Broadband_Data_2026.03.25_17.49.00.bin,2026-03-25T17:49:00,ns,30,136,136.0,4.533333333333333,0.998808741569519,0.07717151331404845
Broadband_Data_2026.03.25_17.49.00.bin,2026-03-25T17:49:00,we,30,64,64.0,2.1333333333333333,0.9976994395256042,0.05113050900399685
Broadband_Data_2026.03.25_17.50.00.bin,2026-03-25T17:50:00,ns,30,130,130.0,4.333333333333333,0.9985122084617615,0.06927898799379667
Broadband_Data_2026.03.25_17.50.00.bin,2026-03-25T17:50:00,we,30,57,57.0,1.9,0.9972147345542908,0.04497123435139656
Broadband_Data_2026.03.25_17.51.00.bin,2026-03-25T17:51:00,ns,30,137,137.0,4.566666666666666,0.9980412721633911,0.0655716153482596
Broadband_Data_2026.03.25_17.51.00.bin,2026-03-25T17:51:00,we,30,59,59.0,1.9666666666666666,0.9972348809242249,0.04106603277226289
Broadband_Data_2026.03.25_17.52.00.bin,2026-03-25T17:52:00,ns,30,127,127.0,4.233333333333333,0.9989474415779114,0.06451742605616649
Broadband_Data_2026.03.25_17.52.00.bin,2026-03-25T17:52:00,we,30,59,59.0,1.9666666666666666,0.9972692131996155,0.041034823780258495
Broadband_Data_2026.03.25_17.53.00.bin,2026-03-25T17:53:00,ns,30,136,136.0,4.533333333333333,0.9986760020256042,0.07290839677055677
Broadband_Data_2026.03.25_17.53.00.bin,2026-03-25T17:53:00,we,30,81,81.0,2.7,0.9975610971450806,0.04940083051721255
Broadband_Data_2026.03.25_17.54.00.bin,2026-03-25T17:54:00,ns,30,135,135.0,4.5,0.99891197681427,0.07308248194555442
Broadband_Data_2026.03.25_17.54.00.bin,2026-03-25T17:54:00,we,30,57,57.0,1.9,0.9973843693733215,0.0436552540709575
Broadband_Data_2026.03.25_17.55.00.bin,2026-03-25T17:55:00,ns,30,155,155.0,5.166666666666667,0.9982275366783142,0.0774810495475928
Broadband_Data_2026.03.25_17.55.00.bin,2026-03-25T17:55:00,we,30,64,64.0,2.1333333333333333,0.998022198677063,0.054562347506483394
Broadband_Data_2026.03.25_17.56.00.bin,2026-03-25T17:56:00,ns,30,209,209.0,6.966666666666667,0.9985663294792175,0.10127558372914791
Broadband_Data_2026.03.25_17.56.00.bin,2026-03-25T17:56:00,we,30,120,120.0,4.0,0.998016357421875,0.07415027879178523
Broadband_Data_2026.03.25_17.57.00.bin,2026-03-25T17:57:00,ns,30,140,140.0,4.666666666666667,0.9992068409919739,0.08109562620520591
Broadband_Data_2026.03.25_17.57.00.bin,2026-03-25T17:57:00,we,30,85,85.0,2.8333333333333335,0.9983634352684021,0.06345961801707745
Broadband_Data_2026.03.25_17.58.00.bin,2026-03-25T17:58:00,ns,30,131,131.0,4.366666666666666,0.9989172220230103,0.07124189088741938
Broadband_Data_2026.03.25_17.58.00.bin,2026-03-25T17:58:00,we,30,65,65.0,2.1666666666666665,0.9980812072753906,0.052590599035223326
Broadband_Data_2026.03.25_17.59.00.bin,2026-03-25T17:59:00,ns,30,128,128.0,4.266666666666667,0.9988403916358948,0.06831626618901888
Broadband_Data_2026.03.25_17.59.00.bin,2026-03-25T17:59:00,we,30,69,69.0,2.3,0.9980477094650269,0.05427986656626065
Broadband_Data_2026.03.25_18.00.00.bin,2026-03-25T18:00:00,ns,30,143,143.0,4.766666666666667,0.9976153373718262,0.06795809417963028
Broadband_Data_2026.03.25_18.00.00.bin,2026-03-25T18:00:00,we,30,71,71.0,2.3666666666666667,0.9981491565704346,0.04493261935810248
Broadband_Data_2026.03.25_18.01.00.bin,2026-03-25T18:01:00,ns,30,139,139.0,4.633333333333334,0.997761607170105,0.06145799346268177
Broadband_Data_2026.03.25_18.01.00.bin,2026-03-25T18:01:00,we,30,68,68.0,2.2666666666666666,0.9979420304298401,0.044740024209022525
Broadband_Data_2026.03.25_18.02.00.bin,2026-03-25T18:02:00,ns,30,101,101.0,3.3666666666666667,0.9986496567726135,0.05505124963819981
Broadband_Data_2026.03.25_18.02.00.bin,2026-03-25T18:02:00,we,30,66,66.0,2.2,0.9976392984390259,0.044640868157148364
Broadband_Data_2026.03.25_18.03.00.bin,2026-03-25T18:03:00,ns,30,106,106.0,3.533333333333333,0.9984299540519714,0.05119055025279522
Broadband_Data_2026.03.25_18.03.00.bin,2026-03-25T18:03:00,we,30,55,55.0,1.8333333333333333,0.9968336224555969,0.041796449075142544
Broadband_Data_2026.03.25_18.04.00.bin,2026-03-25T18:04:00,ns,30,115,115.0,3.8333333333333335,0.9979830980300903,0.055170791471997896
Broadband_Data_2026.03.25_18.04.00.bin,2026-03-25T18:04:00,we,30,51,51.0,1.7,0.9967303276062012,0.04175132488210996
Broadband_Data_2026.03.25_18.05.00.bin,2026-03-25T18:05:00,ns,30,97,97.0,3.2333333333333334,0.9984208345413208,0.05327654878298441
Broadband_Data_2026.03.25_18.05.00.bin,2026-03-25T18:05:00,we,30,64,64.0,2.1333333333333333,0.9969492554664612,0.04687497230867545
Broadband_Data_2026.03.25_18.06.00.bin,2026-03-25T18:06:00,ns,30,129,129.0,4.3,0.9971053004264832,0.06233614099522432
Broadband_Data_2026.03.25_18.06.00.bin,2026-03-25T18:06:00,we,30,66,66.0,2.2,0.9975348711013794,0.04675368517637253
Broadband_Data_2026.03.25_18.07.00.bin,2026-03-25T18:07:00,ns,30,114,114.0,3.8,0.9976668357849121,0.0541860976566871
Broadband_Data_2026.03.25_18.07.00.bin,2026-03-25T18:07:00,we,30,65,65.0,2.1666666666666665,0.997868537902832,0.04553161449730396
Broadband_Data_2026.03.25_18.08.00.bin,2026-03-25T18:08:00,ns,30,127,127.0,4.233333333333333,0.9974925518035889,0.05829136961450179
Broadband_Data_2026.03.25_18.08.00.bin,2026-03-25T18:08:00,we,30,80,80.0,2.6666666666666665,0.997426450252533,0.04886891022324562
Broadband_Data_2026.03.25_18.09.00.bin,2026-03-25T18:09:00,ns,30,114,114.0,3.8,0.9983657002449036,0.05683124251663685
Broadband_Data_2026.03.25_18.09.00.bin,2026-03-25T18:09:00,we,30,80,80.0,2.6666666666666665,0.9978651404380798,0.047944251696268717
Broadband_Data_2026.03.25_18.10.00.bin,2026-03-25T18:10:00,ns,30,126,126.0,4.2,0.9986711740493774,0.06359783013661703
Broadband_Data_2026.03.25_18.10.00.bin,2026-03-25T18:10:00,we,30,67,67.0,2.2333333333333334,0.998185932636261,0.04661042789618174
Broadband_Data_2026.03.25_18.11.00.bin,2026-03-25T18:11:00,ns,30,129,129.0,4.3,0.998539924621582,0.06168902665376663
Broadband_Data_2026.03.25_18.11.00.bin,2026-03-25T18:11:00,we,30,64,64.0,2.1333333333333333,0.9980886578559875,0.04402203882733981
Broadband_Data_2026.03.25_18.12.00.bin,2026-03-25T18:12:00,ns,30,132,132.0,4.4,0.9987064599990845,0.06843483746051789
Broadband_Data_2026.03.25_18.12.00.bin,2026-03-25T18:12:00,we,30,70,70.0,2.3333333333333335,0.9980360865592957,0.052084082985917726
Broadband_Data_2026.03.25_18.13.00.bin,2026-03-25T18:13:00,ns,30,95,95.0,3.1666666666666665,0.998918890953064,0.06009833427766959
Broadband_Data_2026.03.25_18.13.00.bin,2026-03-25T18:13:00,we,30,57,57.0,1.9,0.9980359673500061,0.04797581682602565
Broadband_Data_2026.03.25_18.14.00.bin,2026-03-25T18:14:00,ns,30,136,136.0,4.533333333333333,0.9988176226615906,0.07189652683834234
Broadband_Data_2026.03.25_18.14.00.bin,2026-03-25T18:14:00,we,30,81,81.0,2.7,0.9984714388847351,0.052031306674083073
Broadband_Data_2026.03.25_18.15.00.bin,2026-03-25T18:15:00,ns,30,129,129.0,4.3,0.9967055916786194,0.07071383645137151
Broadband_Data_2026.03.25_18.15.00.bin,2026-03-25T18:15:00,we,30,70,70.0,2.3333333333333335,0.9980429410934448,0.051412204280495644
Broadband_Data_2026.03.25_18.16.00.bin,2026-03-25T18:16:00,ns,30,154,154.0,5.133333333333334,0.9971728324890137,0.07938813380897045
Broadband_Data_2026.03.25_18.16.00.bin,2026-03-25T18:16:00,we,30,78,78.0,2.6,0.997879147529602,0.05237274902562301
Broadband_Data_2026.03.25_18.17.00.bin,2026-03-25T18:17:00,ns,30,143,143.0,4.766666666666667,0.9986637830734253,0.07619770740469296
Broadband_Data_2026.03.25_18.17.00.bin,2026-03-25T18:17:00,we,30,73,73.0,2.433333333333333,0.998019814491272,0.055020713806152345
Broadband_Data_2026.03.25_18.18.00.bin,2026-03-25T18:18:00,ns,30,140,140.0,4.666666666666667,0.9991138577461243,0.07188559658825397
Broadband_Data_2026.03.25_18.18.00.bin,2026-03-25T18:18:00,we,30,82,82.0,2.7333333333333334,0.998543381690979,0.05227461569011212
Broadband_Data_2026.03.25_18.19.00.bin,2026-03-25T18:19:00,ns,30,129,129.0,4.3,0.9984943866729736,0.07118821516633034
Broadband_Data_2026.03.25_18.19.00.bin,2026-03-25T18:19:00,we,30,75,75.0,2.5,0.998046875,0.0530590063581864
Broadband_Data_2026.03.25_18.20.00.bin,2026-03-25T18:20:00,ns,30,113,113.0,3.7666666666666666,0.998201847076416,0.058347884689768155
Broadband_Data_2026.03.25_18.20.00.bin,2026-03-25T18:20:00,we,30,67,67.0,2.2333333333333334,0.9973548650741577,0.05182910996178786
Broadband_Data_2026.03.25_18.21.00.bin,2026-03-25T18:21:00,ns,30,79,79.0,2.6333333333333333,0.9967030882835388,0.04534142793466647
Broadband_Data_2026.03.25_18.21.00.bin,2026-03-25T18:21:00,we,30,60,60.0,2.0,0.9978463649749756,0.04158105757087469
Broadband_Data_2026.03.25_18.22.00.bin,2026-03-25T18:22:00,ns,30,93,93.0,3.1,0.9975569248199463,0.047923745773732665
Broadband_Data_2026.03.25_18.22.00.bin,2026-03-25T18:22:00,we,30,63,63.0,2.1,0.9973704814910889,0.040742312495907144
Broadband_Data_2026.03.25_18.23.00.bin,2026-03-25T18:23:00,ns,30,111,111.0,3.7,0.9983795881271362,0.05193716579427322
Broadband_Data_2026.03.25_18.23.00.bin,2026-03-25T18:23:00,we,30,55,55.0,1.8333333333333333,0.9975857734680176,0.04065194930881262
Broadband_Data_2026.03.25_18.24.00.bin,2026-03-25T18:24:00,ns,30,92,92.0,3.066666666666667,0.9986302852630615,0.04701909801612298
Broadband_Data_2026.03.25_18.24.00.bin,2026-03-25T18:24:00,we,30,54,54.0,1.8,0.9972090125083923,0.04075408615171909
Broadband_Data_2026.03.25_18.25.00.bin,2026-03-25T18:25:00,ns,30,79,79.0,2.6333333333333333,0.9985609650611877,0.044177885788182415
Broadband_Data_2026.03.25_18.25.00.bin,2026-03-25T18:25:00,we,30,56,56.0,1.8666666666666667,0.9975104331970215,0.040643961355090144
Broadband_Data_2026.03.25_18.26.00.bin,2026-03-25T18:26:00,ns,30,105,105.0,3.5,0.9983660578727722,0.05023960502197345
Broadband_Data_2026.03.25_18.26.00.bin,2026-03-25T18:26:00,we,30,56,56.0,1.8666666666666667,0.997531533241272,0.040119922781984015
Broadband_Data_2026.03.25_18.27.00.bin,2026-03-25T18:27:00,ns,30,99,99.0,3.3,0.9977114200592041,0.051183029015858965
Broadband_Data_2026.03.25_18.27.00.bin,2026-03-25T18:27:00,we,30,74,74.0,2.466666666666667,0.9975340366363525,0.04427827522158623
Broadband_Data_2026.03.25_18.28.00.bin,2026-03-25T18:28:00,ns,30,99,99.0,3.3,0.9986660480499268,0.05147412121295929
Broadband_Data_2026.03.25_18.28.00.bin,2026-03-25T18:28:00,we,30,53,53.0,1.7666666666666666,0.9974411725997925,0.04285297108193239
Broadband_Data_2026.03.25_18.29.00.bin,2026-03-25T18:29:00,ns,30,82,82.0,2.7333333333333334,0.9988381266593933,0.045053375884890556
Broadband_Data_2026.03.25_18.29.00.bin,2026-03-25T18:29:00,we,30,55,55.0,1.8333333333333333,0.9970086216926575,0.042027803137898445
Broadband_Data_2026.03.25_18.30.00.bin,2026-03-25T18:30:00,ns,30,82,82.0,2.7333333333333334,0.9983168840408325,0.049430551442007226
Broadband_Data_2026.03.25_18.30.00.bin,2026-03-25T18:30:00,we,30,56,56.0,1.8666666666666667,0.9968884587287903,0.0444865096360445
Broadband_Data_2026.03.25_18.31.00.bin,2026-03-25T18:31:00,ns,30,90,90.0,3.0,0.998365581035614,0.04793491593251626
Broadband_Data_2026.03.25_18.31.00.bin,2026-03-25T18:31:00,we,30,55,55.0,1.8333333333333333,0.9967097043991089,0.043732857704162596
Broadband_Data_2026.03.25_18.32.00.bin,2026-03-25T18:32:00,ns,30,84,84.0,2.8,0.9973179697990417,0.04998131326089303
Broadband_Data_2026.03.25_18.32.00.bin,2026-03-25T18:32:00,we,30,59,59.0,1.9666666666666666,0.9969280362129211,0.043632749219735464
Broadband_Data_2026.03.25_18.33.00.bin,2026-03-25T18:33:00,ns,30,68,68.0,2.2666666666666666,0.9972223043441772,0.04049744382500649
Broadband_Data_2026.03.25_18.33.00.bin,2026-03-25T18:33:00,we,30,41,41.0,1.3666666666666667,0.9984914064407349,0.0390999594082435
Broadband_Data_2026.03.25_18.34.00.bin,2026-03-25T18:34:00,ns,30,76,76.0,2.533333333333333,0.9962896108627319,0.04272197869916757
Broadband_Data_2026.03.25_18.34.00.bin,2026-03-25T18:34:00,we,30,55,55.0,1.8333333333333333,0.9965944886207581,0.041376851747433344
Broadband_Data_2026.03.25_18.35.00.bin,2026-03-25T18:35:00,ns,30,89,89.0,2.966666666666667,0.9985516667366028,0.04874849834789832
Broadband_Data_2026.03.25_18.35.00.bin,2026-03-25T18:35:00,we,30,59,59.0,1.9666666666666666,0.9965584874153137,0.0435679933677117
Broadband_Data_2026.03.25_18.36.00.bin,2026-03-25T18:36:00,ns,30,83,83.0,2.7666666666666666,0.9975098371505737,0.047185327112674716
Broadband_Data_2026.03.25_18.36.00.bin,2026-03-25T18:36:00,we,30,50,50.0,1.6666666666666667,0.9976693987846375,0.04240745132168134
Broadband_Data_2026.03.25_18.37.00.bin,2026-03-25T18:37:00,ns,30,96,96.0,3.2,0.9968727231025696,0.05364377169559399
Broadband_Data_2026.03.25_18.37.00.bin,2026-03-25T18:37:00,we,30,50,50.0,1.6666666666666667,0.9974862337112427,0.04753258749842644
Broadband_Data_2026.03.25_18.38.00.bin,2026-03-25T18:38:00,ns,30,92,92.0,3.066666666666667,0.9986128807067871,0.056539327216645084
Broadband_Data_2026.03.25_18.38.00.bin,2026-03-25T18:38:00,we,30,94,94.0,3.1333333333333333,0.997453510761261,0.061769662673274675
Broadband_Data_2026.03.25_18.39.00.bin,2026-03-25T18:39:00,ns,30,119,119.0,3.966666666666667,0.9977565407752991,0.0714210690309604
Broadband_Data_2026.03.25_18.39.00.bin,2026-03-25T18:39:00,we,30,182,182.0,6.066666666666666,0.9973863959312439,0.08819252848625184
Broadband_Data_2026.03.25_18.40.00.bin,2026-03-25T18:40:00,ns,30,113,113.0,3.7666666666666666,0.9979050159454346,0.06619245956341425
Broadband_Data_2026.03.25_18.40.00.bin,2026-03-25T18:40:00,we,30,146,146.0,4.866666666666666,0.9974675178527832,0.07500654608011245
Broadband_Data_2026.03.25_18.41.00.bin,2026-03-25T18:41:00,ns,30,83,83.0,2.7666666666666666,0.9966021776199341,0.05992422228058179
Broadband_Data_2026.03.25_18.41.00.bin,2026-03-25T18:41:00,we,30,93,93.0,3.1,0.9973893761634827,0.06715910794834296
Broadband_Data_2026.03.25_18.42.00.bin,2026-03-25T18:42:00,ns,30,90,90.0,3.0,0.9979186654090881,0.0576416385670503
Broadband_Data_2026.03.25_18.42.00.bin,2026-03-25T18:42:00,we,30,75,75.0,2.5,0.9973112344741821,0.06522718419631322
Broadband_Data_2026.03.25_18.43.00.bin,2026-03-25T18:43:00,ns,30,82,82.0,2.7333333333333334,0.9984039664268494,0.05408892594277859
Broadband_Data_2026.03.25_18.43.00.bin,2026-03-25T18:43:00,we,30,87,87.0,2.9,0.9984903335571289,0.06516108401119709
Broadband_Data_2026.03.25_18.44.00.bin,2026-03-25T18:44:00,ns,30,84,84.0,2.8,0.996973991394043,0.04964367101589839
Broadband_Data_2026.03.25_18.44.00.bin,2026-03-25T18:44:00,we,30,59,59.0,1.9666666666666666,0.9974901676177979,0.04432843873898188
Broadband_Data_2026.03.25_18.45.00.bin,2026-03-25T18:45:00,ns,30,83,83.0,2.7666666666666666,0.9975837469100952,0.04565462755660216
Broadband_Data_2026.03.25_18.45.00.bin,2026-03-25T18:45:00,we,30,59,59.0,1.9666666666666666,0.9975306391716003,0.04306077150007089
Broadband_Data_2026.03.25_18.46.00.bin,2026-03-25T18:46:00,ns,30,75,75.0,2.5,0.9976466298103333,0.046167965357502304
Broadband_Data_2026.03.25_18.46.00.bin,2026-03-25T18:46:00,we,30,63,63.0,2.1,0.9978309273719788,0.04809001547594865
Broadband_Data_2026.03.25_18.47.00.bin,2026-03-25T18:47:00,ns,30,76,76.0,2.533333333333333,0.9975095987319946,0.044997290211419266
Broadband_Data_2026.03.25_18.47.00.bin,2026-03-25T18:47:00,we,30,53,53.0,1.7666666666666666,0.9976153373718262,0.04429693917433421
Broadband_Data_2026.03.25_18.48.00.bin,2026-03-25T18:48:00,ns,30,82,82.0,2.7333333333333334,0.9972309470176697,0.049361673556268214
Broadband_Data_2026.03.25_18.48.00.bin,2026-03-25T18:48:00,we,30,64,64.0,2.1333333333333333,0.997394323348999,0.04933176152408123
Broadband_Data_2026.03.25_18.49.00.bin,2026-03-25T18:49:00,ns,30,82,82.0,2.7333333333333334,0.9982047080993652,0.050013537021974724
Broadband_Data_2026.03.25_18.49.00.bin,2026-03-25T18:49:00,we,30,68,68.0,2.2666666666666666,0.9973199963569641,0.054177130882938705
Broadband_Data_2026.03.25_18.50.00.bin,2026-03-25T18:50:00,ns,30,58,58.0,1.9333333333333333,0.9981592297554016,0.04430315382778645
Broadband_Data_2026.03.25_18.50.00.bin,2026-03-25T18:50:00,we,30,61,61.0,2.033333333333333,0.9971008896827698,0.05035134715338548
Broadband_Data_2026.03.25_18.51.00.bin,2026-03-25T18:51:00,ns,30,88,88.0,2.933333333333333,0.9964588284492493,0.05522941872477531
Broadband_Data_2026.03.25_18.51.00.bin,2026-03-25T18:51:00,we,30,70,70.0,2.3333333333333335,0.9972497820854187,0.05246514541407426
Broadband_Data_2026.03.25_18.52.00.bin,2026-03-25T18:52:00,ns,30,74,74.0,2.466666666666667,0.996857762336731,0.047850639745593074
Broadband_Data_2026.03.25_18.52.00.bin,2026-03-25T18:52:00,we,30,68,68.0,2.2666666666666666,0.9974308609962463,0.052594463403026266
Broadband_Data_2026.03.25_18.53.00.bin,2026-03-25T18:53:00,ns,30,97,97.0,3.2333333333333334,0.9980271458625793,0.057579821348190306
Broadband_Data_2026.03.25_18.53.00.bin,2026-03-25T18:53:00,we,30,110,110.0,3.6666666666666665,0.9973270893096924,0.0630752166112264
Broadband_Data_2026.03.25_18.54.00.bin,2026-03-25T18:54:00,ns,30,114,114.0,3.8,0.9978305697441101,0.06059935924907525
Broadband_Data_2026.03.25_18.54.00.bin,2026-03-25T18:54:00,we,30,188,188.0,6.266666666666667,0.9972527623176575,0.07776710167527198
Broadband_Data_2026.03.25_18.55.00.bin,2026-03-25T18:55:00,ns,30,92,92.0,3.066666666666667,0.9980048537254333,0.056003767624497415
Broadband_Data_2026.03.25_18.55.00.bin,2026-03-25T18:55:00,we,30,115,115.0,3.8333333333333335,0.9976825714111328,0.06505002764364083
Broadband_Data_2026.03.25_18.56.00.bin,2026-03-25T18:56:00,ns,30,86,86.0,2.8666666666666667,0.9982131719589233,0.05222989494601885
Broadband_Data_2026.03.25_18.56.00.bin,2026-03-25T18:56:00,we,30,112,112.0,3.7333333333333334,0.9968536496162415,0.06130433455109596
Broadband_Data_2026.03.25_18.57.00.bin,2026-03-25T18:57:00,ns,30,92,92.0,3.066666666666667,0.9990798234939575,0.05460657390455405
Broadband_Data_2026.03.25_18.57.00.bin,2026-03-25T18:57:00,we,30,73,73.0,2.433333333333333,0.9974863529205322,0.05739531529446443
Broadband_Data_2026.03.25_18.58.00.bin,2026-03-25T18:58:00,ns,30,94,94.0,3.1333333333333333,0.997990608215332,0.05772203852732976
Broadband_Data_2026.03.25_18.58.00.bin,2026-03-25T18:58:00,we,30,62,62.0,2.066666666666667,0.9968956708908081,0.05432939926783244
Broadband_Data_2026.03.25_18.59.00.bin,2026-03-25T18:59:00,ns,30,81,81.0,2.7,0.9985476136207581,0.05115374960005283
Broadband_Data_2026.03.25_18.59.00.bin,2026-03-25T18:59:00,we,30,62,62.0,2.066666666666667,0.9974046349525452,0.05057173868020375
Broadband_Data_2026.03.25_19.00.00.bin,2026-03-25T19:00:00,ns,30,77,77.0,2.566666666666667,0.99801105260849,0.047798558697104455
Broadband_Data_2026.03.25_19.00.00.bin,2026-03-25T19:00:00,we,30,59,59.0,1.9666666666666666,0.9978221654891968,0.045376959691445035
Broadband_Data_2026.03.25_19.01.00.bin,2026-03-25T19:01:00,ns,30,126,126.0,4.2,0.9981630444526672,0.06770802674194178
Broadband_Data_2026.03.25_19.01.00.bin,2026-03-25T19:01:00,we,30,84,84.0,2.8,0.9981409311294556,0.057195461541414264
Broadband_Data_2026.03.25_19.02.00.bin,2026-03-25T19:02:00,ns,30,144,144.0,4.8,0.9988081455230713,0.07640770748257637
Broadband_Data_2026.03.25_19.02.00.bin,2026-03-25T19:02:00,we,30,109,109.0,3.6333333333333333,0.9979991316795349,0.06379955994586149
Broadband_Data_2026.03.25_19.03.00.bin,2026-03-25T19:03:00,ns,30,117,117.0,3.9,0.996536374092102,0.06896987694005172
Broadband_Data_2026.03.25_19.03.00.bin,2026-03-25T19:03:00,we,30,81,81.0,2.7,0.9979000091552734,0.0659257764617602
Broadband_Data_2026.03.25_19.04.00.bin,2026-03-25T19:04:00,ns,30,146,146.0,4.866666666666666,0.9990020394325256,0.07921135338644186
Broadband_Data_2026.03.25_19.04.00.bin,2026-03-25T19:04:00,we,30,135,135.0,4.5,0.9988890290260315,0.07455651760101319
Broadband_Data_2026.03.25_19.05.00.bin,2026-03-25T19:05:00,ns,30,205,205.0,6.833333333333333,0.9979888200759888,0.09645140816768011
Broadband_Data_2026.03.25_19.05.00.bin,2026-03-25T19:05:00,we,30,187,187.0,6.233333333333333,0.9979099631309509,0.09191658198833466
Broadband_Data_2026.03.25_19.06.00.bin,2026-03-25T19:06:00,ns,30,174,174.0,5.8,0.9978082776069641,0.09021417759358882
Broadband_Data_2026.03.25_19.06.00.bin,2026-03-25T19:06:00,we,30,138,138.0,4.6,0.9977572560310364,0.07740061854322751
Broadband_Data_2026.03.25_19.07.00.bin,2026-03-25T19:07:00,ns,30,121,121.0,4.033333333333333,0.9990328550338745,0.07134789638221264
Broadband_Data_2026.03.25_19.07.00.bin,2026-03-25T19:07:00,we,30,87,87.0,2.9,0.998105525970459,0.05914705383280913
Broadband_Data_2026.03.25_19.08.00.bin,2026-03-25T19:08:00,ns,30,99,99.0,3.3,0.9988356232643127,0.06132829276223977
Broadband_Data_2026.03.25_19.08.00.bin,2026-03-25T19:08:00,we,30,64,64.0,2.1333333333333333,0.998656153678894,0.05053311511874199
Broadband_Data_2026.03.25_19.09.00.bin,2026-03-25T19:09:00,ns,30,98,98.0,3.2666666666666666,0.9967345595359802,0.060476263612508775
Broadband_Data_2026.03.25_19.09.00.bin,2026-03-25T19:09:00,we,30,63,63.0,2.1,0.9980509281158447,0.04983757038911184
Broadband_Data_2026.03.25_19.10.00.bin,2026-03-25T19:10:00,ns,30,108,108.0,3.6,0.9975422620773315,0.06445065326988697
Broadband_Data_2026.03.25_19.10.00.bin,2026-03-25T19:10:00,we,30,63,63.0,2.1,0.9979428648948669,0.05224310296277205
Broadband_Data_2026.03.25_19.11.00.bin,2026-03-25T19:11:00,ns,30,84,84.0,2.8,0.9990096092224121,0.06276981718838215
Broadband_Data_2026.03.25_19.11.00.bin,2026-03-25T19:11:00,we,30,68,68.0,2.2666666666666666,0.9981156587600708,0.05578872213761012
Broadband_Data_2026.03.25_19.12.00.bin,2026-03-25T19:12:00,ns,30,120,120.0,4.0,0.998176097869873,0.07083909176290035
Broadband_Data_2026.03.25_19.12.00.bin,2026-03-25T19:12:00,we,30,93,93.0,3.1,0.9980993866920471,0.05979283278187116
Broadband_Data_2026.03.25_19.13.00.bin,2026-03-25T19:13:00,ns,30,138,138.0,4.6,0.9980379939079285,0.08462906926870346
Broadband_Data_2026.03.25_19.13.00.bin,2026-03-25T19:13:00,we,30,110,110.0,3.6666666666666665,0.9979305267333984,0.0746126605818669
Broadband_Data_2026.03.25_19.14.00.bin,2026-03-25T19:14:00,ns,30,143,143.0,4.766666666666667,0.9980759620666504,0.08279903357227643
Broadband_Data_2026.03.25_19.14.00.bin,2026-03-25T19:14:00,we,30,180,180.0,6.0,0.9978710412979126,0.08774535283446312
Broadband_Data_2026.03.25_19.15.00.bin,2026-03-25T19:15:00,ns,30,144,144.0,4.8,0.9979100823402405,0.08368683829903603
Broadband_Data_2026.03.25_19.15.00.bin,2026-03-25T19:15:00,we,30,138,138.0,4.6,0.9980158805847168,0.08102623720963796
Broadband_Data_2026.03.25_19.16.00.bin,2026-03-25T19:16:00,ns,30,106,106.0,3.533333333333333,0.9989538192749023,0.07200976821283499
Broadband_Data_2026.03.25_19.16.00.bin,2026-03-25T19:16:00,we,30,108,108.0,3.6,0.9979932308197021,0.0703903429210186
Broadband_Data_2026.03.25_19.17.00.bin,2026-03-25T19:17:00,ns,30,135,135.0,4.5,0.9983295798301697,0.07459730183084806
Broadband_Data_2026.03.25_19.17.00.bin,2026-03-25T19:17:00,we,30,140,140.0,4.666666666666667,0.9981245398521423,0.07398176863789559
Broadband_Data_2026.03.25_19.18.00.bin,2026-03-25T19:18:00,ns,30,103,103.0,3.433333333333333,0.9986435770988464,0.068815927952528
Broadband_Data_2026.03.25_19.18.00.bin,2026-03-25T19:18:00,we,30,81,81.0,2.7,0.9980664849281311,0.05960812245806058
Broadband_Data_2026.03.25_19.19.00.bin,2026-03-25T19:19:00,ns,30,100,100.0,3.3333333333333335,0.9987764954566956,0.06304283278683821
Broadband_Data_2026.03.25_19.19.00.bin,2026-03-25T19:19:00,we,30,62,62.0,2.066666666666667,0.9974128603935242,0.04617631770670414
Broadband_Data_2026.03.25_19.20.00.bin,2026-03-25T19:20:00,ns,30,111,111.0,3.7,0.9992451667785645,0.06813009654482206
Broadband_Data_2026.03.25_19.20.00.bin,2026-03-25T19:20:00,we,30,74,74.0,2.466666666666667,0.998569130897522,0.0516195942958196
Broadband_Data_2026.03.25_19.21.00.bin,2026-03-25T19:21:00,ns,30,77,77.0,2.566666666666667,0.9982311129570007,0.055575750892361005
Broadband_Data_2026.03.25_19.21.00.bin,2026-03-25T19:21:00,we,30,51,51.0,1.7,0.9975220561027527,0.045629000291228294
Broadband_Data_2026.03.25_19.22.00.bin,2026-03-25T19:22:00,ns,30,96,96.0,3.2,0.9970884919166565,0.06289276940127214
Broadband_Data_2026.03.25_19.22.00.bin,2026-03-25T19:22:00,we,30,61,61.0,2.033333333333333,0.9974258542060852,0.04894749658803145
Broadband_Data_2026.03.25_19.23.00.bin,2026-03-25T19:23:00,ns,30,112,112.0,3.7333333333333334,0.9988256096839905,0.07038503562410672
Broadband_Data_2026.03.25_19.23.00.bin,2026-03-25T19:23:00,we,30,88,88.0,2.933333333333333,0.9978002905845642,0.05848041636248429
Broadband_Data_2026.03.25_19.24.00.bin,2026-03-25T19:24:00,ns,30,182,182.0,6.066666666666666,0.998665452003479,0.08824065824349721
Broadband_Data_2026.03.25_19.24.00.bin,2026-03-25T19:24:00,we,30,138,138.0,4.6,0.9973258972167969,0.07364784106612206
Broadband_Data_2026.03.25_19.25.00.bin,2026-03-25T19:25:00,ns,30,261,261.0,8.7,0.9972990155220032,0.1023787093659242
Broadband_Data_2026.03.25_19.25.00.bin,2026-03-25T19:25:00,we,30,282,282.0,9.4,0.9980140924453735,0.10295293778181076
Broadband_Data_2026.03.25_19.26.00.bin,2026-03-25T19:26:00,ns,30,203,203.0,6.766666666666667,0.9989198446273804,0.08638787530362606
Broadband_Data_2026.03.25_19.26.00.bin,2026-03-25T19:26:00,we,30,254,254.0,8.466666666666667,0.998236894607544,0.09190298790733019
Broadband_Data_2026.03.25_19.27.00.bin,2026-03-25T19:27:00,ns,30,219,219.0,7.3,0.9987144470214844,0.09499077325065931
Broadband_Data_2026.03.25_19.27.00.bin,2026-03-25T19:27:00,we,30,229,229.0,7.633333333333334,0.9981659054756165,0.08910996591051419
Broadband_Data_2026.03.25_19.28.00.bin,2026-03-25T19:28:00,ns,30,124,124.0,4.133333333333334,0.9991293549537659,0.07811168059706688
Broadband_Data_2026.03.25_19.28.00.bin,2026-03-25T19:28:00,we,30,97,97.0,3.2333333333333334,0.9978678226470947,0.06365840993821621
Broadband_Data_2026.03.25_19.29.00.bin,2026-03-25T19:29:00,ns,30,117,117.0,3.9,0.9991241097450256,0.07008864643673102
Broadband_Data_2026.03.25_19.29.00.bin,2026-03-25T19:29:00,we,30,114,114.0,3.8,0.99809330701828,0.06639416466156642
Broadband_Data_2026.03.25_19.30.00.bin,2026-03-25T19:30:00,ns,30,91,91.0,3.033333333333333,0.9986248016357422,0.058604088487724464
Broadband_Data_2026.03.25_19.30.00.bin,2026-03-25T19:30:00,we,30,73,73.0,2.433333333333333,0.9984320998191833,0.05053227034707864
Broadband_Data_2026.03.25_19.31.00.bin,2026-03-25T19:31:00,ns,30,107,107.0,3.566666666666667,0.9986442923545837,0.05896799402932326
Broadband_Data_2026.03.25_19.31.00.bin,2026-03-25T19:31:00,we,30,73,73.0,2.433333333333333,0.9983839988708496,0.04717005342245102
Broadband_Data_2026.03.25_19.32.00.bin,2026-03-25T19:32:00,ns,30,80,80.0,2.6666666666666665,0.9989892840385437,0.05729681874314944
Broadband_Data_2026.03.25_19.32.00.bin,2026-03-25T19:32:00,we,30,70,70.0,2.3333333333333335,0.9986110925674438,0.05555807650089264
Broadband_Data_2026.03.25_19.33.00.bin,2026-03-25T19:33:00,ns,30,107,107.0,3.566666666666667,0.9987630844116211,0.07291076220571995
Broadband_Data_2026.03.25_19.33.00.bin,2026-03-25T19:33:00,we,30,111,111.0,3.7,0.9983294606208801,0.07094023438791434
Broadband_Data_2026.03.25_19.34.00.bin,2026-03-25T19:34:00,ns,30,137,137.0,4.566666666666666,0.9984391331672668,0.07521143977840741
Broadband_Data_2026.03.25_19.34.00.bin,2026-03-25T19:34:00,we,30,223,223.0,7.433333333333334,0.9982482194900513,0.0868650384247303
Broadband_Data_2026.03.25_19.35.00.bin,2026-03-25T19:35:00,ns,30,203,203.0,6.766666666666667,0.9992408752441406,0.09323454933861891
Broadband_Data_2026.03.25_19.35.00.bin,2026-03-25T19:35:00,we,30,278,278.0,9.266666666666667,0.9983671307563782,0.09671331979334355
Broadband_Data_2026.03.25_19.36.00.bin,2026-03-25T19:36:00,ns,30,201,201.0,6.7,0.9959020018577576,0.08643954309324424
Broadband_Data_2026.03.25_19.36.00.bin,2026-03-25T19:36:00,we,30,267,267.0,8.9,0.9984437823295593,0.0951900618771712
Broadband_Data_2026.03.25_19.37.00.bin,2026-03-25T19:37:00,ns,30,157,157.0,5.233333333333333,0.9990665316581726,0.08334115333855152
Broadband_Data_2026.03.25_19.37.00.bin,2026-03-25T19:37:00,we,30,185,185.0,6.166666666666667,0.9982509016990662,0.08377047615746656
Broadband_Data_2026.03.25_19.38.00.bin,2026-03-25T19:38:00,ns,30,125,125.0,4.166666666666667,0.998897910118103,0.07435778019328912
Broadband_Data_2026.03.25_19.38.00.bin,2026-03-25T19:38:00,we,30,152,152.0,5.066666666666666,0.9984555244445801,0.07759081348776817
Broadband_Data_2026.03.25_19.39.00.bin,2026-03-25T19:39:00,ns,30,152,152.0,5.066666666666666,0.9980939030647278,0.0838017251342535
Broadband_Data_2026.03.25_19.39.00.bin,2026-03-25T19:39:00,we,30,189,189.0,6.3,0.9980576634407043,0.08704720350603262
Broadband_Data_2026.03.25_19.40.00.bin,2026-03-25T19:40:00,ns,30,94,94.0,3.1333333333333333,0.9984473586082458,0.06858897134661675
Broadband_Data_2026.03.25_19.40.00.bin,2026-03-25T19:40:00,we,30,96,96.0,3.2,0.9980972409248352,0.06423762403428554
Broadband_Data_2026.03.25_19.41.00.bin,2026-03-25T19:41:00,ns,30,128,128.0,4.266666666666667,0.9985913634300232,0.07615815289318562
Broadband_Data_2026.03.25_19.41.00.bin,2026-03-25T19:41:00,we,30,147,147.0,4.9,0.9982708692550659,0.07974748685956001
Broadband_Data_2026.03.25_19.42.00.bin,2026-03-25T19:42:00,ns,30,114,114.0,3.8,0.9989708662033081,0.07286769586304824
Broadband_Data_2026.03.25_19.42.00.bin,2026-03-25T19:42:00,we,30,134,134.0,4.466666666666667,0.9981129169464111,0.07984838150441646
Broadband_Data_2026.03.25_19.43.00.bin,2026-03-25T19:43:00,ns,30,84,84.0,2.8,0.9987208247184753,0.06390696354210376
Broadband_Data_2026.03.25_19.43.00.bin,2026-03-25T19:43:00,we,30,94,94.0,3.1333333333333333,0.9982276558876038,0.06661831090847652
Broadband_Data_2026.03.25_19.44.00.bin,2026-03-25T19:44:00,ns,30,103,103.0,3.433333333333333,0.9986853003501892,0.07203373660643896
Broadband_Data_2026.03.25_19.44.00.bin,2026-03-25T19:44:00,we,30,92,92.0,3.066666666666667,0.9980611205101013,0.06056554578244686
Broadband_Data_2026.03.25_19.45.00.bin,2026-03-25T19:45:00,ns,30,100,100.0,3.3333333333333335,0.9981745481491089,0.06344991500178973
Broadband_Data_2026.03.25_19.45.00.bin,2026-03-25T19:45:00,we,30,86,86.0,2.8666666666666667,0.9982104301452637,0.06008818584183852
Broadband_Data_2026.03.25_19.46.00.bin,2026-03-25T19:46:00,ns,30,131,131.0,4.366666666666666,0.9984933137893677,0.07991026801367601
Broadband_Data_2026.03.25_19.46.00.bin,2026-03-25T19:46:00,we,30,109,109.0,3.6333333333333333,0.9978140592575073,0.06608480326831341
Broadband_Data_2026.03.25_19.47.00.bin,2026-03-25T19:47:00,ns,30,117,117.0,3.9,0.9991422891616821,0.07619536059598128
Broadband_Data_2026.03.25_19.47.00.bin,2026-03-25T19:47:00,we,30,94,94.0,3.1333333333333333,0.9976274371147156,0.06439779922366143
Broadband_Data_2026.03.25_19.48.00.bin,2026-03-25T19:48:00,ns,30,156,156.0,5.2,0.998737633228302,0.0809431013961633
Broadband_Data_2026.03.25_19.48.00.bin,2026-03-25T19:48:00,we,30,123,123.0,4.1,0.9975643157958984,0.07121327842275302
Broadband_Data_2026.03.25_19.49.00.bin,2026-03-25T19:49:00,ns,30,106,106.0,3.533333333333333,0.9990548491477966,0.07271650570134322
Broadband_Data_2026.03.25_19.49.00.bin,2026-03-25T19:49:00,we,30,76,76.0,2.533333333333333,0.997302770614624,0.06317938156425953
Broadband_Data_2026.03.25_19.50.00.bin,2026-03-25T19:50:00,ns,30,111,111.0,3.7,0.9990180730819702,0.07622675312062105
Broadband_Data_2026.03.25_19.50.00.bin,2026-03-25T19:50:00,we,30,99,99.0,3.3,0.998485267162323,0.0663704181710879
Broadband_Data_2026.03.25_19.51.00.bin,2026-03-25T19:51:00,ns,30,76,76.0,2.533333333333333,0.998753547668457,0.06250601448118687
Broadband_Data_2026.03.25_19.51.00.bin,2026-03-25T19:51:00,we,30,67,67.0,2.2333333333333334,0.9975559711456299,0.056931103890140854
Broadband_Data_2026.03.25_19.52.00.bin,2026-03-25T19:52:00,ns,30,98,98.0,3.2666666666666666,0.998172402381897,0.06560161523520947
Broadband_Data_2026.03.25_19.52.00.bin,2026-03-25T19:52:00,we,30,93,93.0,3.1,0.9981698989868164,0.061256227145592375
Broadband_Data_2026.03.25_19.53.00.bin,2026-03-25T19:53:00,ns,30,83,83.0,2.7666666666666666,0.9992303848266602,0.056600157419840494
Broadband_Data_2026.03.25_19.53.00.bin,2026-03-25T19:53:00,we,30,72,72.0,2.4,0.9983129501342773,0.05254778092106183
Broadband_Data_2026.03.25_19.54.00.bin,2026-03-25T19:54:00,ns,30,84,84.0,2.8,0.9986205101013184,0.061393403758605324
Broadband_Data_2026.03.25_19.54.00.bin,2026-03-25T19:54:00,we,30,66,66.0,2.2,0.9981974959373474,0.05527592115104198
Broadband_Data_2026.03.25_19.55.00.bin,2026-03-25T19:55:00,ns,30,106,106.0,3.533333333333333,0.9982776641845703,0.06458512184520562
Broadband_Data_2026.03.25_19.55.00.bin,2026-03-25T19:55:00,we,30,94,94.0,3.1333333333333333,0.9982030391693115,0.060648595665891966
Broadband_Data_2026.03.25_19.56.00.bin,2026-03-25T19:56:00,ns,30,137,137.0,4.566666666666666,0.9981817007064819,0.08309183443586031
Broadband_Data_2026.03.25_19.56.00.bin,2026-03-25T19:56:00,we,30,173,173.0,5.766666666666667,0.9982064962387085,0.08597400983174643
Broadband_Data_2026.03.25_19.57.00.bin,2026-03-25T19:57:00,ns,30,306,306.0,10.2,0.999049723148346,0.1056155358751615
Broadband_Data_2026.03.25_19.57.00.bin,2026-03-25T19:57:00,we,30,425,425.0,14.166666666666666,0.9982313513755798,0.12409495860338211
Broadband_Data_2026.03.25_19.58.00.bin,2026-03-25T19:58:00,ns,30,154,154.0,5.133333333333334,0.9949219822883606,0.08012979390720526
Broadband_Data_2026.03.25_19.58.00.bin,2026-03-25T19:58:00,we,30,213,213.0,7.1,0.9982445240020752,0.09157874236504236
Broadband_Data_2026.03.25_19.59.00.bin,2026-03-25T19:59:00,ns,30,107,107.0,3.566666666666667,0.9989266991615295,0.06722385138273239
Broadband_Data_2026.03.25_19.59.00.bin,2026-03-25T19:59:00,we,30,112,112.0,3.7333333333333334,0.9989936947822571,0.07373540277282396
Broadband_Data_2026.03.25_20.00.00.bin,2026-03-25T20:00:00,ns,30,85,85.0,2.8333333333333335,0.9991638660430908,0.06349447071552276
Broadband_Data_2026.03.25_20.00.00.bin,2026-03-25T20:00:00,we,30,110,110.0,3.6666666666666665,0.9980130195617676,0.0698756126066049
Broadband_Data_2026.03.25_20.01.00.bin,2026-03-25T20:01:00,ns,30,69,69.0,2.3,0.9972339272499084,0.05966017258663972
Broadband_Data_2026.03.25_20.01.00.bin,2026-03-25T20:01:00,we,30,64,64.0,2.1333333333333333,0.9980600476264954,0.054779482260346415
Broadband_Data_2026.03.25_20.02.00.bin,2026-03-25T20:02:00,ns,30,150,150.0,5.0,0.9992924928665161,0.0743002520253261
Broadband_Data_2026.03.25_20.02.00.bin,2026-03-25T20:02:00,we,30,211,211.0,7.033333333333333,0.9985495209693909,0.08271143101155758
Broadband_Data_2026.03.25_20.03.00.bin,2026-03-25T20:03:00,ns,30,267,267.0,8.9,0.9983177185058594,0.09896618773539861
Broadband_Data_2026.03.25_20.03.00.bin,2026-03-25T20:03:00,we,30,362,362.0,12.066666666666666,0.9980533123016357,0.11988642141222954
Broadband_Data_2026.03.25_20.04.00.bin,2026-03-25T20:04:00,ns,30,299,299.0,9.966666666666667,0.9973925352096558,0.10936378464102745
Broadband_Data_2026.03.25_20.04.00.bin,2026-03-25T20:04:00,we,30,503,503.0,16.766666666666666,0.9980207681655884,0.14171899755795797
Broadband_Data_2026.03.25_20.05.00.bin,2026-03-25T20:05:00,ns,30,244,244.0,8.133333333333333,0.9964228272438049,0.09997662603855133
Broadband_Data_2026.03.25_20.05.00.bin,2026-03-25T20:05:00,we,30,341,341.0,11.366666666666667,0.9981198906898499,0.1186970517039299
Broadband_Data_2026.03.25_20.06.00.bin,2026-03-25T20:06:00,ns,30,220,220.0,7.333333333333333,0.9982315897941589,0.09140525634090106
Broadband_Data_2026.03.25_20.06.00.bin,2026-03-25T20:06:00,we,30,303,303.0,10.1,0.9980613589286804,0.1093260481953621
Broadband_Data_2026.03.25_20.07.00.bin,2026-03-25T20:07:00,ns,30,77,77.0,2.566666666666667,0.9980608820915222,0.06272469361623129
Broadband_Data_2026.03.25_20.07.00.bin,2026-03-25T20:07:00,we,30,109,109.0,3.6333333333333333,0.9982017278671265,0.06969175847868124
Broadband_Data_2026.03.25_20.08.00.bin,2026-03-25T20:08:00,ns,30,92,92.0,3.066666666666667,0.9979658126831055,0.06579794523616632
Broadband_Data_2026.03.25_20.08.00.bin,2026-03-25T20:08:00,we,30,120,120.0,4.0,0.998238205909729,0.0709613579014937
Broadband_Data_2026.03.25_20.09.00.bin,2026-03-25T20:09:00,ns,30,96,96.0,3.2,0.9976550340652466,0.06740823363264402
Broadband_Data_2026.03.25_20.09.00.bin,2026-03-25T20:09:00,we,30,116,116.0,3.8666666666666667,0.9982372522354126,0.07365530828634897
Broadband_Data_2026.03.25_20.10.00.bin,2026-03-25T20:10:00,ns,30,74,74.0,2.466666666666667,0.9992382526397705,0.05972416525085767
Broadband_Data_2026.03.25_20.10.00.bin,2026-03-25T20:10:00,we,30,82,82.0,2.7333333333333334,0.9984269142150879,0.0577450526257356
Broadband_Data_2026.03.25_20.11.00.bin,2026-03-25T20:11:00,ns,30,148,148.0,4.933333333333334,0.9989653825759888,0.07898917769392332
Broadband_Data_2026.03.25_20.11.00.bin,2026-03-25T20:11:00,we,30,173,173.0,5.766666666666667,0.9981853365898132,0.08201191052794457
